sample,name_en,drug,gatkscore,depth,readsratio,gene,diplotype,cHGVS,pHGVS,zyg,guide,effect,advice,suggest,ref_guide,drugid,rsID,location	source_file
"E-B24216001450,allopurinol,别嘌醇,1641.06,""0,52"",1.0,ABCG2,rs2231142 reference (G)/rs2231142 variant (T),c.421C>A,p.Gln141Lys,Het,,功能降低,常规用药,常规用药,DPWG,,rs2231142,chr7:99672916:T>C"	E-B24216001450.drug.tsv
"E-B24216001450,rosuvastatin,瑞舒伐他汀,1641.06,""0,52"",1.0,ABCG2,rs2231142 reference (G)/rs2231142 variant (T),c.421C>A,p.Gln141Lys,Het,""剂量指导, 不良反应预测"",功能降低,降低剂量,处方瑞舒伐他汀的期望起始剂量并根据指南调整，需注意日剂量超过20毫克时肌病风险可能增加。,CPIC,,rs2231142,chr7:99672916:T>C"	E-B24216001450.drug.tsv
E-B24216001450,desflurane,地氟烷,.,.,.,CACNA1S,Reference/Reference,.,.,Hom,预测毒副作用,易感性不确定,换药或遵医嘱用药,临床发现、家族史、进一步的基因检测和其他实验室数据应指导卤代挥发性麻醉剂或去极化肌松药的使用。,CPIC,,.,.	E-B24216001450.drug.tsv
E-B24216001450,enflurane,恩氟烷,.,.,.,CACNA1S,Reference/Reference,.,.,Hom,预测毒副作用,易感性不确定,换药或遵医嘱用药,临床发现、家族史、进一步的基因检测和其他实验室数据应指导卤代挥发性麻醉剂或去极化肌松药的使用。,CPIC,,.,.	E-B24216001450.drug.tsv
E-B24216001450,halothane,氟烷,.,.,.,CACNA1S,Reference/Reference,.,.,Hom,预测毒副作用,易感性不确定,换药或遵医嘱用药,临床发现、家族史、进一步的基因检测和其他实验室数据应指导卤代挥发性麻醉剂或去极化肌松药的使用。,CPIC,,.,.	E-B24216001450.drug.tsv
E-B24216001450,isoflurane,异氟烷,.,.,.,CACNA1S,Reference/Reference,.,.,Hom,预测毒副作用,易感性不确定,换药或遵医嘱用药,临床发现、家族史、进一步的基因检测和其他实验室数据应指导卤代挥发性麻醉剂或去极化肌松药的使用。,CPIC,,.,.	E-B24216001450.drug.tsv
E-B24216001450,methoxyflurane,甲氧氟烷,.,.,.,CACNA1S,Reference/Reference,.,.,Hom,预测毒副作用,易感性不确定,换药或遵医嘱用药,临床发现、家族史、进一步的基因检测和其他实验室数据应指导卤代挥发性麻醉剂或去极化肌松药的使用。,CPIC,,.,.	E-B24216001450.drug.tsv
E-B24216001450,sevoflurane,七氟烷,.,.,.,CACNA1S,Reference/Reference,.,.,Hom,预测毒副作用,易感性不确定,换药或遵医嘱用药,临床发现、家族史、进一步的基因检测和其他实验室数据应指导卤代挥发性麻醉剂或去极化肌松药的使用。,CPIC,,.,.	E-B24216001450.drug.tsv
E-B24216001450,succinylcholine,琥珀胆碱,.,.,.,CACNA1S,Reference/Reference,.,.,Hom,预测毒副作用,易感性不确定,换药或遵医嘱用药,临床发现、家族史、进一步的基因检测和其他实验室数据应指导卤代挥发性麻醉剂或去极化肌松药的使用。,CPIC,,.,.	E-B24216001450.drug.tsv
E-B24216001450,ivacaftor,依伐卡托,.,.,.,CFTR,Reference/Reference,.,.,Hom,预测疗效,CF患者中对伊伐卡托无反应,换药,不推荐使用伊伐卡托。,CPIC,,.,.	E-B24216001450.drug.tsv
"E-B24216001450,abrocitinib,阿布昔替尼,766.64,""24,26"",0.52,CYP2C19,*1/*38,c.991A>G,p.Ile331Val,Het,,正常代谢型,常规用药,常规用药,FDA Label,,rs3758581,chr10:94981296:A>C"	E-B24216001450.drug.tsv
"E-B24216001450,amitriptyline,阿米替林,766.64,""24,26"",0.52,CYP2C19,*1/*38,c.991A>G,p.Ile331Val,Het,剂量指导,正常代谢型,常规用药,以推荐的起始剂量开始治疗。,CPIC,,rs3758581,chr10:94981296:A>C"	E-B24216001450.drug.tsv
"E-B24216001450,belzutifan,贝组替凡,766.64,""24,26"",0.52,CYP2C19,*1/*38,c.991A>G,p.Ile331Val,Het,,正常代谢型,常规用药,常规用药,FDA Label,,rs3758581,chr10:94981296:A>C"	E-B24216001450.drug.tsv
"E-B24216001450,brivaracetam,布瓦西坦,766.64,""24,26"",0.52,CYP2C19,*1/*38,c.991A>G,p.Ile331Val,Het,,正常代谢型,常规用药,常规用药,FDA Label,,rs3758581,chr10:94981296:A>C"	E-B24216001450.drug.tsv
"E-B24216001450,carisoprodol,卡立普多,766.64,""24,26"",0.52,CYP2C19,*1/*38,c.991A>G,p.Ile331Val,Het,,正常代谢型,常规用药,常规用药,FDA Label,,rs3758581,chr10:94981296:A>C"	E-B24216001450.drug.tsv
"E-B24216001450,citalopram,西酞普兰,766.64,""24,26"",0.52,CYP2C19,*1/*38,c.991A>G,p.Ile331Val,Het,剂量指导,.,常规用药,以推荐的起始剂量开始治疗。,CPIC,,rs3758581,chr10:94981296:A>C"	E-B24216001450.drug.tsv
"E-B24216001450,clobazam,氯巴占,766.64,""24,26"",0.52,CYP2C19,*1/*38,c.991A>G,p.Ile331Val,Het,,正常代谢型,常规用药,常规用药,FDA Label,,rs3758581,chr10:94981296:A>C"	E-B24216001450.drug.tsv
"E-B24216001450,clomipramine,氯米帕明,766.64,""24,26"",0.52,CYP2C19,*1/*38,c.991A>G,p.Ile331Val,Het,剂量指导,.,常规用药,以推荐的起始剂量开始治疗。,CPIC,,rs3758581,chr10:94981296:A>C"	E-B24216001450.drug.tsv
"E-B24216001450,clopidogrel,氯吡格雷,766.64,""24,26"",0.52,CYP2C19,*1/*38,c.991A>G,p.Ile331Val,Het,""剂量指导, 预测疗效"",.,常规用药,若考虑使用氯吡格雷，应采用75毫克/天的标准剂量。,CPIC,,rs3758581,chr10:94981296:A>C"	E-B24216001450.drug.tsv
"E-B24216001450,dexlansoprazole,右兰索拉唑,766.64,""24,26"",0.52,CYP2C19,*1/*38,c.991A>G,p.Ile331Val,Het,剂量指导,正常代谢型,常规用药或增加剂量,以标准剂量开始治疗，但对于幽门螺杆菌感染和糜烂性食管炎，可考虑将剂量增加50-100%。,CPIC,,rs3758581,chr10:94981296:A>C"	E-B24216001450.drug.tsv
"E-B24216001450,diazepam,地西泮,766.64,""24,26"",0.52,CYP2C19,*1/*38,c.991A>G,p.Ile331Val,Het,,正常代谢型,常规用药,常规用药,FDA PGx,,rs3758581,chr10:94981296:A>C"	E-B24216001450.drug.tsv
"E-B24216001450,doxepin,多塞平,766.64,""24,26"",0.52,CYP2C19,*1/*38,c.991A>G,p.Ile331Val,Het,剂量指导,正常代谢型,常规用药,以推荐的起始剂量开始治疗。,CPIC,,rs3758581,chr10:94981296:A>C"	E-B24216001450.drug.tsv
"E-B24216001450,escitalopram,艾司西酞普兰,766.64,""24,26"",0.52,CYP2C19,*1/*38,c.991A>G,p.Ile331Val,Het,剂量指导,.,常规用药,以推荐的起始剂量开始治疗。,CPIC,,rs3758581,chr10:94981296:A>C"	E-B24216001450.drug.tsv
"E-B24216001450,esomeprazole,艾司奥美拉唑,766.64,""24,26"",0.52,CYP2C19,*1/*38,c.991A>G,p.Ile331Val,Het,,正常代谢型,常规用药,常规用药,FDA PGx,,rs3758581,chr10:94981296:A>C"	E-B24216001450.drug.tsv
"E-B24216001450,flibanserin,氟班色林,766.64,""24,26"",0.52,CYP2C19,*1/*38,c.991A>G,p.Ile331Val,Het,,正常代谢型,常规用药,常规用药,FDA Label,,rs3758581,chr10:94981296:A>C"	E-B24216001450.drug.tsv
"E-B24216001450,imipramine,丙米嗪,766.64,""24,26"",0.52,CYP2C19,*1/*38,c.991A>G,p.Ile331Val,Het,剂量指导,.,常规用药,以推荐的起始剂量开始治疗。,CPIC,,rs3758581,chr10:94981296:A>C"	E-B24216001450.drug.tsv
"E-B24216001450,lansoprazole,兰索拉唑,766.64,""24,26"",0.52,CYP2C19,*1/*38,c.991A>G,p.Ile331Val,Het,剂量指导,.,常规用药或增加剂量,以标准剂量开始治疗，但对于幽门螺杆菌感染和糜烂性食管炎，可考虑将剂量增加50-100%。,CPIC,,rs3758581,chr10:94981296:A>C"	E-B24216001450.drug.tsv
"E-B24216001450,omeprazole,奥美拉唑,766.64,""24,26"",0.52,CYP2C19,*1/*38,c.991A>G,p.Ile331Val,Het,剂量指导,.,常规用药或增加剂量,以标准剂量开始治疗，但对于幽门螺杆菌感染和糜烂性食管炎，可考虑将剂量增加50-100%。,CPIC,,rs3758581,chr10:94981296:A>C"	E-B24216001450.drug.tsv
"E-B24216001450,pantoprazole,泮托拉唑,766.64,""24,26"",0.52,CYP2C19,*1/*38,c.991A>G,p.Ile331Val,Het,剂量指导,.,常规用药或增加剂量,以标准剂量开始治疗，但对于幽门螺杆菌感染和糜烂性食管炎，可考虑将剂量增加50-100%。,CPIC,,rs3758581,chr10:94981296:A>C"	E-B24216001450.drug.tsv
"E-B24216001450,rabeprazole,雷贝拉唑,766.64,""24,26"",0.52,CYP2C19,*1/*38,c.991A>G,p.Ile331Val,Het,,正常代谢型,常规用药,常规用药,FDA PGx,,rs3758581,chr10:94981296:A>C"	E-B24216001450.drug.tsv
"E-B24216001450,sertraline,舍曲林,766.64,""24,26"",0.52,CYP2C19,*1/*38,c.991A>G,p.Ile331Val,Het,剂量指导,.,降低剂量,建议以推荐剂量开始治疗，并考虑减慢剂量滴定速度和降低维持剂量。,CPIC,,rs3758581,chr10:94981296:A>C"	E-B24216001450.drug.tsv
"E-B24216001450,trimipramine,曲米帕明,766.64,""24,26"",0.52,CYP2C19,*1/*38,c.991A>G,p.Ile331Val,Het,剂量指导,正常代谢型,常规用药,以推荐的起始剂量开始治疗。,CPIC,,rs3758581,chr10:94981296:A>C"	E-B24216001450.drug.tsv
"E-B24216001450,voriconazole,伏立康唑,766.64,""24,26"",0.52,CYP2C19,*1/*38,c.991A>G,p.Ile331Val,Het,剂量指导,.,常规用药,以推荐的标准治疗剂量开始治疗。,CPIC,,rs3758581,chr10:94981296:A>C"	E-B24216001450.drug.tsv
"E-B24216001450,avatrombopag,阿伐曲泊帕,1027.64,""36,39"",0.52,CYP2C9,*1/*3,c.1075A>C,p.Ile359Leu,Het,预测毒副作用,中间代谢型,换药,此基因型导致药物的系统浓度升高。,FDA PGx,,rs1057910,chr12:21176804:A>G"	E-B24216001450.drug.tsv
"E-B24216001450,celecoxib,塞来昔布,1027.64,""36,39"",0.52,CYP2C9,*1/*3,c.1075A>C,p.Ile359Leu,Het,""剂量指导, 不良反应预测"",中间代谢型,降低剂量,建议从最低推荐剂量开始治疗，并谨慎调整剂量，同时密切监测不良反应。,CPIC,,rs1057910,chr12:21176804:A>G"	E-B24216001450.drug.tsv
"E-B24216001450,erdafitinib,厄达替尼,1027.64,""36,39"",0.52,CYP2C9,*1/*3,c.1075A>C,p.Ile359Leu,Het,,中间代谢型,常规用药,常规用药,FDA Label,,rs1057910,chr12:21176804:A>G"	E-B24216001450.drug.tsv
"E-B24216001450,flurbiprofen,氟比洛芬,1027.64,""36,39"",0.52,CYP2C9,*1/*3,c.1075A>C,p.Ile359Leu,Het,""剂量指导, 不良反应预测"",中间代谢型,降低剂量,建议从最低推荐剂量开始治疗，并谨慎调整剂量，同时密切监测不良反应。,CPIC,,rs1057910,chr12:21176804:A>G"	E-B24216001450.drug.tsv
"E-B24216001450,fluvastatin,氟伐他汀,1027.64,""36,39"",0.52,CYP2C9,*1/*3,c.1075A>C,p.Ile359Leu,Het,剂量指导,中间代谢型,降低剂量或换药,氟伐他汀的起始剂量不应超过20毫克/天；如需更高剂量，应考虑换用其他他汀类药物或联合治疗。,CPIC,,rs1057910,chr12:21176804:A>G"	E-B24216001450.drug.tsv
"E-B24216001450,fosphenytoin,磷苯妥英,1027.64,""36,39"",0.52,CYP2C9,*1/*3,c.1075A>C,p.Ile359Leu,Het,""剂量指导, 不良反应预测"",中间代谢型,降低剂量,建议首次使用常规初始剂量，后续维持剂量减少约25%，并结合治疗药物监测进行调整。,CPIC,,rs1057910,chr12:21176804:A>G"	E-B24216001450.drug.tsv
"E-B24216001450,ibuprofen,布洛芬,1027.64,""36,39"",0.52,CYP2C9,*1/*3,c.1075A>C,p.Ile359Leu,Het,""剂量指导, 不良反应预测"",中间代谢型,降低剂量,建议从最低推荐剂量开始治疗，并谨慎调整剂量，同时密切监测不良反应。,CPIC,,rs1057910,chr12:21176804:A>G"	E-B24216001450.drug.tsv
"E-B24216001450,lornoxicam,氯诺昔康,1027.64,""36,39"",0.52,CYP2C9,*1/*3,c.1075A>C,p.Ile359Leu,Het,""剂量指导, 不良反应预测"",中间代谢型,降低剂量,建议从最低推荐剂量开始治疗，并谨慎调整剂量，同时密切监测不良反应。,CPIC,,rs1057910,chr12:21176804:A>G"	E-B24216001450.drug.tsv
"E-B24216001450,meloxicam,美洛昔康,1027.64,""36,39"",0.52,CYP2C9,*1/*3,c.1075A>C,p.Ile359Leu,Het,剂量指导,中间代谢型,降低剂量或换药,以最低推荐起始剂量的50%开始使用美洛昔康并谨慎加量，或考虑换用非CYP2C9代谢的替代性NSAID。,CPIC,,rs1057910,chr12:21176804:A>G"	E-B24216001450.drug.tsv
"E-B24216001450,nateglinide,那格列奈,1027.64,""36,39"",0.52,CYP2C9,*1/*3,c.1075A>C,p.Ile359Leu,Het,,中间代谢型,常规用药,常规用药,FDA PGx,,rs1057910,chr12:21176804:A>G"	E-B24216001450.drug.tsv
"E-B24216001450,phenytoin,苯妥英,1027.64,""36,39"",0.52,CYP2C9,*1/*3,c.1075A>C,p.Ile359Leu,Het,""剂量指导, 不良反应预测"",中间代谢型,降低剂量,建议首次使用常规初始剂量，后续维持剂量减少约25%，并结合治疗药物监测进行调整。,CPIC,,rs1057910,chr12:21176804:A>G"	E-B24216001450.drug.tsv
"E-B24216001450,piroxicam,吡罗昔康,1027.64,""36,39"",0.52,CYP2C9,*1/*3,c.1075A>C,p.Ile359Leu,Het,剂量指导,中间代谢型,换药,建议选择不受CYP2C9基因变异影响的替代疗法或半衰期较短的非甾体抗炎药。,CPIC,,rs1057910,chr12:21176804:A>G"	E-B24216001450.drug.tsv
"E-B24216001450,siponimod,西尼莫德,1027.64,""36,39"",0.52,CYP2C9,*1/*3,c.1075A>C,p.Ile359Leu,Het,剂量指导,中间代谢型,降低剂量,使用正常维持剂量的50%，若患者同时使用中度CYP3A4诱导剂，则需重新评估西尼莫德的选用。,DPWG,,rs1057910,chr12:21176804:A>G"	E-B24216001450.drug.tsv
"E-B24216001450,tenoxicam,替诺昔康,1027.64,""36,39"",0.52,CYP2C9,*1/*3,c.1075A>C,p.Ile359Leu,Het,剂量指导,中间代谢型,换药,建议选择不受CYP2C9基因变异影响的替代疗法或半衰期较短的非甾体抗炎药。,CPIC,,rs1057910,chr12:21176804:A>G"	E-B24216001450.drug.tsv
"E-B24216001450,warfarin,华法林,1027.64,""36,39"",0.52,CYP2C9,*1/*3,c.1075A>C,p.Ile359Leu,Het,,中间代谢型,常规用药,常规用药,CPIC,,rs1057910,chr12:21176804:A>G"	E-B24216001450.drug.tsv
"E-B24216001450,amitriptyline,阿米替林,""545.64,486.64"",""18,21;27,18"",0.54;0.4,CYP2D6,Unknown/Unknown,""c.1304G>C,c.408G>C"",""p.Ser435Thr,p.Val136Val"",Hom,剂量指导,.,常规用药,以推荐的起始剂量开始治疗。,CPIC,,""rs1135840,rs1058164"",""chr22:42130692:G>A,chr22:42129130:C>G"""	E-B24216001450.drug.tsv
"E-B24216001450,amoxapine,阿莫沙平,""545.64,486.64"",""18,21;27,18"",0.54;0.4,CYP2D6,Unknown/Unknown,""c.1304G>C,c.408G>C"",""p.Ser435Thr,p.Val136Val"",Hom,,.,常规用药,常规用药,FDA PGx,,""rs1135840,rs1058164"",""chr22:42130692:G>A,chr22:42129130:C>G"""	E-B24216001450.drug.tsv
"E-B24216001450,aripiprazole,阿立哌唑,""545.64,486.64"",""18,21;27,18"",0.54;0.4,CYP2D6,Unknown/Unknown,""c.1304G>C,c.408G>C"",""p.Ser435Thr,p.Val136Val"",Hom,,.,常规用药,常规用药,DPWG,,""rs1135840,rs1058164"",""chr22:42130692:G>A,chr22:42129130:C>G"""	E-B24216001450.drug.tsv
"E-B24216001450,aripiprazole lauroxil,阿立哌唑月桂酰氧基甲酯,""545.64,486.64"",""18,21;27,18"",0.54;0.4,CYP2D6,Unknown/Unknown,""c.1304G>C,c.408G>C"",""p.Ser435Thr,p.Val136Val"",Hom,,.,常规用药,常规用药,FDA Label,,""rs1135840,rs1058164"",""chr22:42130692:G>A,chr22:42129130:C>G"""	E-B24216001450.drug.tsv
"E-B24216001450,atomoxetine,托莫西汀,""545.64,486.64"",""18,21;27,18"",0.54;0.4,CYP2D6,Unknown/Unknown,""c.1304G>C,c.408G>C"",""p.Ser435Thr,p.Val136Val"",Hom,,.,常规用药,常规用药,CPIC,,""rs1135840,rs1058164"",""chr22:42130692:G>A,chr22:42129130:C>G"""	E-B24216001450.drug.tsv
"E-B24216001450,brexpiprazole,布瑞哌唑,""545.64,486.64"",""18,21;27,18"",0.54;0.4,CYP2D6,Unknown/Unknown,""c.1304G>C,c.408G>C"",""p.Ser435Thr,p.Val136Val"",Hom,,.,常规用药,常规用药,DPWG,,""rs1135840,rs1058164"",""chr22:42130692:G>A,chr22:42129130:C>G"""	E-B24216001450.drug.tsv
"E-B24216001450,carvedilol,卡维地洛,""545.64,486.64"",""18,21;27,18"",0.54;0.4,CYP2D6,Unknown/Unknown,""c.1304G>C,c.408G>C"",""p.Ser435Thr,p.Val136Val"",Hom,,.,常规用药,常规用药,FDA PGx,,""rs1135840,rs1058164"",""chr22:42130692:G>A,chr22:42129130:C>G"""	E-B24216001450.drug.tsv
"E-B24216001450,cevimeline,西维美林,""545.64,486.64"",""18,21;27,18"",0.54;0.4,CYP2D6,Unknown/Unknown,""c.1304G>C,c.408G>C"",""p.Ser435Thr,p.Val136Val"",Hom,,.,常规用药,常规用药,FDA Label,,""rs1135840,rs1058164"",""chr22:42130692:G>A,chr22:42129130:C>G"""	E-B24216001450.drug.tsv
"E-B24216001450,clomipramine,氯米帕明,""545.64,486.64"",""18,21;27,18"",0.54;0.4,CYP2D6,Unknown/Unknown,""c.1304G>C,c.408G>C"",""p.Ser435Thr,p.Val136Val"",Hom,剂量指导,.,常规用药,以推荐的起始剂量开始治疗。,CPIC,,""rs1135840,rs1058164"",""chr22:42130692:G>A,chr22:42129130:C>G"""	E-B24216001450.drug.tsv
"E-B24216001450,clozapine,氯氮平,""545.64,486.64"",""18,21;27,18"",0.54;0.4,CYP2D6,Unknown/Unknown,""c.1304G>C,c.408G>C"",""p.Ser435Thr,p.Val136Val"",Hom,,.,常规用药,常规用药,FDA Label,,""rs1135840,rs1058164"",""chr22:42130692:G>A,chr22:42129130:C>G"""	E-B24216001450.drug.tsv
"E-B24216001450,codeine,可待因,""545.64,486.64"",""18,21;27,18"",0.54;0.4,CYP2D6,Unknown/Unknown,""c.1304G>C,c.408G>C"",""p.Ser435Thr,p.Val136Val"",Hom,,.,常规用药,常规用药,CPIC,,""rs1135840,rs1058164"",""chr22:42130692:G>A,chr22:42129130:C>G"""	E-B24216001450.drug.tsv
"E-B24216001450,darifenacin,达非那新,""545.64,486.64"",""18,21;27,18"",0.54;0.4,CYP2D6,Unknown/Unknown,""c.1304G>C,c.408G>C"",""p.Ser435Thr,p.Val136Val"",Hom,,.,常规用药,常规用药,FDA PGx,,""rs1135840,rs1058164"",""chr22:42130692:G>A,chr22:42129130:C>G"""	E-B24216001450.drug.tsv
"E-B24216001450,desipramine,地昔帕明,""545.64,486.64"",""18,21;27,18"",0.54;0.4,CYP2D6,Unknown/Unknown,""c.1304G>C,c.408G>C"",""p.Ser435Thr,p.Val136Val"",Hom,,.,常规用药,常规用药,CPIC,,""rs1135840,rs1058164"",""chr22:42130692:G>A,chr22:42129130:C>G"""	E-B24216001450.drug.tsv
"E-B24216001450,deutetrabenazine,氘丁苯那嗪,""545.64,486.64"",""18,21;27,18"",0.54;0.4,CYP2D6,Unknown/Unknown,""c.1304G>C,c.408G>C"",""p.Ser435Thr,p.Val136Val"",Hom,,.,常规用药,常规用药,FDA Label,,""rs1135840,rs1058164"",""chr22:42130692:G>A,chr22:42129130:C>G"""	E-B24216001450.drug.tsv
"E-B24216001450,donepezil,多奈哌齐,""545.64,486.64"",""18,21;27,18"",0.54;0.4,CYP2D6,Unknown/Unknown,""c.1304G>C,c.408G>C"",""p.Ser435Thr,p.Val136Val"",Hom,,.,常规用药,常规用药,FDA PGx,,""rs1135840,rs1058164"",""chr22:42130692:G>A,chr22:42129130:C>G"""	E-B24216001450.drug.tsv
"E-B24216001450,doxepin,多塞平,""545.64,486.64"",""18,21;27,18"",0.54;0.4,CYP2D6,Unknown/Unknown,""c.1304G>C,c.408G>C"",""p.Ser435Thr,p.Val136Val"",Hom,剂量指导,.,常规用药,以推荐的起始剂量开始治疗。,CPIC,,""rs1135840,rs1058164"",""chr22:42130692:G>A,chr22:42129130:C>G"""	E-B24216001450.drug.tsv
"E-B24216001450,eliglustat,依利格鲁司,""545.64,486.64"",""18,21;27,18"",0.54;0.4,CYP2D6,Unknown/Unknown,""c.1304G>C,c.408G>C"",""p.Ser435Thr,p.Val136Val"",Hom,,.,常规用药,常规用药,DPWG,,""rs1135840,rs1058164"",""chr22:42130692:G>A,chr22:42129130:C>G"""	E-B24216001450.drug.tsv
"E-B24216001450,fesoterodine,非索罗定,""545.64,486.64"",""18,21;27,18"",0.54;0.4,CYP2D6,Unknown/Unknown,""c.1304G>C,c.408G>C"",""p.Ser435Thr,p.Val136Val"",Hom,,.,常规用药,常规用药,FDA PGx,,""rs1135840,rs1058164"",""chr22:42130692:G>A,chr22:42129130:C>G"""	E-B24216001450.drug.tsv
"E-B24216001450,flecainide,氟卡尼,""545.64,486.64"",""18,21;27,18"",0.54;0.4,CYP2D6,Unknown/Unknown,""c.1304G>C,c.408G>C"",""p.Ser435Thr,p.Val136Val"",Hom,,.,常规用药,常规用药,DPWG,,""rs1135840,rs1058164"",""chr22:42130692:G>A,chr22:42129130:C>G"""	E-B24216001450.drug.tsv
"E-B24216001450,fluoxetine,氟西汀,""545.64,486.64"",""18,21;27,18"",0.54;0.4,CYP2D6,Unknown/Unknown,""c.1304G>C,c.408G>C"",""p.Ser435Thr,p.Val136Val"",Hom,,.,常规用药,常规用药,FDA Label,,""rs1135840,rs1058164"",""chr22:42130692:G>A,chr22:42129130:C>G"""	E-B24216001450.drug.tsv
"E-B24216001450,fluvoxamine,氟伏沙明,""545.64,486.64"",""18,21;27,18"",0.54;0.4,CYP2D6,Unknown/Unknown,""c.1304G>C,c.408G>C"",""p.Ser435Thr,p.Val136Val"",Hom,,.,常规用药,常规用药,CPIC,,""rs1135840,rs1058164"",""chr22:42130692:G>A,chr22:42129130:C>G"""	E-B24216001450.drug.tsv
"E-B24216001450,galantamine,加兰他敏,""545.64,486.64"",""18,21;27,18"",0.54;0.4,CYP2D6,Unknown/Unknown,""c.1304G>C,c.408G>C"",""p.Ser435Thr,p.Val136Val"",Hom,,.,常规用药,常规用药,FDA PGx,,""rs1135840,rs1058164"",""chr22:42130692:G>A,chr22:42129130:C>G"""	E-B24216001450.drug.tsv
"E-B24216001450,gefitinib,吉非替尼,""545.64,486.64"",""18,21;27,18"",0.54;0.4,CYP2D6,Unknown/Unknown,""c.1304G>C,c.408G>C"",""p.Ser435Thr,p.Val136Val"",Hom,,.,常规用药,常规用药,FDA Label,,""rs1135840,rs1058164"",""chr22:42130692:G>A,chr22:42129130:C>G"""	E-B24216001450.drug.tsv
"E-B24216001450,haloperidol,氟哌啶醇,""545.64,486.64"",""18,21;27,18"",0.54;0.4,CYP2D6,Unknown/Unknown,""c.1304G>C,c.408G>C"",""p.Ser435Thr,p.Val136Val"",Hom,,.,常规用药,常规用药,DPWG,,""rs1135840,rs1058164"",""chr22:42130692:G>A,chr22:42129130:C>G"""	E-B24216001450.drug.tsv
"E-B24216001450,iloperidone,伊潘立酮,""545.64,486.64"",""18,21;27,18"",0.54;0.4,CYP2D6,Unknown/Unknown,""c.1304G>C,c.408G>C"",""p.Ser435Thr,p.Val136Val"",Hom,,.,常规用药,常规用药,FDA Label,,""rs1135840,rs1058164"",""chr22:42130692:G>A,chr22:42129130:C>G"""	E-B24216001450.drug.tsv
"E-B24216001450,imipramine,丙米嗪,""545.64,486.64"",""18,21;27,18"",0.54;0.4,CYP2D6,Unknown/Unknown,""c.1304G>C,c.408G>C"",""p.Ser435Thr,p.Val136Val"",Hom,剂量指导,.,常规用药,以推荐的起始剂量开始治疗。,CPIC,,""rs1135840,rs1058164"",""chr22:42130692:G>A,chr22:42129130:C>G"""	E-B24216001450.drug.tsv
"E-B24216001450,lofexidine,洛非西定,""545.64,486.64"",""18,21;27,18"",0.54;0.4,CYP2D6,Unknown/Unknown,""c.1304G>C,c.408G>C"",""p.Ser435Thr,p.Val136Val"",Hom,,.,常规用药,常规用药,FDA Label,,""rs1135840,rs1058164"",""chr22:42130692:G>A,chr22:42129130:C>G"""	E-B24216001450.drug.tsv
"E-B24216001450,meclizine,美克洛嗪,""545.64,486.64"",""18,21;27,18"",0.54;0.4,CYP2D6,Unknown/Unknown,""c.1304G>C,c.408G>C"",""p.Ser435Thr,p.Val136Val"",Hom,,.,常规用药,常规用药,FDA Label,,""rs1135840,rs1058164"",""chr22:42130692:G>A,chr22:42129130:C>G"""	E-B24216001450.drug.tsv
"E-B24216001450,metoclopramide,甲氧氯普胺,""545.64,486.64"",""18,21;27,18"",0.54;0.4,CYP2D6,Unknown/Unknown,""c.1304G>C,c.408G>C"",""p.Ser435Thr,p.Val136Val"",Hom,,.,常规用药,常规用药,FDA Label,,""rs1135840,rs1058164"",""chr22:42130692:G>A,chr22:42129130:C>G"""	E-B24216001450.drug.tsv
"E-B24216001450,metoprolol,美托洛尔,""545.64,486.64"",""18,21;27,18"",0.54;0.4,CYP2D6,Unknown/Unknown,""c.1304G>C,c.408G>C"",""p.Ser435Thr,p.Val136Val"",Hom,,.,常规用药,常规用药,CPIC,,""rs1135840,rs1058164"",""chr22:42130692:G>A,chr22:42129130:C>G"""	E-B24216001450.drug.tsv
"E-B24216001450,mirabegron,米拉贝隆,""545.64,486.64"",""18,21;27,18"",0.54;0.4,CYP2D6,Unknown/Unknown,""c.1304G>C,c.408G>C"",""p.Ser435Thr,p.Val136Val"",Hom,,.,常规用药,常规用药,FDA PGx,,""rs1135840,rs1058164"",""chr22:42130692:G>A,chr22:42129130:C>G"""	E-B24216001450.drug.tsv
"E-B24216001450,nebivolol,奈必洛尔,""545.64,486.64"",""18,21;27,18"",0.54;0.4,CYP2D6,Unknown/Unknown,""c.1304G>C,c.408G>C"",""p.Ser435Thr,p.Val136Val"",Hom,,.,常规用药,常规用药,FDA PGx,,""rs1135840,rs1058164"",""chr22:42130692:G>A,chr22:42129130:C>G"""	E-B24216001450.drug.tsv
"E-B24216001450,nortriptyline,去甲替林,""545.64,486.64"",""18,21;27,18"",0.54;0.4,CYP2D6,Unknown/Unknown,""c.1304G>C,c.408G>C"",""p.Ser435Thr,p.Val136Val"",Hom,,.,常规用药,常规用药,CPIC,,""rs1135840,rs1058164"",""chr22:42130692:G>A,chr22:42129130:C>G"""	E-B24216001450.drug.tsv
"E-B24216001450,ondansetron,昂丹司琼,""545.64,486.64"",""18,21;27,18"",0.54;0.4,CYP2D6,Unknown/Unknown,""c.1304G>C,c.408G>C"",""p.Ser435Thr,p.Val136Val"",Hom,,.,常规用药,常规用药,CPIC,,""rs1135840,rs1058164"",""chr22:42130692:G>A,chr22:42129130:C>G"""	E-B24216001450.drug.tsv
"E-B24216001450,paroxetine,帕罗西汀,""545.64,486.64"",""18,21;27,18"",0.54;0.4,CYP2D6,Unknown/Unknown,""c.1304G>C,c.408G>C"",""p.Ser435Thr,p.Val136Val"",Hom,,.,常规用药,常规用药,CPIC,,""rs1135840,rs1058164"",""chr22:42130692:G>A,chr22:42129130:C>G"""	E-B24216001450.drug.tsv
"E-B24216001450,perphenazine,奋乃静,""545.64,486.64"",""18,21;27,18"",0.54;0.4,CYP2D6,Unknown/Unknown,""c.1304G>C,c.408G>C"",""p.Ser435Thr,p.Val136Val"",Hom,,.,常规用药,常规用药,FDA PGx,,""rs1135840,rs1058164"",""chr22:42130692:G>A,chr22:42129130:C>G"""	E-B24216001450.drug.tsv
"E-B24216001450,pimozide,匹莫齐特,""545.64,486.64"",""18,21;27,18"",0.54;0.4,CYP2D6,Unknown/Unknown,""c.1304G>C,c.408G>C"",""p.Ser435Thr,p.Val136Val"",Hom,,.,常规用药,常规用药,DPWG,,""rs1135840,rs1058164"",""chr22:42130692:G>A,chr22:42129130:C>G"""	E-B24216001450.drug.tsv
"E-B24216001450,pitolisant,替洛利生,""545.64,486.64"",""18,21;27,18"",0.54;0.4,CYP2D6,Unknown/Unknown,""c.1304G>C,c.408G>C"",""p.Ser435Thr,p.Val136Val"",Hom,,.,常规用药,常规用药,FDA Label,,""rs1135840,rs1058164"",""chr22:42130692:G>A,chr22:42129130:C>G"""	E-B24216001450.drug.tsv
"E-B24216001450,propafenone,普罗帕酮,""545.64,486.64"",""18,21;27,18"",0.54;0.4,CYP2D6,Unknown/Unknown,""c.1304G>C,c.408G>C"",""p.Ser435Thr,p.Val136Val"",Hom,,.,常规用药,常规用药,DPWG,,""rs1135840,rs1058164"",""chr22:42130692:G>A,chr22:42129130:C>G"""	E-B24216001450.drug.tsv
"E-B24216001450,propranolol,普萘洛尔,""545.64,486.64"",""18,21;27,18"",0.54;0.4,CYP2D6,Unknown/Unknown,""c.1304G>C,c.408G>C"",""p.Ser435Thr,p.Val136Val"",Hom,,.,常规用药,常规用药,FDA PGx,,""rs1135840,rs1058164"",""chr22:42130692:G>A,chr22:42129130:C>G"""	E-B24216001450.drug.tsv
"E-B24216001450,protriptyline,普罗替林,""545.64,486.64"",""18,21;27,18"",0.54;0.4,CYP2D6,Unknown/Unknown,""c.1304G>C,c.408G>C"",""p.Ser435Thr,p.Val136Val"",Hom,,.,常规用药,常规用药,FDA PGx,,""rs1135840,rs1058164"",""chr22:42130692:G>A,chr22:42129130:C>G"""	E-B24216001450.drug.tsv
"E-B24216001450,risperidone,利培酮,""545.64,486.64"",""18,21;27,18"",0.54;0.4,CYP2D6,Unknown/Unknown,""c.1304G>C,c.408G>C"",""p.Ser435Thr,p.Val136Val"",Hom,,.,常规用药,常规用药,DPWG,,""rs1135840,rs1058164"",""chr22:42130692:G>A,chr22:42129130:C>G"""	E-B24216001450.drug.tsv
"E-B24216001450,tamoxifen,他莫昔芬,""545.64,486.64"",""18,21;27,18"",0.54;0.4,CYP2D6,Unknown/Unknown,""c.1304G>C,c.408G>C"",""p.Ser435Thr,p.Val136Val"",Hom,,.,常规用药,常规用药,CPIC,,""rs1135840,rs1058164"",""chr22:42130692:G>A,chr22:42129130:C>G"""	E-B24216001450.drug.tsv
"E-B24216001450,tamsulosin,坦索罗辛,""545.64,486.64"",""18,21;27,18"",0.54;0.4,CYP2D6,Unknown/Unknown,""c.1304G>C,c.408G>C"",""p.Ser435Thr,p.Val136Val"",Hom,,.,常规用药,常规用药,FDA Label,,""rs1135840,rs1058164"",""chr22:42130692:G>A,chr22:42129130:C>G"""	E-B24216001450.drug.tsv
"E-B24216001450,tetrabenazine,丁苯那嗪,""545.64,486.64"",""18,21;27,18"",0.54;0.4,CYP2D6,Unknown/Unknown,""c.1304G>C,c.408G>C"",""p.Ser435Thr,p.Val136Val"",Hom,,.,常规用药,常规用药,FDA Label,,""rs1135840,rs1058164"",""chr22:42130692:G>A,chr22:42129130:C>G"""	E-B24216001450.drug.tsv
"E-B24216001450,thioridazine,硫利达嗪,""545.64,486.64"",""18,21;27,18"",0.54;0.4,CYP2D6,Unknown/Unknown,""c.1304G>C,c.408G>C"",""p.Ser435Thr,p.Val136Val"",Hom,,.,常规用药,常规用药,FDA Label,,""rs1135840,rs1058164"",""chr22:42130692:G>A,chr22:42129130:C>G"""	E-B24216001450.drug.tsv
"E-B24216001450,tolterodine,托特罗定,""545.64,486.64"",""18,21;27,18"",0.54;0.4,CYP2D6,Unknown/Unknown,""c.1304G>C,c.408G>C"",""p.Ser435Thr,p.Val136Val"",Hom,,.,常规用药,常规用药,FDA PGx,,""rs1135840,rs1058164"",""chr22:42130692:G>A,chr22:42129130:C>G"""	E-B24216001450.drug.tsv
"E-B24216001450,tramadol,曲马多,""545.64,486.64"",""18,21;27,18"",0.54;0.4,CYP2D6,Unknown/Unknown,""c.1304G>C,c.408G>C"",""p.Ser435Thr,p.Val136Val"",Hom,,.,常规用药,常规用药,CPIC,,""rs1135840,rs1058164"",""chr22:42130692:G>A,chr22:42129130:C>G"""	E-B24216001450.drug.tsv
"E-B24216001450,trimipramine,曲米帕明,""545.64,486.64"",""18,21;27,18"",0.54;0.4,CYP2D6,Unknown/Unknown,""c.1304G>C,c.408G>C"",""p.Ser435Thr,p.Val136Val"",Hom,剂量指导,.,常规用药,以推荐的起始剂量开始治疗。,CPIC,,""rs1135840,rs1058164"",""chr22:42130692:G>A,chr22:42129130:C>G"""	E-B24216001450.drug.tsv
"E-B24216001450,tropisetron,托烷司琼,""545.64,486.64"",""18,21;27,18"",0.54;0.4,CYP2D6,Unknown/Unknown,""c.1304G>C,c.408G>C"",""p.Ser435Thr,p.Val136Val"",Hom,,.,常规用药,常规用药,CPIC,,""rs1135840,rs1058164"",""chr22:42130692:G>A,chr22:42129130:C>G"""	E-B24216001450.drug.tsv
"E-B24216001450,valbenazine,缬苯那嗪,""545.64,486.64"",""18,21;27,18"",0.54;0.4,CYP2D6,Unknown/Unknown,""c.1304G>C,c.408G>C"",""p.Ser435Thr,p.Val136Val"",Hom,,.,常规用药,常规用药,FDA Label,,""rs1135840,rs1058164"",""chr22:42130692:G>A,chr22:42129130:C>G"""	E-B24216001450.drug.tsv
"E-B24216001450,venlafaxine,文拉法辛,""545.64,486.64"",""18,21;27,18"",0.54;0.4,CYP2D6,Unknown/Unknown,""c.1304G>C,c.408G>C"",""p.Ser435Thr,p.Val136Val"",Hom,,.,常规用药,常规用药,CPIC,,""rs1135840,rs1058164"",""chr22:42130692:G>A,chr22:42129130:C>G"""	E-B24216001450.drug.tsv
"E-B24216001450,viloxazine,维洛沙嗪,""545.64,486.64"",""18,21;27,18"",0.54;0.4,CYP2D6,Unknown/Unknown,""c.1304G>C,c.408G>C"",""p.Ser435Thr,p.Val136Val"",Hom,,.,常规用药,常规用药,FDA PGx,,""rs1135840,rs1058164"",""chr22:42130692:G>A,chr22:42129130:C>G"""	E-B24216001450.drug.tsv
"E-B24216001450,vortioxetine,伏硫西汀,""545.64,486.64"",""18,21;27,18"",0.54;0.4,CYP2D6,Unknown/Unknown,""c.1304G>C,c.408G>C"",""p.Ser435Thr,p.Val136Val"",Hom,,.,常规用药,常规用药,CPIC,,""rs1135840,rs1058164"",""chr22:42130692:G>A,chr22:42129130:C>G"""	E-B24216001450.drug.tsv
"E-B24216001450,zuclopenthixol,珠氯噻醇,""545.64,486.64"",""18,21;27,18"",0.54;0.4,CYP2D6,Unknown/Unknown,""c.1304G>C,c.408G>C"",""p.Ser435Thr,p.Val136Val"",Hom,,.,常规用药,常规用药,DPWG,,""rs1135840,rs1058164"",""chr22:42130692:G>A,chr22:42129130:C>G"""	E-B24216001450.drug.tsv
E-B24216001450,quetiapine,喹硫平,.,.,.,CYP3A4,*1/*1,.,.,Hom,剂量指导,正常代谢型,常规用药,该指南未对正常代谢者使用喹硫平提供建议。,DPWG,,.,.	E-B24216001450.drug.tsv
"E-B24216001450,tacrolimus,他克莫司,683.64,""28,28"",0.5,CYP3A5,*3/*3,c.*467-1A>G,,Hom,剂量指导,不良代谢型,常规用药,以标准推荐剂量开始治疗，并使用治疗药物监测来指导剂量调整。,CPIC,,rs776746,chr10:94842866:A>G"	E-B24216001450.drug.tsv
"E-B24216001450,warfarin,华法林,446.64,""25,17"",0.4,CYP4F2,*1/*17,c.1414A>G,p.Thr472Ala,Het,剂量指导,.,降低剂量,未找到指南。,CPIC,,rs4020346,chr19:41006936:G>T"	E-B24216001450.drug.tsv
"E-B24216001450,capecitabine,卡培他滨,625.64,""32,22"",0.41,DPYD,c.1627A>G (*5) (heterozygous),c.1627A>G,p.Ile543Val,.,剂量指导,.,遵医嘱用药,根据基因型，没有迹象表明需要改变剂量或疗法，应按标签推荐使用。,CPIC,,rs1801159,chr1:97515839:T>C"	E-B24216001450.drug.tsv
"E-B24216001450,flucytosine,氟胞嘧啶,625.64,""32,22"",0.41,DPYD,c.1627A>G (*5) (heterozygous),c.1627A>G,p.Ile543Val,.,剂量指导,.,常规用药,指南未对DPYD活性评分为2的患者使用氟胞嘧啶提供推荐。,DPWG,,rs1801159,chr1:97515839:T>C"	E-B24216001450.drug.tsv
"E-B24216001450,fluorouracil,氟尿嘧啶,625.64,""32,22"",0.41,DPYD,c.1627A>G (*5) (heterozygous),c.1627A>G,p.Ile543Val,.,剂量指导,.,遵医嘱用药,根据基因型，没有迹象表明需要改变剂量或疗法，应按标签推荐使用。,CPIC,,rs1801159,chr1:97515839:T>C"	E-B24216001450.drug.tsv
"E-B24216001450,tegafur,替加氟,625.64,""32,22"",0.41,DPYD,c.1627A>G (*5) (heterozygous),c.1627A>G,p.Ile543Val,.,剂量指导,.,常规用药,该指南未对DPYD活性评分为2的患者使用替加氟提供建议。,DPWG,,rs1801159,chr1:97515839:T>C"	E-B24216001450.drug.tsv
E-B24216001450,bupivacaine,布比卡因,.,.,.,G6PD,B (reference)/B (reference),.,.,Hom,,.,常规用药,常规用药,FDA Label,,.,.	E-B24216001450.drug.tsv
E-B24216001450,chloroquine,氯喹,.,.,.,G6PD,B (reference)/B (reference),.,.,Hom,,.,常规用药,常规用药,FDA Label,,.,.	E-B24216001450.drug.tsv
E-B24216001450,chlorpropamide,氯磺丙脲,.,.,.,G6PD,B (reference)/B (reference),.,.,Hom,,.,常规用药,常规用药,FDA Label,,.,.	E-B24216001450.drug.tsv
E-B24216001450,dabrafenib,达拉非尼,.,.,.,G6PD,B (reference)/B (reference),.,.,Hom,,.,常规用药,常规用药,FDA Label,,.,.	E-B24216001450.drug.tsv
E-B24216001450,dapsone,氨苯砜,.,.,.,G6PD,B (reference)/B (reference),.,.,Hom,不良反应预测,.,常规用药,根据G6PD状态，没有理由避免使用该药物。,CPIC,,.,.	E-B24216001450.drug.tsv
E-B24216001450,flutamide,氟他胺,.,.,.,G6PD,B (reference)/B (reference),.,.,Hom,,.,常规用药,常规用药,FDA Label,,.,.	E-B24216001450.drug.tsv
E-B24216001450,glimepiride,格列美脲,.,.,.,G6PD,B (reference)/B (reference),.,.,Hom,,.,常规用药,常规用药,FDA Label,,.,.	E-B24216001450.drug.tsv
E-B24216001450,glipizide,格列吡嗪,.,.,.,G6PD,B (reference)/B (reference),.,.,Hom,,.,常规用药,常规用药,FDA Label,,.,.	E-B24216001450.drug.tsv
E-B24216001450,glyburide,格列本脲,.,.,.,G6PD,B (reference)/B (reference),.,.,Hom,,.,常规用药,常规用药,FDA Label,,.,.	E-B24216001450.drug.tsv
E-B24216001450,hydroxychloroquine,羟氯喹,.,.,.,G6PD,B (reference)/B (reference),.,.,Hom,,.,常规用药,常规用药,FDA Label,,.,.	E-B24216001450.drug.tsv
E-B24216001450,mepivacaine,甲哌卡因,.,.,.,G6PD,B (reference)/B (reference),.,.,Hom,,.,常规用药,常规用药,FDA Label,,.,.	E-B24216001450.drug.tsv
E-B24216001450,methylene blue,亚甲蓝,.,.,.,G6PD,B (reference)/B (reference),.,.,Hom,不良反应预测,.,常规用药,根据G6PD状态，没有理由避免使用该药物。,CPIC,,.,.	E-B24216001450.drug.tsv
E-B24216001450,moviprep,复方聚乙二醇电解质,.,.,.,G6PD,B (reference)/B (reference),.,.,Hom,,.,常规用药,常规用药,FDA Label,,.,.	E-B24216001450.drug.tsv
E-B24216001450,nalidixic acid,萘啶酸,.,.,.,G6PD,B (reference)/B (reference),.,.,Hom,,.,常规用药,常规用药,FDA Label,,.,.	E-B24216001450.drug.tsv
E-B24216001450,nitrofurantoin,呋喃妥因,.,.,.,G6PD,B (reference)/B (reference),.,.,Hom,不良反应预测,.,常规用药,根据G6PD状态，没有理由避免使用该药物。,CPIC,,.,.	E-B24216001450.drug.tsv
E-B24216001450,pegloticase,聚乙二醇化尿酸酶,.,.,.,G6PD,B (reference)/B (reference),.,.,Hom,不良反应预测,.,常规用药,根据G6PD状态，没有理由避免使用该药物。,CPIC,,.,.	E-B24216001450.drug.tsv
E-B24216001450,primaquine,伯氨喹,.,.,.,G6PD,B (reference)/B (reference),.,.,Hom,不良反应预测,.,常规用药,根据G6PD状态，没有理由避免使用该药物。,CPIC,,.,.	E-B24216001450.drug.tsv
E-B24216001450,rasburicase,拉布立酶,.,.,.,G6PD,B (reference)/B (reference),.,.,Hom,不良反应预测,.,常规用药,根据G6PD状态，没有理由避免使用该药物。,CPIC,,.,.	E-B24216001450.drug.tsv
E-B24216001450,sodium ascorbate,抗坏血酸钠,.,.,.,G6PD,B (reference)/B (reference),.,.,Hom,,.,常规用药,常规用药,FDA Label,,.,.	E-B24216001450.drug.tsv
E-B24216001450,sodium nitrite,亚硝酸钠,.,.,.,G6PD,B (reference)/B (reference),.,.,Hom,,.,常规用药,常规用药,FDA Label,,.,.	E-B24216001450.drug.tsv
E-B24216001450,sulfasalazine,柳氮磺吡啶,.,.,.,G6PD,B (reference)/B (reference),.,.,Hom,,.,常规用药,常规用药,FDA Label,,.,.	E-B24216001450.drug.tsv
E-B24216001450,tafenoquine,他非诺喹,.,.,.,G6PD,B (reference)/B (reference),.,.,Hom,不良反应预测,.,常规用药,根据G6PD状态，没有理由避免使用该药物。,CPIC,,.,.	E-B24216001450.drug.tsv
E-B24216001450,tolazamide,妥拉磺脲,.,.,.,G6PD,B (reference)/B (reference),.,.,Hom,,.,常规用药,常规用药,FDA Label,,.,.	E-B24216001450.drug.tsv
E-B24216001450,tolbutamide,甲苯磺丁脲,.,.,.,G6PD,B (reference)/B (reference),.,.,Hom,,.,常规用药,常规用药,FDA Label,,.,.	E-B24216001450.drug.tsv
E-B24216001450,toluidine blue,甲苯胺蓝,.,.,.,G6PD,B (reference)/B (reference),.,.,Hom,不良反应预测,.,常规用药,根据G6PD状态，没有理由避免使用该药物。,CPIC,,.,.	E-B24216001450.drug.tsv
E-B24216001450,carbamazepine,卡马西平,.,.,.,HLA-A,*11:01/*11:01,.,.,Hom,剂量指导,.,常规用药,按照标准给药指南使用卡马西平。,CPIC,,.,.	E-B24216001450.drug.tsv
E-B24216001450,abacavir,阿巴卡韦,.,.,.,HLA-B,*40:01/*46:01,.,.,Het,剂量指导,.,常规用药,按照标准给药指南使用阿巴卡韦。,CPIC,,.,.	E-B24216001450.drug.tsv
E-B24216001450,allopurinol,别嘌醇,.,.,.,HLA-B,*40:01/*46:01,.,.,Het,剂量指导,.,常规用药,按照标准给药指南使用别嘌醇。,CPIC,,.,.	E-B24216001450.drug.tsv
E-B24216001450,carbamazepine,卡马西平,.,.,.,HLA-B,*40:01/*46:01,.,.,Het,剂量指导,.,常规用药,按照标准给药指南使用卡马西平。,CPIC,,.,.	E-B24216001450.drug.tsv
E-B24216001450,flucloxacillin,氟氯西林,.,.,.,HLA-B,*40:01/*46:01,.,.,Het,,.,常规用药,常规用药,DPWG,,.,.	E-B24216001450.drug.tsv
"E-B24216001450,fosphenytoin,磷苯妥英,.,.,.,HLA-B,*40:01/*46:01,.,.,Het,""剂量指导, 不良反应预测"",.,降低剂量,建议首次使用常规初始剂量，后续维持剂量减少约25%，并结合治疗药物监测进行调整。,CPIC,,.,."	E-B24216001450.drug.tsv
E-B24216001450,lamotrigine,拉莫三嗪,.,.,.,HLA-B,*40:01/*46:01,.,.,Het,剂量指导,.,常规用药,指南未对HLA-B*15:02阴性的患者使用拉莫三嗪提供推荐。,DPWG,,.,.	E-B24216001450.drug.tsv
E-B24216001450,oxcarbazepine,奥卡西平,.,.,.,HLA-B,*40:01/*46:01,.,.,Het,剂量指导,.,常规用药,按照标准给药指南使用奥卡西平。,CPIC,,.,.	E-B24216001450.drug.tsv
E-B24216001450,pazopanib,帕唑帕尼,.,.,.,HLA-B,*40:01/*46:01,.,.,Het,,.,常规用药,常规用药,FDA PGx,,.,.	E-B24216001450.drug.tsv
"E-B24216001450,phenytoin,苯妥英,.,.,.,HLA-B,*40:01/*46:01,.,.,Het,""剂量指导, 不良反应预测"",.,降低剂量,建议首次使用常规初始剂量，后续维持剂量减少约25%，并结合治疗药物监测进行调整。,CPIC,,.,."	E-B24216001450.drug.tsv
E-B24216001450,peginterferon alfa-2a,聚乙二醇干扰素α-2a,.,.,.,IFNL3,rs12979860 reference (C)/rs12979860 reference (C),.,.,Hom,,.,常规用药,常规用药,CPIC,,.,.	E-B24216001450.drug.tsv
E-B24216001450,peginterferon alfa-2b,聚乙二醇干扰素α-2b,.,.,.,IFNL3,rs12979860 reference (C)/rs12979860 reference (C),.,.,Hom,,.,常规用药,常规用药,CPIC,,.,.	E-B24216001450.drug.tsv
E-B24216001450,ribavirin,利巴韦林,.,.,.,IFNL3,rs12979860 reference (C)/rs12979860 reference (C),.,.,Hom,,.,常规用药,常规用药,CPIC,,.,.	E-B24216001450.drug.tsv
"E-B24216001450,amikacin,阿米卡星,.,.,.,MT-RNR1,Reference,.,.,.,""剂量指导, 预测毒副作用"",氨基糖苷类药物诱导听力损失风险正常,常规用药,以标准剂量使用氨基糖苷类抗生素，疗程尽可能短，并进行治疗剂量监测和定期听力评估。,CPIC,,.,."	E-B24216001450.drug.tsv
"E-B24216001450,dibekacin,地贝卡星,.,.,.,MT-RNR1,Reference,.,.,.,""剂量指导, 预测毒副作用"",氨基糖苷类药物诱导听力损失风险正常,常规用药,以标准剂量使用氨基糖苷类抗生素，疗程尽可能短，并进行治疗剂量监测和定期听力评估。,CPIC,,.,."	E-B24216001450.drug.tsv
"E-B24216001450,gentamicin,庆大霉素,.,.,.,MT-RNR1,Reference,.,.,.,""剂量指导, 预测毒副作用"",氨基糖苷类药物诱导听力损失风险正常,常规用药,以标准剂量使用氨基糖苷类抗生素，疗程尽可能短，并进行治疗剂量监测和定期听力评估。,CPIC,,.,."	E-B24216001450.drug.tsv
"E-B24216001450,kanamycin,卡那霉素,.,.,.,MT-RNR1,Reference,.,.,.,""剂量指导, 预测毒副作用"",氨基糖苷类药物诱导听力损失风险正常,常规用药,以标准剂量使用氨基糖苷类抗生素，疗程尽可能短，并进行治疗剂量监测和定期听力评估。,CPIC,,.,."	E-B24216001450.drug.tsv
"E-B24216001450,neomycin,新霉素,.,.,.,MT-RNR1,Reference,.,.,.,""剂量指导, 预测毒副作用"",氨基糖苷类药物诱导听力损失风险正常,常规用药,以标准剂量使用氨基糖苷类抗生素，疗程尽可能短，并进行治疗剂量监测和定期听力评估。,CPIC,,.,."	E-B24216001450.drug.tsv
"E-B24216001450,netilmicin,奈替米星,.,.,.,MT-RNR1,Reference,.,.,.,""剂量指导, 预测毒副作用"",氨基糖苷类药物诱导听力损失风险正常,常规用药,以标准剂量使用氨基糖苷类抗生素，疗程尽可能短，并进行治疗剂量监测和定期听力评估。,CPIC,,.,."	E-B24216001450.drug.tsv
"E-B24216001450,paromomycin,巴龙霉素,.,.,.,MT-RNR1,Reference,.,.,.,""剂量指导, 预测毒副作用"",氨基糖苷类药物诱导听力损失风险正常,常规用药,以标准剂量使用氨基糖苷类抗生素，疗程尽可能短，并进行治疗剂量监测和定期听力评估。,CPIC,,.,."	E-B24216001450.drug.tsv
"E-B24216001450,plazomicin,普拉佐米星,.,.,.,MT-RNR1,Reference,.,.,.,""剂量指导, 预测毒副作用"",氨基糖苷类药物诱导听力损失风险正常,常规用药,以标准剂量使用氨基糖苷类抗生素，疗程尽可能短，并进行治疗剂量监测和定期听力评估。,CPIC,,.,."	E-B24216001450.drug.tsv
"E-B24216001450,ribostamycin,核糖霉素,.,.,.,MT-RNR1,Reference,.,.,.,""剂量指导, 预测毒副作用"",氨基糖苷类药物诱导听力损失风险正常,常规用药,以标准剂量使用氨基糖苷类抗生素，疗程尽可能短，并进行治疗剂量监测和定期听力评估。,CPIC,,.,."	E-B24216001450.drug.tsv
"E-B24216001450,streptomycin,链霉素,.,.,.,MT-RNR1,Reference,.,.,.,""剂量指导, 预测毒副作用"",氨基糖苷类药物诱导听力损失风险正常,常规用药,以标准剂量使用氨基糖苷类抗生素，疗程尽可能短，并进行治疗剂量监测和定期听力评估。,CPIC,,.,."	E-B24216001450.drug.tsv
"E-B24216001450,tobramycin,妥布霉素,.,.,.,MT-RNR1,Reference,.,.,.,""剂量指导, 预测毒副作用"",氨基糖苷类药物诱导听力损失风险正常,常规用药,以标准剂量使用氨基糖苷类抗生素，疗程尽可能短，并进行治疗剂量监测和定期听力评估。,CPIC,,.,."	E-B24216001450.drug.tsv
E-B24216001450,azathioprine,硫唑嘌呤,.,.,.,NUDT15,*1/*1,.,.,Hom,剂量指导,正常代谢型,遵医嘱用药,硫唑嘌呤应以正常剂量开始并根据指南调整，每次调整后需2周达到稳态。,CPIC,,.,.	E-B24216001450.drug.tsv
E-B24216001450,mercaptopurine,巯嘌呤,.,.,.,NUDT15,*1/*1,.,.,Hom,剂量指导,正常代谢型,常规用药,以正常起始剂量开始使用巯嘌呤，并同等调整所有骨髓抑制性治疗。,CPIC,,.,.	E-B24216001450.drug.tsv
E-B24216001450,thioguanine,硫鸟嘌呤,.,.,.,NUDT15,*1/*1,.,.,Hom,剂量指导,正常代谢型,常规用药,以正常起始剂量开始使用硫鸟嘌呤，并同等调整所有骨髓抑制性治疗。,CPIC,,.,.	E-B24216001450.drug.tsv
E-B24216001450,desflurane,地氟烷,.,.,.,RYR1,Reference/Reference,.,.,Hom,预测毒副作用,易感性不确定,换药或遵医嘱用药,临床发现、家族史、进一步的基因检测和其他实验室数据应指导卤代挥发性麻醉剂或去极化肌松药的使用。,CPIC,,.,.	E-B24216001450.drug.tsv
E-B24216001450,enflurane,恩氟烷,.,.,.,RYR1,Reference/Reference,.,.,Hom,预测毒副作用,易感性不确定,换药或遵医嘱用药,临床发现、家族史、进一步的基因检测和其他实验室数据应指导卤代挥发性麻醉剂或去极化肌松药的使用。,CPIC,,.,.	E-B24216001450.drug.tsv
E-B24216001450,halothane,氟烷,.,.,.,RYR1,Reference/Reference,.,.,Hom,预测毒副作用,易感性不确定,换药或遵医嘱用药,临床发现、家族史、进一步的基因检测和其他实验室数据应指导卤代挥发性麻醉剂或去极化肌松药的使用。,CPIC,,.,.	E-B24216001450.drug.tsv
E-B24216001450,isoflurane,异氟烷,.,.,.,RYR1,Reference/Reference,.,.,Hom,预测毒副作用,易感性不确定,换药或遵医嘱用药,临床发现、家族史、进一步的基因检测和其他实验室数据应指导卤代挥发性麻醉剂或去极化肌松药的使用。,CPIC,,.,.	E-B24216001450.drug.tsv
E-B24216001450,methoxyflurane,甲氧氟烷,.,.,.,RYR1,Reference/Reference,.,.,Hom,预测毒副作用,易感性不确定,换药或遵医嘱用药,临床发现、家族史、进一步的基因检测和其他实验室数据应指导卤代挥发性麻醉剂或去极化肌松药的使用。,CPIC,,.,.	E-B24216001450.drug.tsv
E-B24216001450,sevoflurane,七氟烷,.,.,.,RYR1,Reference/Reference,.,.,Hom,预测毒副作用,易感性不确定,换药或遵医嘱用药,临床发现、家族史、进一步的基因检测和其他实验室数据应指导卤代挥发性麻醉剂或去极化肌松药的使用。,CPIC,,.,.	E-B24216001450.drug.tsv
E-B24216001450,succinylcholine,琥珀胆碱,.,.,.,RYR1,Reference/Reference,.,.,Hom,预测毒副作用,易感性不确定,换药或遵医嘱用药,临床发现、家族史、进一步的基因检测和其他实验室数据应指导卤代挥发性麻醉剂或去极化肌松药的使用。,CPIC,,.,.	E-B24216001450.drug.tsv
"E-B24216001450,atorvastatin,阿托伐他汀,""1919.06,764.64"",""0,56;28,32"",0.53;1.0,SLCO1B1,*1/*15,""c.521T>C,c.388A>G"",""p.Asn130Asp,p.Val174Ala"",Het,""剂量指导, 不良反应预测"",功能降低,降低剂量,阿托伐他汀的起始剂量不应超过40毫克，如需更高剂量以达疗效，应考虑联合治疗。,CPIC,,""rs4149056,rs2306283"",""chr16:31096368:C>T,chr12:21178615:T>C"""	E-B24216001450.drug.tsv
"E-B24216001450,elagolix,艾拉戈利,""1919.06,764.64"",""0,56;28,32"",0.53;1.0,SLCO1B1,*1/*15,""c.521T>C,c.388A>G"",""p.Asn130Asp,p.Val174Ala"",Het,,功能降低,常规用药,常规用药,FDA PGx,,""rs4149056,rs2306283"",""chr16:31096368:C>T,chr12:21178615:T>C"""	E-B24216001450.drug.tsv
"E-B24216001450,fluvastatin,氟伐他汀,""1919.06,764.64"",""0,56;28,32"",0.53;1.0,SLCO1B1,*1/*15,""c.521T>C,c.388A>G"",""p.Asn130Asp,p.Val174Ala"",Het,剂量指导,功能降低,降低剂量或换药,氟伐他汀的起始剂量不应超过20毫克/天；如需更高剂量，应考虑换用其他他汀类药物或联合治疗。,CPIC,,""rs4149056,rs2306283"",""chr16:31096368:C>T,chr12:21178615:T>C"""	E-B24216001450.drug.tsv
"E-B24216001450,lovastatin,洛伐他汀,""1919.06,764.64"",""0,56;28,32"",0.53;1.0,SLCO1B1,*1/*15,""c.521T>C,c.388A>G"",""p.Asn130Asp,p.Val174Ala"",Het,""剂量指导, 不良反应预测"",功能降低,降低剂量或换药,处方替代的他汀类药物，若必须使用洛伐他汀，则日剂量限制在20毫克以内。,CPIC,,""rs4149056,rs2306283"",""chr16:31096368:C>T,chr12:21178615:T>C"""	E-B24216001450.drug.tsv
"E-B24216001450,pitavastatin,匹伐他汀,""1919.06,764.64"",""0,56;28,32"",0.53;1.0,SLCO1B1,*1/*15,""c.521T>C,c.388A>G"",""p.Asn130Asp,p.Val174Ala"",Het,""剂量指导, 不良反应预测"",功能降低,降低剂量或换药,匹伐他汀的起始剂量不应超过2毫克，如需更高剂量以达疗效，应考虑替代或联合疗法。,CPIC,,""rs4149056,rs2306283"",""chr16:31096368:C>T,chr12:21178615:T>C"""	E-B24216001450.drug.tsv
"E-B24216001450,pravastatin,普伐他汀,""1919.06,764.64"",""0,56;28,32"",0.53;1.0,SLCO1B1,*1/*15,""c.521T>C,c.388A>G"",""p.Asn130Asp,p.Val174Ala"",Het,""剂量指导, 不良反应预测"",功能降低,遵医嘱用药,普伐他汀应从期望剂量开始并根据指南调整，每日剂量大于40毫克时需警惕肌病风险增加。,CPIC,,""rs4149056,rs2306283"",""chr16:31096368:C>T,chr12:21178615:T>C"""	E-B24216001450.drug.tsv
"E-B24216001450,rosuvastatin,瑞舒伐他汀,""1919.06,764.64"",""0,56;28,32"",0.53;1.0,SLCO1B1,*1/*15,""c.521T>C,c.388A>G"",""p.Asn130Asp,p.Val174Ala"",Het,""剂量指导, 不良反应预测"",功能降低,降低剂量,处方瑞舒伐他汀的期望起始剂量并根据指南调整，需注意日剂量超过20毫克时肌病风险可能增加。,CPIC,,""rs4149056,rs2306283"",""chr16:31096368:C>T,chr12:21178615:T>C"""	E-B24216001450.drug.tsv
"E-B24216001450,simvastatin,辛伐他汀,""1919.06,764.64"",""0,56;28,32"",0.53;1.0,SLCO1B1,*1/*15,""c.521T>C,c.388A>G"",""p.Asn130Asp,p.Val174Ala"",Het,""剂量指导, 不良反应预测"",功能降低,降低剂量或换药,建议处方替代他汀类药物；若必须使用辛伐他汀，剂量应限制在每天20毫克以下。,CPIC,,""rs4149056,rs2306283"",""chr16:31096368:C>T,chr12:21178615:T>C"""	E-B24216001450.drug.tsv
E-B24216001450,azathioprine,硫唑嘌呤,.,.,.,TPMT,*1/*1,.,.,Hom,剂量指导,正常代谢型,遵医嘱用药,硫唑嘌呤应以正常剂量开始并根据指南调整，每次调整后需2周达到稳态。,CPIC,,.,.	E-B24216001450.drug.tsv
E-B24216001450,mercaptopurine,巯嘌呤,.,.,.,TPMT,*1/*1,.,.,Hom,剂量指导,正常代谢型,常规用药,以正常起始剂量开始使用巯嘌呤，并同等调整所有骨髓抑制性治疗。,CPIC,,.,.	E-B24216001450.drug.tsv
E-B24216001450,thioguanine,硫鸟嘌呤,.,.,.,TPMT,*1/*1,.,.,Hom,剂量指导,正常代谢型,常规用药,以正常起始剂量开始使用硫鸟嘌呤，并同等调整所有骨髓抑制性治疗。,CPIC,,.,.	E-B24216001450.drug.tsv
"E-B24216001450,atazanavir,阿扎那韦,""1244.64,978.64"",""28,32;38,42"",0.52;0.53,UGT1A1,*1/*80+*28,""c.-54_-53delAT,c.-364C>T"",,Het,不良反应预测,中间代谢型,常规用药，监测胆红素,无需根据UGT1A1基因检测结果避免使用阿扎那韦，但应告知患者其基因型导致因黄疸停药的可能性很低。,CPIC,,""rs3064744,rs887829"",""chr4:88131171:G>T,chr2:233759924:C>T"""	E-B24216001450.drug.tsv
"E-B24216001450,belinostat,贝利司他,""1244.64,978.64"",""28,32;38,42"",0.52;0.53,UGT1A1,*1/*80+*28,""c.-54_-53delAT,c.-364C>T"",,Het,,中间代谢型,常规用药,常规用药,FDA Label,,""rs3064744,rs887829"",""chr4:88131171:G>T,chr2:233759924:C>T"""	E-B24216001450.drug.tsv
"E-B24216001450,dolutegravir,多替拉韦,""1244.64,978.64"",""28,32;38,42"",0.52;0.53,UGT1A1,*1/*80+*28,""c.-54_-53delAT,c.-364C>T"",,Het,,中间代谢型,常规用药,常规用药,FDA PGx,,""rs3064744,rs887829"",""chr4:88131171:G>T,chr2:233759924:C>T"""	E-B24216001450.drug.tsv
"E-B24216001450,irinotecan,伊立替康,""1244.64,978.64"",""28,32;38,42"",0.52;0.53,UGT1A1,*1/*80+*28,""c.-54_-53delAT,c.-364C>T"",,Het,剂量指导,中间代谢型,常规用药,该基因-药物相互作用无需采取任何措施。,DPWG,,""rs3064744,rs887829"",""chr4:88131171:G>T,chr2:233759924:C>T"""	E-B24216001450.drug.tsv
"E-B24216001450,nilotinib,尼洛替尼,""1244.64,978.64"",""28,32;38,42"",0.52;0.53,UGT1A1,*1/*80+*28,""c.-54_-53delAT,c.-364C>T"",,Het,,中间代谢型,常规用药,常规用药,FDA PGx,,""rs3064744,rs887829"",""chr4:88131171:G>T,chr2:233759924:C>T"""	E-B24216001450.drug.tsv
"E-B24216001450,pazopanib,帕唑帕尼,""1244.64,978.64"",""28,32;38,42"",0.52;0.53,UGT1A1,*1/*80+*28,""c.-54_-53delAT,c.-364C>T"",,Het,,中间代谢型,常规用药,常规用药,FDA PGx,,""rs3064744,rs887829"",""chr4:88131171:G>T,chr2:233759924:C>T"""	E-B24216001450.drug.tsv
"E-B24216001450,raltegravir,拉替拉韦,""1244.64,978.64"",""28,32;38,42"",0.52;0.53,UGT1A1,*1/*80+*28,""c.-54_-53delAT,c.-364C>T"",,Het,,中间代谢型,常规用药,常规用药,FDA PGx,,""rs3064744,rs887829"",""chr4:88131171:G>T,chr2:233759924:C>T"""	E-B24216001450.drug.tsv
"E-B24216001450,sacituzumab govitecan,戈沙妥珠单抗,""1244.64,978.64"",""28,32;38,42"",0.52;0.53,UGT1A1,*1/*80+*28,""c.-54_-53delAT,c.-364C>T"",,Het,,中间代谢型,常规用药,常规用药,FDA Label,,""rs3064744,rs887829"",""chr4:88131171:G>T,chr2:233759924:C>T"""	E-B24216001450.drug.tsv
"E-B24216001450,acenocoumarol,醋硝香豆素,187.64,""49,12"",0.2,VKORC1,rs9923231 variant (T)/rs9923231 variant (T),c.-1639G>A,,Hom,剂量指导,.,降低剂量,需由国家INR监测服务（抗凝门诊）进行监测。,DPWG,,rs9923231,chr19:15878920:T>C"	E-B24216001450.drug.tsv
"E-B24216001450,phenprocoumon,苯丙香豆素,187.64,""49,12"",0.2,VKORC1,rs9923231 variant (T)/rs9923231 variant (T),c.-1639G>A,,Hom,剂量指导,.,降低剂量,需由抗凝门诊进行监测。,DPWG,,rs9923231,chr19:15878920:T>C"	E-B24216001450.drug.tsv
"E-B24216001450,warfarin,华法林,187.64,""49,12"",0.2,VKORC1,rs9923231 variant (T)/rs9923231 variant (T),c.-1639G>A,,Hom,剂量指导,.,降低剂量,使用60%的标准初始剂量。,CPIC,,rs9923231,chr19:15878920:T>C"	E-B24216001450.drug.tsv
E-B25279028895,allopurinol,别嘌醇,.,.,.,ABCG2,rs2231142 reference (G)/rs2231142 reference (G),.,.,Hom,剂量指导,功能正常,常规用药,指南未对特定ABCG2基因型的患者使用别嘌醇提供推荐。,DPWG,,.,.	E-B25279028895.drug.tsv
E-B25279028895,rosuvastatin,瑞舒伐他汀,.,.,.,ABCG2,rs2231142 reference (G)/rs2231142 reference (G),.,.,Hom,剂量指导,功能正常,常规用药,按期望的起始剂量处方瑞舒伐他汀，并根据疾病特定指南调整剂量。,CPIC,,.,.	E-B25279028895.drug.tsv
E-B25279028895,desflurane,地氟烷,.,.,.,CACNA1S,Reference/Reference,.,.,Hom,预测毒副作用,易感性不确定,换药或遵医嘱用药,临床发现、家族史、进一步的基因检测和其他实验室数据应指导卤代挥发性麻醉剂或去极化肌松药的使用。,CPIC,,.,.	E-B25279028895.drug.tsv
E-B25279028895,enflurane,恩氟烷,.,.,.,CACNA1S,Reference/Reference,.,.,Hom,预测毒副作用,易感性不确定,换药或遵医嘱用药,临床发现、家族史、进一步的基因检测和其他实验室数据应指导卤代挥发性麻醉剂或去极化肌松药的使用。,CPIC,,.,.	E-B25279028895.drug.tsv
E-B25279028895,halothane,氟烷,.,.,.,CACNA1S,Reference/Reference,.,.,Hom,预测毒副作用,易感性不确定,换药或遵医嘱用药,临床发现、家族史、进一步的基因检测和其他实验室数据应指导卤代挥发性麻醉剂或去极化肌松药的使用。,CPIC,,.,.	E-B25279028895.drug.tsv
E-B25279028895,isoflurane,异氟烷,.,.,.,CACNA1S,Reference/Reference,.,.,Hom,预测毒副作用,易感性不确定,换药或遵医嘱用药,临床发现、家族史、进一步的基因检测和其他实验室数据应指导卤代挥发性麻醉剂或去极化肌松药的使用。,CPIC,,.,.	E-B25279028895.drug.tsv
E-B25279028895,methoxyflurane,甲氧氟烷,.,.,.,CACNA1S,Reference/Reference,.,.,Hom,预测毒副作用,易感性不确定,换药或遵医嘱用药,临床发现、家族史、进一步的基因检测和其他实验室数据应指导卤代挥发性麻醉剂或去极化肌松药的使用。,CPIC,,.,.	E-B25279028895.drug.tsv
E-B25279028895,sevoflurane,七氟烷,.,.,.,CACNA1S,Reference/Reference,.,.,Hom,预测毒副作用,易感性不确定,换药或遵医嘱用药,临床发现、家族史、进一步的基因检测和其他实验室数据应指导卤代挥发性麻醉剂或去极化肌松药的使用。,CPIC,,.,.	E-B25279028895.drug.tsv
E-B25279028895,succinylcholine,琥珀胆碱,.,.,.,CACNA1S,Reference/Reference,.,.,Hom,预测毒副作用,易感性不确定,换药或遵医嘱用药,临床发现、家族史、进一步的基因检测和其他实验室数据应指导卤代挥发性麻醉剂或去极化肌松药的使用。,CPIC,,.,.	E-B25279028895.drug.tsv
E-B25279028895,ivacaftor,依伐卡托,.,.,.,CFTR,Reference/Reference,.,.,Hom,预测疗效,CF患者中对伊伐卡托无反应,换药,不推荐使用伊伐卡托。,CPIC,,.,.	E-B25279028895.drug.tsv
"E-B25279028895,efavirenz,依非韦伦,""1284.06,218.97"",""0,6;0,36"",1.0,CYP2B6,*6/*6,""c.785A>G,c.516G>T"",""p.Lys262Arg,p.Gln172His"",Hom,剂量指导,不良代谢型,降低剂量,建议考虑以400或200毫克/天的减量剂量开始依法韦仑治疗。,CPIC,,""rs2279343,rs3745274"",""chr19:41009358:A>G,chr19:41006936:G>T"""	E-B25279028895.drug.tsv
"E-B25279028895,sertraline,舍曲林,""1284.06,218.97"",""0,6;0,36"",1.0,CYP2B6,*6/*6,""c.785A>G,c.516G>T"",""p.Lys262Arg,p.Gln172His"",Hom,剂量指导,不良代谢型,降低剂量或换药,与CYP2B6正常代谢者相比，考虑使用更低的起始剂量、更慢的滴定速度和减少25%的维持剂量，或选择非经CYP2B6代谢的替代抗抑郁药。,CPIC,,""rs2279343,rs3745274"",""chr19:41009358:A>G,chr19:41006936:G>T"""	E-B25279028895.drug.tsv
"E-B25279028895,abrocitinib,阿布昔替尼,1603.06,""0,48"",1.0,CYP2C19,*1/*1,c.991A>G,p.Ile331Val,Hom,,正常代谢型,常规用药,常规用药,FDA Label,,rs3758581,chr10:94842866:A>G"	E-B25279028895.drug.tsv
"E-B25279028895,amitriptyline,阿米替林,1603.06,""0,48"",1.0,CYP2C19,*1/*1,c.991A>G,p.Ile331Val,Hom,""剂量指导, 预测毒副作用"",正常代谢型,降低剂量,考虑将推荐起始剂量减少25%，并利用治疗药物监测来指导剂量调整。,CPIC,,rs3758581,chr10:94842866:A>G"	E-B25279028895.drug.tsv
"E-B25279028895,belzutifan,贝组替凡,1603.06,""0,48"",1.0,CYP2C19,*1/*1,c.991A>G,p.Ile331Val,Hom,,正常代谢型,常规用药,常规用药,FDA Label,,rs3758581,chr10:94842866:A>G"	E-B25279028895.drug.tsv
"E-B25279028895,brivaracetam,布瓦西坦,1603.06,""0,48"",1.0,CYP2C19,*1/*1,c.991A>G,p.Ile331Val,Hom,,正常代谢型,常规用药,常规用药,FDA Label,,rs3758581,chr10:94842866:A>G"	E-B25279028895.drug.tsv
"E-B25279028895,carisoprodol,卡立普多,1603.06,""0,48"",1.0,CYP2C19,*1/*1,c.991A>G,p.Ile331Val,Hom,,正常代谢型,常规用药,常规用药,FDA Label,,rs3758581,chr10:94842866:A>G"	E-B25279028895.drug.tsv
"E-B25279028895,citalopram,西酞普兰,1603.06,""0,48"",1.0,CYP2C19,*1/*1,c.991A>G,p.Ile331Val,Hom,剂量指导,正常代谢型,常规用药,以推荐的起始剂量开始治疗。,CPIC,,rs3758581,chr10:94842866:A>G"	E-B25279028895.drug.tsv
"E-B25279028895,clobazam,氯巴占,1603.06,""0,48"",1.0,CYP2C19,*1/*1,c.991A>G,p.Ile331Val,Hom,,正常代谢型,常规用药,常规用药,FDA Label,,rs3758581,chr10:94842866:A>G"	E-B25279028895.drug.tsv
"E-B25279028895,clomipramine,氯米帕明,1603.06,""0,48"",1.0,CYP2C19,*1/*1,c.991A>G,p.Ile331Val,Hom,""剂量指导, 预测毒副作用"",正常代谢型,降低剂量,考虑将推荐起始剂量减少25%，并利用治疗药物监测来指导剂量调整。,CPIC,,rs3758581,chr10:94842866:A>G"	E-B25279028895.drug.tsv
"E-B25279028895,clopidogrel,氯吡格雷,1603.06,""0,48"",1.0,CYP2C19,*1/*1,c.991A>G,p.Ile331Val,Hom,""剂量指导, 预测疗效"",正常代谢型,常规用药,若考虑使用氯吡格雷，应采用75毫克/天的标准剂量。,CPIC,,rs3758581,chr10:94842866:A>G"	E-B25279028895.drug.tsv
"E-B25279028895,dexlansoprazole,右兰索拉唑,1603.06,""0,48"",1.0,CYP2C19,*1/*1,c.991A>G,p.Ile331Val,Hom,剂量指导,正常代谢型,常规用药或增加剂量,以标准剂量开始治疗，但对于幽门螺杆菌感染和糜烂性食管炎，可考虑将剂量增加50-100%。,CPIC,,rs3758581,chr10:94842866:A>G"	E-B25279028895.drug.tsv
"E-B25279028895,diazepam,地西泮,1603.06,""0,48"",1.0,CYP2C19,*1/*1,c.991A>G,p.Ile331Val,Hom,,正常代谢型,常规用药,常规用药,FDA PGx,,rs3758581,chr10:94842866:A>G"	E-B25279028895.drug.tsv
"E-B25279028895,doxepin,多塞平,1603.06,""0,48"",1.0,CYP2C19,*1/*1,c.991A>G,p.Ile331Val,Hom,""剂量指导, 预测毒副作用"",正常代谢型,降低剂量,考虑将推荐起始剂量减少25%，并利用治疗药物监测来指导剂量调整。,CPIC,,rs3758581,chr10:94842866:A>G"	E-B25279028895.drug.tsv
"E-B25279028895,escitalopram,艾司西酞普兰,1603.06,""0,48"",1.0,CYP2C19,*1/*1,c.991A>G,p.Ile331Val,Hom,剂量指导,正常代谢型,常规用药,以推荐的起始剂量开始治疗。,CPIC,,rs3758581,chr10:94842866:A>G"	E-B25279028895.drug.tsv
"E-B25279028895,esomeprazole,艾司奥美拉唑,1603.06,""0,48"",1.0,CYP2C19,*1/*1,c.991A>G,p.Ile331Val,Hom,,正常代谢型,常规用药,常规用药,FDA PGx,,rs3758581,chr10:94842866:A>G"	E-B25279028895.drug.tsv
"E-B25279028895,flibanserin,氟班色林,1603.06,""0,48"",1.0,CYP2C19,*1/*1,c.991A>G,p.Ile331Val,Hom,,正常代谢型,常规用药,常规用药,FDA Label,,rs3758581,chr10:94842866:A>G"	E-B25279028895.drug.tsv
"E-B25279028895,imipramine,丙米嗪,1603.06,""0,48"",1.0,CYP2C19,*1/*1,c.991A>G,p.Ile331Val,Hom,""剂量指导, 预测毒副作用"",正常代谢型,降低剂量,考虑将推荐起始剂量减少25%，并利用治疗药物监测来指导剂量调整。,CPIC,,rs3758581,chr10:94842866:A>G"	E-B25279028895.drug.tsv
"E-B25279028895,lansoprazole,兰索拉唑,1603.06,""0,48"",1.0,CYP2C19,*1/*1,c.991A>G,p.Ile331Val,Hom,剂量指导,正常代谢型,常规用药或增加剂量,以标准剂量开始治疗，但对于幽门螺杆菌感染和糜烂性食管炎，可考虑将剂量增加50-100%。,CPIC,,rs3758581,chr10:94842866:A>G"	E-B25279028895.drug.tsv
"E-B25279028895,omeprazole,奥美拉唑,1603.06,""0,48"",1.0,CYP2C19,*1/*1,c.991A>G,p.Ile331Val,Hom,剂量指导,正常代谢型,常规用药或增加剂量,以标准剂量开始治疗，但对于幽门螺杆菌感染和糜烂性食管炎，可考虑将剂量增加50-100%。,CPIC,,rs3758581,chr10:94842866:A>G"	E-B25279028895.drug.tsv
"E-B25279028895,pantoprazole,泮托拉唑,1603.06,""0,48"",1.0,CYP2C19,*1/*1,c.991A>G,p.Ile331Val,Hom,剂量指导,正常代谢型,常规用药或增加剂量,以标准剂量开始治疗，但对于幽门螺杆菌感染和糜烂性食管炎，可考虑将剂量增加50-100%。,CPIC,,rs3758581,chr10:94842866:A>G"	E-B25279028895.drug.tsv
"E-B25279028895,rabeprazole,雷贝拉唑,1603.06,""0,48"",1.0,CYP2C19,*1/*1,c.991A>G,p.Ile331Val,Hom,,正常代谢型,常规用药,常规用药,FDA PGx,,rs3758581,chr10:94842866:A>G"	E-B25279028895.drug.tsv
"E-B25279028895,sertraline,舍曲林,1603.06,""0,48"",1.0,CYP2C19,*1/*1,c.991A>G,p.Ile331Val,Hom,剂量指导,正常代谢型,降低剂量或换药,与CYP2B6正常代谢者相比，考虑使用更低的起始剂量、更慢的滴定速度和减少25%的维持剂量，或选择非经CYP2B6代谢的替代抗抑郁药。,CPIC,,rs3758581,chr10:94842866:A>G"	E-B25279028895.drug.tsv
"E-B25279028895,trimipramine,曲米帕明,1603.06,""0,48"",1.0,CYP2C19,*1/*1,c.991A>G,p.Ile331Val,Hom,""剂量指导, 预测毒副作用"",正常代谢型,降低剂量,考虑将推荐起始剂量减少25%，并利用治疗药物监测来指导剂量调整。,CPIC,,rs3758581,chr10:94842866:A>G"	E-B25279028895.drug.tsv
"E-B25279028895,voriconazole,伏立康唑,1603.06,""0,48"",1.0,CYP2C19,*1/*1,c.991A>G,p.Ile331Val,Hom,剂量指导,正常代谢型,常规用药,以推荐的标准治疗剂量开始治疗。,CPIC,,rs3758581,chr10:94842866:A>G"	E-B25279028895.drug.tsv
E-B25279028895,avatrombopag,阿伐曲泊帕,.,.,.,CYP2C9,*1/*1,.,.,Hom,,正常代谢型,常规用药,常规用药,FDA PGx,,.,.	E-B25279028895.drug.tsv
E-B25279028895,celecoxib,塞来昔布,.,.,.,CYP2C9,*1/*1,.,.,Hom,剂量指导,正常代谢型,常规用药或降低剂量,以推荐的起始剂量开始治疗，并遵循个体化治疗目标，使用最低有效剂量和最短持续时间。,CPIC,,.,.	E-B25279028895.drug.tsv
E-B25279028895,erdafitinib,厄达替尼,.,.,.,CYP2C9,*1/*1,.,.,Hom,,正常代谢型,常规用药,常规用药,FDA Label,,.,.	E-B25279028895.drug.tsv
E-B25279028895,flurbiprofen,氟比洛芬,.,.,.,CYP2C9,*1/*1,.,.,Hom,剂量指导,正常代谢型,常规用药或降低剂量,以推荐的起始剂量开始治疗，并遵循个体化治疗目标，使用最低有效剂量和最短持续时间。,CPIC,,.,.	E-B25279028895.drug.tsv
E-B25279028895,fluvastatin,氟伐他汀,.,.,.,CYP2C9,*1/*1,.,.,Hom,剂量指导,正常代谢型,遵医嘱用药,氟伐他汀应从期望的起始剂量开始，并根据疾病特定指南进行调整。,CPIC,,.,.	E-B25279028895.drug.tsv
E-B25279028895,fosphenytoin,磷苯妥英,.,.,.,CYP2C9,*1/*1,.,.,Hom,剂量指导,正常代谢型,常规用药,无需调整常规给药策略，但后续剂量应根据药物监测和临床反应调整。,CPIC,,.,.	E-B25279028895.drug.tsv
E-B25279028895,ibuprofen,布洛芬,.,.,.,CYP2C9,*1/*1,.,.,Hom,剂量指导,正常代谢型,常规用药或降低剂量,以推荐的起始剂量开始治疗，并遵循个体化治疗目标，使用最低有效剂量和最短持续时间。,CPIC,,.,.	E-B25279028895.drug.tsv
E-B25279028895,lornoxicam,氯诺昔康,.,.,.,CYP2C9,*1/*1,.,.,Hom,剂量指导,正常代谢型,常规用药或降低剂量,以推荐的起始剂量开始治疗，并遵循个体化治疗目标，使用最低有效剂量和最短持续时间。,CPIC,,.,.	E-B25279028895.drug.tsv
E-B25279028895,meloxicam,美洛昔康,.,.,.,CYP2C9,*1/*1,.,.,Hom,剂量指导,正常代谢型,常规用药或降低剂量,以推荐的起始剂量开始治疗，并遵循个体化治疗目标，使用最低有效剂量和最短持续时间。,CPIC,,.,.	E-B25279028895.drug.tsv
E-B25279028895,nateglinide,那格列奈,.,.,.,CYP2C9,*1/*1,.,.,Hom,,正常代谢型,常规用药,常规用药,FDA PGx,,.,.	E-B25279028895.drug.tsv
E-B25279028895,phenytoin,苯妥英,.,.,.,CYP2C9,*1/*1,.,.,Hom,剂量指导,正常代谢型,常规用药,无需调整常规给药策略，但后续剂量应根据药物监测和临床反应调整。,CPIC,,.,.	E-B25279028895.drug.tsv
E-B25279028895,piroxicam,吡罗昔康,.,.,.,CYP2C9,*1/*1,.,.,Hom,剂量指导,正常代谢型,常规用药或降低剂量,以推荐的起始剂量开始治疗，并遵循个体化治疗目标，使用最低有效剂量和最短持续时间。,CPIC,,.,.	E-B25279028895.drug.tsv
E-B25279028895,siponimod,西尼莫德,.,.,.,CYP2C9,*1/*1,.,.,Hom,剂量指导,正常代谢型,常规用药,指南未对正常代谢者的西尼莫德使用提供推荐。,DPWG,,.,.	E-B25279028895.drug.tsv
E-B25279028895,tenoxicam,替诺昔康,.,.,.,CYP2C9,*1/*1,.,.,Hom,剂量指导,正常代谢型,常规用药或降低剂量,以推荐的起始剂量开始治疗，并遵循个体化治疗目标，使用最低有效剂量和最短持续时间。,CPIC,,.,.	E-B25279028895.drug.tsv
E-B25279028895,warfarin,华法林,.,.,.,CYP2C9,*1/*1,.,.,Hom,剂量指导,正常代谢型,常规用药,该指南未对正常代谢者使用华法林提供推荐。,CPIC,,.,.	E-B25279028895.drug.tsv
"E-B25279028895,amitriptyline,阿米替林,""1094.06,66.64,984.06,213.64,305.64,339.64"",""34,5;29,9;0,30;1,28;16,12;22,12"",0.24;0.43;0.97;1.0;0.13;0.35,CYP2D6,*2/*4,""c.1304G>C,c.100C>T,c.733C>T,n.173-1G>A,c.833G>T,c.408G>C"","",p.Val136Val,p.Ser435Thr,p.Arg245Cys,p.Pro34Ser,p.Arg278Leu"",Het,""剂量指导, 预测毒副作用"",中间代谢型,降低剂量,考虑将推荐起始剂量减少25%，并利用治疗药物监测来指导剂量调整。,CPIC,,""rs1135840,rs1058164,rs1065852,rs3892097,rs16947,rs3915951"",""chr22:42126611:C>G,chr22:42129130:C>G,chr22:42130692:G>A,chr22:42127634:C>A,chr22:42128945:C>T,chr22:42127941:G>A"""	E-B25279028895.drug.tsv
"E-B25279028895,amoxapine,阿莫沙平,""1094.06,66.64,984.06,213.64,305.64,339.64"",""34,5;29,9;0,30;1,28;16,12;22,12"",0.24;0.43;0.97;1.0;0.13;0.35,CYP2D6,*2/*4,""c.1304G>C,c.100C>T,c.733C>T,n.173-1G>A,c.833G>T,c.408G>C"","",p.Val136Val,p.Ser435Thr,p.Arg245Cys,p.Pro34Ser,p.Arg278Leu"",Het,不良反应预测,中间代谢型,换药或降低剂量,该药物可能会改变药物在全身的血药浓度。,FDA PGx,,""rs1135840,rs1058164,rs1065852,rs3892097,rs16947,rs3915951"",""chr22:42126611:C>G,chr22:42129130:C>G,chr22:42130692:G>A,chr22:42127634:C>A,chr22:42128945:C>T,chr22:42127941:G>A"""	E-B25279028895.drug.tsv
"E-B25279028895,aripiprazole,阿立哌唑,""1094.06,66.64,984.06,213.64,305.64,339.64"",""34,5;29,9;0,30;1,28;16,12;22,12"",0.24;0.43;0.97;1.0;0.13;0.35,CYP2D6,*2/*4,""c.1304G>C,c.100C>T,c.733C>T,n.173-1G>A,c.833G>T,c.408G>C"","",p.Val136Val,p.Ser435Thr,p.Arg245Cys,p.Pro34Ser,p.Arg278Leu"",Het,剂量指导,中间代谢型,常规用药,该基因-药物相互作用无需采取任何措施。,DPWG,,""rs1135840,rs1058164,rs1065852,rs3892097,rs16947,rs3915951"",""chr22:42126611:C>G,chr22:42129130:C>G,chr22:42130692:G>A,chr22:42127634:C>A,chr22:42128945:C>T,chr22:42127941:G>A"""	E-B25279028895.drug.tsv
"E-B25279028895,aripiprazole lauroxil,阿立哌唑月桂酰氧基甲酯,""1094.06,66.64,984.06,213.64,305.64,339.64"",""34,5;29,9;0,30;1,28;16,12;22,12"",0.24;0.43;0.97;1.0;0.13;0.35,CYP2D6,*2/*4,""c.1304G>C,c.100C>T,c.733C>T,n.173-1G>A,c.833G>T,c.408G>C"","",p.Val136Val,p.Ser435Thr,p.Arg245Cys,p.Pro34Ser,p.Arg278Leu"",Het,,中间代谢型,常规用药,常规用药,FDA Label,,""rs1135840,rs1058164,rs1065852,rs3892097,rs16947,rs3915951"",""chr22:42126611:C>G,chr22:42129130:C>G,chr22:42130692:G>A,chr22:42127634:C>A,chr22:42128945:C>T,chr22:42127941:G>A"""	E-B25279028895.drug.tsv
"E-B25279028895,atomoxetine,托莫西汀,""1094.06,66.64,984.06,213.64,305.64,339.64"",""34,5;29,9;0,30;1,28;16,12;22,12"",0.24;0.43;0.97;1.0;0.13;0.35,CYP2D6,*2/*4,""c.1304G>C,c.100C>T,c.733C>T,n.173-1G>A,c.833G>T,c.408G>C"","",p.Val136Val,p.Ser435Thr,p.Arg245Cys,p.Pro34Ser,p.Arg278Leu"",Het,""剂量指导, 预测疗效"",中间代谢型,增加剂量,初始剂量为0.5毫克/公斤/天并逐步加量，若反应不佳可根据血药峰浓度指导后续剂量调整。,CPIC,,""rs1135840,rs1058164,rs1065852,rs3892097,rs16947,rs3915951"",""chr22:42126611:C>G,chr22:42129130:C>G,chr22:42130692:G>A,chr22:42127634:C>A,chr22:42128945:C>T,chr22:42127941:G>A"""	E-B25279028895.drug.tsv
"E-B25279028895,brexpiprazole,布瑞哌唑,""1094.06,66.64,984.06,213.64,305.64,339.64"",""34,5;29,9;0,30;1,28;16,12;22,12"",0.24;0.43;0.97;1.0;0.13;0.35,CYP2D6,*2/*4,""c.1304G>C,c.100C>T,c.733C>T,n.173-1G>A,c.833G>T,c.408G>C"","",p.Val136Val,p.Ser435Thr,p.Arg245Cys,p.Pro34Ser,p.Arg278Leu"",Het,剂量指导,中间代谢型,常规用药,此基因-药物相互作用无需采取任何措施。,DPWG,,""rs1135840,rs1058164,rs1065852,rs3892097,rs16947,rs3915951"",""chr22:42126611:C>G,chr22:42129130:C>G,chr22:42130692:G>A,chr22:42127634:C>A,chr22:42128945:C>T,chr22:42127941:G>A"""	E-B25279028895.drug.tsv
"E-B25279028895,carvedilol,卡维地洛,""1094.06,66.64,984.06,213.64,305.64,339.64"",""34,5;29,9;0,30;1,28;16,12;22,12"",0.24;0.43;0.97;1.0;0.13;0.35,CYP2D6,*2/*4,""c.1304G>C,c.100C>T,c.733C>T,n.173-1G>A,c.833G>T,c.408G>C"","",p.Val136Val,p.Ser435Thr,p.Arg245Cys,p.Pro34Ser,p.Arg278Leu"",Het,,中间代谢型,常规用药,常规用药,FDA PGx,,""rs1135840,rs1058164,rs1065852,rs3892097,rs16947,rs3915951"",""chr22:42126611:C>G,chr22:42129130:C>G,chr22:42130692:G>A,chr22:42127634:C>A,chr22:42128945:C>T,chr22:42127941:G>A"""	E-B25279028895.drug.tsv
"E-B25279028895,cevimeline,西维美林,""1094.06,66.64,984.06,213.64,305.64,339.64"",""34,5;29,9;0,30;1,28;16,12;22,12"",0.24;0.43;0.97;1.0;0.13;0.35,CYP2D6,*2/*4,""c.1304G>C,c.100C>T,c.733C>T,n.173-1G>A,c.833G>T,c.408G>C"","",p.Val136Val,p.Ser435Thr,p.Arg245Cys,p.Pro34Ser,p.Arg278Leu"",Het,,中间代谢型,常规用药,常规用药,FDA Label,,""rs1135840,rs1058164,rs1065852,rs3892097,rs16947,rs3915951"",""chr22:42126611:C>G,chr22:42129130:C>G,chr22:42130692:G>A,chr22:42127634:C>A,chr22:42128945:C>T,chr22:42127941:G>A"""	E-B25279028895.drug.tsv
"E-B25279028895,clomipramine,氯米帕明,""1094.06,66.64,984.06,213.64,305.64,339.64"",""34,5;29,9;0,30;1,28;16,12;22,12"",0.24;0.43;0.97;1.0;0.13;0.35,CYP2D6,*2/*4,""c.1304G>C,c.100C>T,c.733C>T,n.173-1G>A,c.833G>T,c.408G>C"","",p.Val136Val,p.Ser435Thr,p.Arg245Cys,p.Pro34Ser,p.Arg278Leu"",Het,""剂量指导, 预测毒副作用"",中间代谢型,降低剂量,考虑将推荐起始剂量减少25%，并利用治疗药物监测来指导剂量调整。,CPIC,,""rs1135840,rs1058164,rs1065852,rs3892097,rs16947,rs3915951"",""chr22:42126611:C>G,chr22:42129130:C>G,chr22:42130692:G>A,chr22:42127634:C>A,chr22:42128945:C>T,chr22:42127941:G>A"""	E-B25279028895.drug.tsv
"E-B25279028895,clozapine,氯氮平,""1094.06,66.64,984.06,213.64,305.64,339.64"",""34,5;29,9;0,30;1,28;16,12;22,12"",0.24;0.43;0.97;1.0;0.13;0.35,CYP2D6,*2/*4,""c.1304G>C,c.100C>T,c.733C>T,n.173-1G>A,c.833G>T,c.408G>C"","",p.Val136Val,p.Ser435Thr,p.Arg245Cys,p.Pro34Ser,p.Arg278Leu"",Het,,中间代谢型,常规用药,常规用药,FDA Label,,""rs1135840,rs1058164,rs1065852,rs3892097,rs16947,rs3915951"",""chr22:42126611:C>G,chr22:42129130:C>G,chr22:42130692:G>A,chr22:42127634:C>A,chr22:42128945:C>T,chr22:42127941:G>A"""	E-B25279028895.drug.tsv
"E-B25279028895,codeine,可待因,""1094.06,66.64,984.06,213.64,305.64,339.64"",""34,5;29,9;0,30;1,28;16,12;22,12"",0.24;0.43;0.97;1.0;0.13;0.35,CYP2D6,*2/*4,""c.1304G>C,c.100C>T,c.733C>T,n.173-1G>A,c.833G>T,c.408G>C"","",p.Val136Val,p.Ser435Thr,p.Arg245Cys,p.Pro34Ser,p.Arg278Leu"",Het,""剂量指导, 预测疗效"",中间代谢型,换药,按药品说明书推荐的剂量使用可待因；若无效，可考虑换用非曲马多类的阿片药物。,CPIC,,""rs1135840,rs1058164,rs1065852,rs3892097,rs16947,rs3915951"",""chr22:42126611:C>G,chr22:42129130:C>G,chr22:42130692:G>A,chr22:42127634:C>A,chr22:42128945:C>T,chr22:42127941:G>A"""	E-B25279028895.drug.tsv
"E-B25279028895,darifenacin,达非那新,""1094.06,66.64,984.06,213.64,305.64,339.64"",""34,5;29,9;0,30;1,28;16,12;22,12"",0.24;0.43;0.97;1.0;0.13;0.35,CYP2D6,*2/*4,""c.1304G>C,c.100C>T,c.733C>T,n.173-1G>A,c.833G>T,c.408G>C"","",p.Val136Val,p.Ser435Thr,p.Arg245Cys,p.Pro34Ser,p.Arg278Leu"",Het,,中间代谢型,常规用药,常规用药,FDA PGx,,""rs1135840,rs1058164,rs1065852,rs3892097,rs16947,rs3915951"",""chr22:42126611:C>G,chr22:42129130:C>G,chr22:42130692:G>A,chr22:42127634:C>A,chr22:42128945:C>T,chr22:42127941:G>A"""	E-B25279028895.drug.tsv
"E-B25279028895,desipramine,地昔帕明,""1094.06,66.64,984.06,213.64,305.64,339.64"",""34,5;29,9;0,30;1,28;16,12;22,12"",0.24;0.43;0.97;1.0;0.13;0.35,CYP2D6,*2/*4,""c.1304G>C,c.100C>T,c.733C>T,n.173-1G>A,c.833G>T,c.408G>C"","",p.Val136Val,p.Ser435Thr,p.Arg245Cys,p.Pro34Ser,p.Arg278Leu"",Het,""剂量指导, 预测毒副作用"",中间代谢型,降低剂量,考虑将推荐起始剂量减少25%，并根据临床反应和药物监测进行剂量调整。,CPIC,,""rs1135840,rs1058164,rs1065852,rs3892097,rs16947,rs3915951"",""chr22:42126611:C>G,chr22:42129130:C>G,chr22:42130692:G>A,chr22:42127634:C>A,chr22:42128945:C>T,chr22:42127941:G>A"""	E-B25279028895.drug.tsv
"E-B25279028895,deutetrabenazine,氘丁苯那嗪,""1094.06,66.64,984.06,213.64,305.64,339.64"",""34,5;29,9;0,30;1,28;16,12;22,12"",0.24;0.43;0.97;1.0;0.13;0.35,CYP2D6,*2/*4,""c.1304G>C,c.100C>T,c.733C>T,n.173-1G>A,c.833G>T,c.408G>C"","",p.Val136Val,p.Ser435Thr,p.Arg245Cys,p.Pro34Ser,p.Arg278Leu"",Het,,中间代谢型,常规用药,常规用药,FDA Label,,""rs1135840,rs1058164,rs1065852,rs3892097,rs16947,rs3915951"",""chr22:42126611:C>G,chr22:42129130:C>G,chr22:42130692:G>A,chr22:42127634:C>A,chr22:42128945:C>T,chr22:42127941:G>A"""	E-B25279028895.drug.tsv
"E-B25279028895,donepezil,多奈哌齐,""1094.06,66.64,984.06,213.64,305.64,339.64"",""34,5;29,9;0,30;1,28;16,12;22,12"",0.24;0.43;0.97;1.0;0.13;0.35,CYP2D6,*2/*4,""c.1304G>C,c.100C>T,c.733C>T,n.173-1G>A,c.833G>T,c.408G>C"","",p.Val136Val,p.Ser435Thr,p.Arg245Cys,p.Pro34Ser,p.Arg278Leu"",Het,,中间代谢型,常规用药,常规用药,FDA PGx,,""rs1135840,rs1058164,rs1065852,rs3892097,rs16947,rs3915951"",""chr22:42126611:C>G,chr22:42129130:C>G,chr22:42130692:G>A,chr22:42127634:C>A,chr22:42128945:C>T,chr22:42127941:G>A"""	E-B25279028895.drug.tsv
"E-B25279028895,doxepin,多塞平,""1094.06,66.64,984.06,213.64,305.64,339.64"",""34,5;29,9;0,30;1,28;16,12;22,12"",0.24;0.43;0.97;1.0;0.13;0.35,CYP2D6,*2/*4,""c.1304G>C,c.100C>T,c.733C>T,n.173-1G>A,c.833G>T,c.408G>C"","",p.Val136Val,p.Ser435Thr,p.Arg245Cys,p.Pro34Ser,p.Arg278Leu"",Het,""剂量指导, 预测毒副作用"",中间代谢型,降低剂量,考虑将推荐起始剂量减少25%，并利用治疗药物监测来指导剂量调整。,CPIC,,""rs1135840,rs1058164,rs1065852,rs3892097,rs16947,rs3915951"",""chr22:42126611:C>G,chr22:42129130:C>G,chr22:42130692:G>A,chr22:42127634:C>A,chr22:42128945:C>T,chr22:42127941:G>A"""	E-B25279028895.drug.tsv
"E-B25279028895,eliglustat,依利格鲁司,""1094.06,66.64,984.06,213.64,305.64,339.64"",""34,5;29,9;0,30;1,28;16,12;22,12"",0.24;0.43;0.97;1.0;0.13;0.35,CYP2D6,*2/*4,""c.1304G>C,c.100C>T,c.733C>T,n.173-1G>A,c.833G>T,c.408G>C"","",p.Val136Val,p.Ser435Thr,p.Arg245Cys,p.Pro34Ser,p.Arg278Leu"",Het,预测疗效,中间代谢型,换药,当与中强效CYP2D6抑制剂和中强效CYP3A抑制剂同时用药时：,DPWG,,""rs1135840,rs1058164,rs1065852,rs3892097,rs16947,rs3915951"",""chr22:42126611:C>G,chr22:42129130:C>G,chr22:42130692:G>A,chr22:42127634:C>A,chr22:42128945:C>T,chr22:42127941:G>A"""	E-B25279028895.drug.tsv
"E-B25279028895,fesoterodine,非索罗定,""1094.06,66.64,984.06,213.64,305.64,339.64"",""34,5;29,9;0,30;1,28;16,12;22,12"",0.24;0.43;0.97;1.0;0.13;0.35,CYP2D6,*2/*4,""c.1304G>C,c.100C>T,c.733C>T,n.173-1G>A,c.833G>T,c.408G>C"","",p.Val136Val,p.Ser435Thr,p.Arg245Cys,p.Pro34Ser,p.Arg278Leu"",Het,,中间代谢型,常规用药,常规用药,FDA PGx,,""rs1135840,rs1058164,rs1065852,rs3892097,rs16947,rs3915951"",""chr22:42126611:C>G,chr22:42129130:C>G,chr22:42130692:G>A,chr22:42127634:C>A,chr22:42128945:C>T,chr22:42127941:G>A"""	E-B25279028895.drug.tsv
"E-B25279028895,flecainide,氟卡尼,""1094.06,66.64,984.06,213.64,305.64,339.64"",""34,5;29,9;0,30;1,28;16,12;22,12"",0.24;0.43;0.97;1.0;0.13;0.35,CYP2D6,*2/*4,""c.1304G>C,c.100C>T,c.733C>T,n.173-1G>A,c.833G>T,c.408G>C"","",p.Val136Val,p.Ser435Thr,p.Arg245Cys,p.Pro34Ser,p.Arg278Leu"",Het,剂量指导,中间代谢型,降低剂量,除Brugada综合征诊断外的适应症：,DPWG,,""rs1135840,rs1058164,rs1065852,rs3892097,rs16947,rs3915951"",""chr22:42126611:C>G,chr22:42129130:C>G,chr22:42130692:G>A,chr22:42127634:C>A,chr22:42128945:C>T,chr22:42127941:G>A"""	E-B25279028895.drug.tsv
"E-B25279028895,fluoxetine,氟西汀,""1094.06,66.64,984.06,213.64,305.64,339.64"",""34,5;29,9;0,30;1,28;16,12;22,12"",0.24;0.43;0.97;1.0;0.13;0.35,CYP2D6,*2/*4,""c.1304G>C,c.100C>T,c.733C>T,n.173-1G>A,c.833G>T,c.408G>C"","",p.Val136Val,p.Ser435Thr,p.Arg245Cys,p.Pro34Ser,p.Arg278Leu"",Het,,中间代谢型,常规用药,常规用药,FDA Label,,""rs1135840,rs1058164,rs1065852,rs3892097,rs16947,rs3915951"",""chr22:42126611:C>G,chr22:42129130:C>G,chr22:42130692:G>A,chr22:42127634:C>A,chr22:42128945:C>T,chr22:42127941:G>A"""	E-B25279028895.drug.tsv
"E-B25279028895,fluvoxamine,氟伏沙明,""1094.06,66.64,984.06,213.64,305.64,339.64"",""34,5;29,9;0,30;1,28;16,12;22,12"",0.24;0.43;0.97;1.0;0.13;0.35,CYP2D6,*2/*4,""c.1304G>C,c.100C>T,c.733C>T,n.173-1G>A,c.833G>T,c.408G>C"","",p.Val136Val,p.Ser435Thr,p.Arg245Cys,p.Pro34Ser,p.Arg278Leu"",Het,剂量指导,中间代谢型,常规用药,以推荐的起始剂量开始治疗。,CPIC,,""rs1135840,rs1058164,rs1065852,rs3892097,rs16947,rs3915951"",""chr22:42126611:C>G,chr22:42129130:C>G,chr22:42130692:G>A,chr22:42127634:C>A,chr22:42128945:C>T,chr22:42127941:G>A"""	E-B25279028895.drug.tsv
"E-B25279028895,galantamine,加兰他敏,""1094.06,66.64,984.06,213.64,305.64,339.64"",""34,5;29,9;0,30;1,28;16,12;22,12"",0.24;0.43;0.97;1.0;0.13;0.35,CYP2D6,*2/*4,""c.1304G>C,c.100C>T,c.733C>T,n.173-1G>A,c.833G>T,c.408G>C"","",p.Val136Val,p.Ser435Thr,p.Arg245Cys,p.Pro34Ser,p.Arg278Leu"",Het,,中间代谢型,常规用药,常规用药,FDA PGx,,""rs1135840,rs1058164,rs1065852,rs3892097,rs16947,rs3915951"",""chr22:42126611:C>G,chr22:42129130:C>G,chr22:42130692:G>A,chr22:42127634:C>A,chr22:42128945:C>T,chr22:42127941:G>A"""	E-B25279028895.drug.tsv
"E-B25279028895,gefitinib,吉非替尼,""1094.06,66.64,984.06,213.64,305.64,339.64"",""34,5;29,9;0,30;1,28;16,12;22,12"",0.24;0.43;0.97;1.0;0.13;0.35,CYP2D6,*2/*4,""c.1304G>C,c.100C>T,c.733C>T,n.173-1G>A,c.833G>T,c.408G>C"","",p.Val136Val,p.Ser435Thr,p.Arg245Cys,p.Pro34Ser,p.Arg278Leu"",Het,,中间代谢型,常规用药,常规用药,FDA Label,,""rs1135840,rs1058164,rs1065852,rs3892097,rs16947,rs3915951"",""chr22:42126611:C>G,chr22:42129130:C>G,chr22:42130692:G>A,chr22:42127634:C>A,chr22:42128945:C>T,chr22:42127941:G>A"""	E-B25279028895.drug.tsv
"E-B25279028895,haloperidol,氟哌啶醇,""1094.06,66.64,984.06,213.64,305.64,339.64"",""34,5;29,9;0,30;1,28;16,12;22,12"",0.24;0.43;0.97;1.0;0.13;0.35,CYP2D6,*2/*4,""c.1304G>C,c.100C>T,c.733C>T,n.173-1G>A,c.833G>T,c.408G>C"","",p.Val136Val,p.Ser435Thr,p.Arg245Cys,p.Pro34Ser,p.Arg278Leu"",Het,剂量指导,中间代谢型,常规用药,此基因-药物相互作用无需采取任何措施。,DPWG,,""rs1135840,rs1058164,rs1065852,rs3892097,rs16947,rs3915951"",""chr22:42126611:C>G,chr22:42129130:C>G,chr22:42130692:G>A,chr22:42127634:C>A,chr22:42128945:C>T,chr22:42127941:G>A"""	E-B25279028895.drug.tsv
"E-B25279028895,iloperidone,伊潘立酮,""1094.06,66.64,984.06,213.64,305.64,339.64"",""34,5;29,9;0,30;1,28;16,12;22,12"",0.24;0.43;0.97;1.0;0.13;0.35,CYP2D6,*2/*4,""c.1304G>C,c.100C>T,c.733C>T,n.173-1G>A,c.833G>T,c.408G>C"","",p.Val136Val,p.Ser435Thr,p.Arg245Cys,p.Pro34Ser,p.Arg278Leu"",Het,,中间代谢型,常规用药,常规用药,FDA Label,,""rs1135840,rs1058164,rs1065852,rs3892097,rs16947,rs3915951"",""chr22:42126611:C>G,chr22:42129130:C>G,chr22:42130692:G>A,chr22:42127634:C>A,chr22:42128945:C>T,chr22:42127941:G>A"""	E-B25279028895.drug.tsv
"E-B25279028895,imipramine,丙米嗪,""1094.06,66.64,984.06,213.64,305.64,339.64"",""34,5;29,9;0,30;1,28;16,12;22,12"",0.24;0.43;0.97;1.0;0.13;0.35,CYP2D6,*2/*4,""c.1304G>C,c.100C>T,c.733C>T,n.173-1G>A,c.833G>T,c.408G>C"","",p.Val136Val,p.Ser435Thr,p.Arg245Cys,p.Pro34Ser,p.Arg278Leu"",Het,""剂量指导, 预测毒副作用"",中间代谢型,降低剂量,考虑将推荐起始剂量减少25%，并利用治疗药物监测来指导剂量调整。,CPIC,,""rs1135840,rs1058164,rs1065852,rs3892097,rs16947,rs3915951"",""chr22:42126611:C>G,chr22:42129130:C>G,chr22:42130692:G>A,chr22:42127634:C>A,chr22:42128945:C>T,chr22:42127941:G>A"""	E-B25279028895.drug.tsv
"E-B25279028895,lofexidine,洛非西定,""1094.06,66.64,984.06,213.64,305.64,339.64"",""34,5;29,9;0,30;1,28;16,12;22,12"",0.24;0.43;0.97;1.0;0.13;0.35,CYP2D6,*2/*4,""c.1304G>C,c.100C>T,c.733C>T,n.173-1G>A,c.833G>T,c.408G>C"","",p.Val136Val,p.Ser435Thr,p.Arg245Cys,p.Pro34Ser,p.Arg278Leu"",Het,,中间代谢型,常规用药,常规用药,FDA Label,,""rs1135840,rs1058164,rs1065852,rs3892097,rs16947,rs3915951"",""chr22:42126611:C>G,chr22:42129130:C>G,chr22:42130692:G>A,chr22:42127634:C>A,chr22:42128945:C>T,chr22:42127941:G>A"""	E-B25279028895.drug.tsv
"E-B25279028895,meclizine,美克洛嗪,""1094.06,66.64,984.06,213.64,305.64,339.64"",""34,5;29,9;0,30;1,28;16,12;22,12"",0.24;0.43;0.97;1.0;0.13;0.35,CYP2D6,*2/*4,""c.1304G>C,c.100C>T,c.733C>T,n.173-1G>A,c.833G>T,c.408G>C"","",p.Val136Val,p.Ser435Thr,p.Arg245Cys,p.Pro34Ser,p.Arg278Leu"",Het,""不良反应预测, 预测疗效"",中间代谢型,换药,当给具有CYP2D6多态性的患者使用美克洛嗪时，应相应监测其不良反应和临床效果。,FDA Label,,""rs1135840,rs1058164,rs1065852,rs3892097,rs16947,rs3915951"",""chr22:42126611:C>G,chr22:42129130:C>G,chr22:42130692:G>A,chr22:42127634:C>A,chr22:42128945:C>T,chr22:42127941:G>A"""	E-B25279028895.drug.tsv
"E-B25279028895,metoclopramide,甲氧氯普胺,""1094.06,66.64,984.06,213.64,305.64,339.64"",""34,5;29,9;0,30;1,28;16,12;22,12"",0.24;0.43;0.97;1.0;0.13;0.35,CYP2D6,*2/*4,""c.1304G>C,c.100C>T,c.733C>T,n.173-1G>A,c.833G>T,c.408G>C"","",p.Val136Val,p.Ser435Thr,p.Arg245Cys,p.Pro34Ser,p.Arg278Leu"",Het,,中间代谢型,常规用药,常规用药,FDA Label,,""rs1135840,rs1058164,rs1065852,rs3892097,rs16947,rs3915951"",""chr22:42126611:C>G,chr22:42129130:C>G,chr22:42130692:G>A,chr22:42127634:C>A,chr22:42128945:C>T,chr22:42127941:G>A"""	E-B25279028895.drug.tsv
"E-B25279028895,metoprolol,美托洛尔,""1094.06,66.64,984.06,213.64,305.64,339.64"",""34,5;29,9;0,30;1,28;16,12;22,12"",0.24;0.43;0.97;1.0;0.13;0.35,CYP2D6,*2/*4,""c.1304G>C,c.100C>T,c.733C>T,n.173-1G>A,c.833G>T,c.408G>C"","",p.Val136Val,p.Ser435Thr,p.Arg245Cys,p.Pro34Ser,p.Arg278Leu"",Het,剂量指导,中间代谢型,常规用药,开始标准剂量给药。,CPIC,,""rs1135840,rs1058164,rs1065852,rs3892097,rs16947,rs3915951"",""chr22:42126611:C>G,chr22:42129130:C>G,chr22:42130692:G>A,chr22:42127634:C>A,chr22:42128945:C>T,chr22:42127941:G>A"""	E-B25279028895.drug.tsv
"E-B25279028895,mirabegron,米拉贝隆,""1094.06,66.64,984.06,213.64,305.64,339.64"",""34,5;29,9;0,30;1,28;16,12;22,12"",0.24;0.43;0.97;1.0;0.13;0.35,CYP2D6,*2/*4,""c.1304G>C,c.100C>T,c.733C>T,n.173-1G>A,c.833G>T,c.408G>C"","",p.Val136Val,p.Ser435Thr,p.Arg245Cys,p.Pro34Ser,p.Arg278Leu"",Het,,中间代谢型,常规用药,常规用药,FDA PGx,,""rs1135840,rs1058164,rs1065852,rs3892097,rs16947,rs3915951"",""chr22:42126611:C>G,chr22:42129130:C>G,chr22:42130692:G>A,chr22:42127634:C>A,chr22:42128945:C>T,chr22:42127941:G>A"""	E-B25279028895.drug.tsv
"E-B25279028895,nebivolol,奈必洛尔,""1094.06,66.64,984.06,213.64,305.64,339.64"",""34,5;29,9;0,30;1,28;16,12;22,12"",0.24;0.43;0.97;1.0;0.13;0.35,CYP2D6,*2/*4,""c.1304G>C,c.100C>T,c.733C>T,n.173-1G>A,c.833G>T,c.408G>C"","",p.Val136Val,p.Ser435Thr,p.Arg245Cys,p.Pro34Ser,p.Arg278Leu"",Het,,中间代谢型,常规用药,常规用药,FDA PGx,,""rs1135840,rs1058164,rs1065852,rs3892097,rs16947,rs3915951"",""chr22:42126611:C>G,chr22:42129130:C>G,chr22:42130692:G>A,chr22:42127634:C>A,chr22:42128945:C>T,chr22:42127941:G>A"""	E-B25279028895.drug.tsv
"E-B25279028895,nortriptyline,去甲替林,""1094.06,66.64,984.06,213.64,305.64,339.64"",""34,5;29,9;0,30;1,28;16,12;22,12"",0.24;0.43;0.97;1.0;0.13;0.35,CYP2D6,*2/*4,""c.1304G>C,c.100C>T,c.733C>T,n.173-1G>A,c.833G>T,c.408G>C"","",p.Val136Val,p.Ser435Thr,p.Arg245Cys,p.Pro34Ser,p.Arg278Leu"",Het,""剂量指导, 预测毒副作用"",中间代谢型,降低剂量,考虑将推荐起始剂量减少25%，并根据临床反应和药物监测进行剂量调整。,CPIC,,""rs1135840,rs1058164,rs1065852,rs3892097,rs16947,rs3915951"",""chr22:42126611:C>G,chr22:42129130:C>G,chr22:42130692:G>A,chr22:42127634:C>A,chr22:42128945:C>T,chr22:42127941:G>A"""	E-B25279028895.drug.tsv
"E-B25279028895,ondansetron,昂丹司琼,""1094.06,66.64,984.06,213.64,305.64,339.64"",""34,5;29,9;0,30;1,28;16,12;22,12"",0.24;0.43;0.97;1.0;0.13;0.35,CYP2D6,*2/*4,""c.1304G>C,c.100C>T,c.733C>T,n.173-1G>A,c.833G>T,c.408G>C"","",p.Val136Val,p.Ser435Thr,p.Arg245Cys,p.Pro34Ser,p.Arg278Leu"",Het,剂量指导,中间代谢型,常规用药,由于缺乏基于CYP2D6基因型的临床影响证据，应以推荐的起始剂量开始治疗。,CPIC,,""rs1135840,rs1058164,rs1065852,rs3892097,rs16947,rs3915951"",""chr22:42126611:C>G,chr22:42129130:C>G,chr22:42130692:G>A,chr22:42127634:C>A,chr22:42128945:C>T,chr22:42127941:G>A"""	E-B25279028895.drug.tsv
"E-B25279028895,paroxetine,帕罗西汀,""1094.06,66.64,984.06,213.64,305.64,339.64"",""34,5;29,9;0,30;1,28;16,12;22,12"",0.24;0.43;0.97;1.0;0.13;0.35,CYP2D6,*2/*4,""c.1304G>C,c.100C>T,c.733C>T,n.173-1G>A,c.833G>T,c.408G>C"","",p.Val136Val,p.Ser435Thr,p.Arg245Cys,p.Pro34Ser,p.Arg278Leu"",Het,剂量指导,中间代谢型,降低剂量,与正常代谢者相比，应考虑使用更低的起始剂量和更慢的滴定速度。,CPIC,,""rs1135840,rs1058164,rs1065852,rs3892097,rs16947,rs3915951"",""chr22:42126611:C>G,chr22:42129130:C>G,chr22:42130692:G>A,chr22:42127634:C>A,chr22:42128945:C>T,chr22:42127941:G>A"""	E-B25279028895.drug.tsv
"E-B25279028895,perphenazine,奋乃静,""1094.06,66.64,984.06,213.64,305.64,339.64"",""34,5;29,9;0,30;1,28;16,12;22,12"",0.24;0.43;0.97;1.0;0.13;0.35,CYP2D6,*2/*4,""c.1304G>C,c.100C>T,c.733C>T,n.173-1G>A,c.833G>T,c.408G>C"","",p.Val136Val,p.Ser435Thr,p.Arg245Cys,p.Pro34Ser,p.Arg278Leu"",Het,,中间代谢型,常规用药,常规用药,FDA PGx,,""rs1135840,rs1058164,rs1065852,rs3892097,rs16947,rs3915951"",""chr22:42126611:C>G,chr22:42129130:C>G,chr22:42130692:G>A,chr22:42127634:C>A,chr22:42128945:C>T,chr22:42127941:G>A"""	E-B25279028895.drug.tsv
"E-B25279028895,pimozide,匹莫齐特,""1094.06,66.64,984.06,213.64,305.64,339.64"",""34,5;29,9;0,30;1,28;16,12;22,12"",0.24;0.43;0.97;1.0;0.13;0.35,CYP2D6,*2/*4,""c.1304G>C,c.100C>T,c.733C>T,n.173-1G>A,c.833G>T,c.408G>C"","",p.Val136Val,p.Ser435Thr,p.Arg245Cys,p.Pro34Ser,p.Arg278Leu"",Het,剂量指导,中间代谢型,降低剂量,使用剂量不超过正常最大剂量的80%。,DPWG,,""rs1135840,rs1058164,rs1065852,rs3892097,rs16947,rs3915951"",""chr22:42126611:C>G,chr22:42129130:C>G,chr22:42130692:G>A,chr22:42127634:C>A,chr22:42128945:C>T,chr22:42127941:G>A"""	E-B25279028895.drug.tsv
"E-B25279028895,pitolisant,替洛利生,""1094.06,66.64,984.06,213.64,305.64,339.64"",""34,5;29,9;0,30;1,28;16,12;22,12"",0.24;0.43;0.97;1.0;0.13;0.35,CYP2D6,*2/*4,""c.1304G>C,c.100C>T,c.733C>T,n.173-1G>A,c.833G>T,c.408G>C"","",p.Val136Val,p.Ser435Thr,p.Arg245Cys,p.Pro34Ser,p.Arg278Leu"",Het,,中间代谢型,常规用药,常规用药,FDA Label,,""rs1135840,rs1058164,rs1065852,rs3892097,rs16947,rs3915951"",""chr22:42126611:C>G,chr22:42129130:C>G,chr22:42130692:G>A,chr22:42127634:C>A,chr22:42128945:C>T,chr22:42127941:G>A"""	E-B25279028895.drug.tsv
"E-B25279028895,propafenone,普罗帕酮,""1094.06,66.64,984.06,213.64,305.64,339.64"",""34,5;29,9;0,30;1,28;16,12;22,12"",0.24;0.43;0.97;1.0;0.13;0.35,CYP2D6,*2/*4,""c.1304G>C,c.100C>T,c.733C>T,n.173-1G>A,c.833G>T,c.408G>C"","",p.Val136Val,p.Ser435Thr,p.Arg245Cys,p.Pro34Ser,p.Arg278Leu"",Het,疗效预测,中间代谢型,常规用药或换药,文献证据不足，无法提供充分的剂量调整建议。,DPWG,,""rs1135840,rs1058164,rs1065852,rs3892097,rs16947,rs3915951"",""chr22:42126611:C>G,chr22:42129130:C>G,chr22:42130692:G>A,chr22:42127634:C>A,chr22:42128945:C>T,chr22:42127941:G>A"""	E-B25279028895.drug.tsv
"E-B25279028895,propranolol,普萘洛尔,""1094.06,66.64,984.06,213.64,305.64,339.64"",""34,5;29,9;0,30;1,28;16,12;22,12"",0.24;0.43;0.97;1.0;0.13;0.35,CYP2D6,*2/*4,""c.1304G>C,c.100C>T,c.733C>T,n.173-1G>A,c.833G>T,c.408G>C"","",p.Val136Val,p.Ser435Thr,p.Arg245Cys,p.Pro34Ser,p.Arg278Leu"",Het,,中间代谢型,常规用药,常规用药,FDA PGx,,""rs1135840,rs1058164,rs1065852,rs3892097,rs16947,rs3915951"",""chr22:42126611:C>G,chr22:42129130:C>G,chr22:42130692:G>A,chr22:42127634:C>A,chr22:42128945:C>T,chr22:42127941:G>A"""	E-B25279028895.drug.tsv
"E-B25279028895,protriptyline,普罗替林,""1094.06,66.64,984.06,213.64,305.64,339.64"",""34,5;29,9;0,30;1,28;16,12;22,12"",0.24;0.43;0.97;1.0;0.13;0.35,CYP2D6,*2/*4,""c.1304G>C,c.100C>T,c.733C>T,n.173-1G>A,c.833G>T,c.408G>C"","",p.Val136Val,p.Ser435Thr,p.Arg245Cys,p.Pro34Ser,p.Arg278Leu"",Het,,中间代谢型,常规用药,常规用药,FDA PGx,,""rs1135840,rs1058164,rs1065852,rs3892097,rs16947,rs3915951"",""chr22:42126611:C>G,chr22:42129130:C>G,chr22:42130692:G>A,chr22:42127634:C>A,chr22:42128945:C>T,chr22:42127941:G>A"""	E-B25279028895.drug.tsv
"E-B25279028895,risperidone,利培酮,""1094.06,66.64,984.06,213.64,305.64,339.64"",""34,5;29,9;0,30;1,28;16,12;22,12"",0.24;0.43;0.97;1.0;0.13;0.35,CYP2D6,*2/*4,""c.1304G>C,c.100C>T,c.733C>T,n.173-1G>A,c.833G>T,c.408G>C"","",p.Val136Val,p.Ser435Thr,p.Arg245Cys,p.Pro34Ser,p.Arg278Leu"",Het,剂量指导,中间代谢型,常规用药,该基因-药物相互作用无需采取任何措施。,DPWG,,""rs1135840,rs1058164,rs1065852,rs3892097,rs16947,rs3915951"",""chr22:42126611:C>G,chr22:42129130:C>G,chr22:42130692:G>A,chr22:42127634:C>A,chr22:42128945:C>T,chr22:42127941:G>A"""	E-B25279028895.drug.tsv
"E-B25279028895,tamoxifen,他莫昔芬,""1094.06,66.64,984.06,213.64,305.64,339.64"",""34,5;29,9;0,30;1,28;16,12;22,12"",0.24;0.43;0.97;1.0;0.13;0.35,CYP2D6,*2/*4,""c.1304G>C,c.100C>T,c.733C>T,n.173-1G>A,c.833G>T,c.408G>C"","",p.Val136Val,p.Ser435Thr,p.Arg245Cys,p.Pro34Ser,p.Arg278Leu"",Het,""剂量指导, 预测疗效"",中间代谢型,增加剂量,无论CYP2D6基因型如何，芳香化酶抑制剂均优于他莫昔芬；若禁用，可考虑使用更高剂量的他莫昔芬。,CPIC,,""rs1135840,rs1058164,rs1065852,rs3892097,rs16947,rs3915951"",""chr22:42126611:C>G,chr22:42129130:C>G,chr22:42130692:G>A,chr22:42127634:C>A,chr22:42128945:C>T,chr22:42127941:G>A"""	E-B25279028895.drug.tsv
"E-B25279028895,tamsulosin,坦索罗辛,""1094.06,66.64,984.06,213.64,305.64,339.64"",""34,5;29,9;0,30;1,28;16,12;22,12"",0.24;0.43;0.97;1.0;0.13;0.35,CYP2D6,*2/*4,""c.1304G>C,c.100C>T,c.733C>T,n.173-1G>A,c.833G>T,c.408G>C"","",p.Val136Val,p.Ser435Thr,p.Arg245Cys,p.Pro34Ser,p.Arg278Leu"",Het,,中间代谢型,常规用药,常规用药,FDA Label,,""rs1135840,rs1058164,rs1065852,rs3892097,rs16947,rs3915951"",""chr22:42126611:C>G,chr22:42129130:C>G,chr22:42130692:G>A,chr22:42127634:C>A,chr22:42128945:C>T,chr22:42127941:G>A"""	E-B25279028895.drug.tsv
"E-B25279028895,tetrabenazine,丁苯那嗪,""1094.06,66.64,984.06,213.64,305.64,339.64"",""34,5;29,9;0,30;1,28;16,12;22,12"",0.24;0.43;0.97;1.0;0.13;0.35,CYP2D6,*2/*4,""c.1304G>C,c.100C>T,c.733C>T,n.173-1G>A,c.833G>T,c.408G>C"","",p.Val136Val,p.Ser435Thr,p.Arg245Cys,p.Pro34Ser,p.Arg278Leu"",Het,剂量指导,中间代谢型,降低剂量,对于需要每日剂量超过50毫克的丁苯那嗪患者，应每周缓慢增加12.5毫克，直至找到可耐受的剂量，最大日剂量为100毫克。,FDA Label,,""rs1135840,rs1058164,rs1065852,rs3892097,rs16947,rs3915951"",""chr22:42126611:C>G,chr22:42129130:C>G,chr22:42130692:G>A,chr22:42127634:C>A,chr22:42128945:C>T,chr22:42127941:G>A"""	E-B25279028895.drug.tsv
"E-B25279028895,thioridazine,硫利达嗪,""1094.06,66.64,984.06,213.64,305.64,339.64"",""34,5;29,9;0,30;1,28;16,12;22,12"",0.24;0.43;0.97;1.0;0.13;0.35,CYP2D6,*2/*4,""c.1304G>C,c.100C>T,c.733C>T,n.173-1G>A,c.833G>T,c.408G>C"","",p.Val136Val,p.Ser435Thr,p.Arg245Cys,p.Pro34Ser,p.Arg278Leu"",Het,不良反应预测,中间代谢型,换药,硫利达嗪禁用于已知存在导致P450 2D6活性降低的遗传缺陷的患者。,FDA Label,,""rs1135840,rs1058164,rs1065852,rs3892097,rs16947,rs3915951"",""chr22:42126611:C>G,chr22:42129130:C>G,chr22:42130692:G>A,chr22:42127634:C>A,chr22:42128945:C>T,chr22:42127941:G>A"""	E-B25279028895.drug.tsv
"E-B25279028895,tolterodine,托特罗定,""1094.06,66.64,984.06,213.64,305.64,339.64"",""34,5;29,9;0,30;1,28;16,12;22,12"",0.24;0.43;0.97;1.0;0.13;0.35,CYP2D6,*2/*4,""c.1304G>C,c.100C>T,c.733C>T,n.173-1G>A,c.833G>T,c.408G>C"","",p.Val136Val,p.Ser435Thr,p.Arg245Cys,p.Pro34Ser,p.Arg278Leu"",Het,,中间代谢型,常规用药,常规用药,FDA PGx,,""rs1135840,rs1058164,rs1065852,rs3892097,rs16947,rs3915951"",""chr22:42126611:C>G,chr22:42129130:C>G,chr22:42130692:G>A,chr22:42127634:C>A,chr22:42128945:C>T,chr22:42127941:G>A"""	E-B25279028895.drug.tsv
"E-B25279028895,tramadol,曲马多,""1094.06,66.64,984.06,213.64,305.64,339.64"",""34,5;29,9;0,30;1,28;16,12;22,12"",0.24;0.43;0.97;1.0;0.13;0.35,CYP2D6,*2/*4,""c.1304G>C,c.100C>T,c.733C>T,n.173-1G>A,c.833G>T,c.408G>C"","",p.Val136Val,p.Ser435Thr,p.Arg245Cys,p.Pro34Ser,p.Arg278Leu"",Het,""剂量指导, 预测疗效"",中间代谢型,换药,按药品说明书推荐的剂量使用曲马多；若无效，可考虑换用非可待因类的阿片药物。,CPIC,,""rs1135840,rs1058164,rs1065852,rs3892097,rs16947,rs3915951"",""chr22:42126611:C>G,chr22:42129130:C>G,chr22:42130692:G>A,chr22:42127634:C>A,chr22:42128945:C>T,chr22:42127941:G>A"""	E-B25279028895.drug.tsv
"E-B25279028895,trimipramine,曲米帕明,""1094.06,66.64,984.06,213.64,305.64,339.64"",""34,5;29,9;0,30;1,28;16,12;22,12"",0.24;0.43;0.97;1.0;0.13;0.35,CYP2D6,*2/*4,""c.1304G>C,c.100C>T,c.733C>T,n.173-1G>A,c.833G>T,c.408G>C"","",p.Val136Val,p.Ser435Thr,p.Arg245Cys,p.Pro34Ser,p.Arg278Leu"",Het,""剂量指导, 预测毒副作用"",中间代谢型,降低剂量,考虑将推荐起始剂量减少25%，并利用治疗药物监测来指导剂量调整。,CPIC,,""rs1135840,rs1058164,rs1065852,rs3892097,rs16947,rs3915951"",""chr22:42126611:C>G,chr22:42129130:C>G,chr22:42130692:G>A,chr22:42127634:C>A,chr22:42128945:C>T,chr22:42127941:G>A"""	E-B25279028895.drug.tsv
"E-B25279028895,tropisetron,托烷司琼,""1094.06,66.64,984.06,213.64,305.64,339.64"",""34,5;29,9;0,30;1,28;16,12;22,12"",0.24;0.43;0.97;1.0;0.13;0.35,CYP2D6,*2/*4,""c.1304G>C,c.100C>T,c.733C>T,n.173-1G>A,c.833G>T,c.408G>C"","",p.Val136Val,p.Ser435Thr,p.Arg245Cys,p.Pro34Ser,p.Arg278Leu"",Het,剂量指导,中间代谢型,常规用药,由于缺乏基于CYP2D6基因型的临床影响证据，应以推荐的起始剂量开始治疗。,CPIC,,""rs1135840,rs1058164,rs1065852,rs3892097,rs16947,rs3915951"",""chr22:42126611:C>G,chr22:42129130:C>G,chr22:42130692:G>A,chr22:42127634:C>A,chr22:42128945:C>T,chr22:42127941:G>A"""	E-B25279028895.drug.tsv
"E-B25279028895,valbenazine,缬苯那嗪,""1094.06,66.64,984.06,213.64,305.64,339.64"",""34,5;29,9;0,30;1,28;16,12;22,12"",0.24;0.43;0.97;1.0;0.13;0.35,CYP2D6,*2/*4,""c.1304G>C,c.100C>T,c.733C>T,n.173-1G>A,c.833G>T,c.408G>C"","",p.Val136Val,p.Ser435Thr,p.Arg245Cys,p.Pro34Ser,p.Arg278Leu"",Het,,中间代谢型,常规用药,常规用药,FDA Label,,""rs1135840,rs1058164,rs1065852,rs3892097,rs16947,rs3915951"",""chr22:42126611:C>G,chr22:42129130:C>G,chr22:42130692:G>A,chr22:42127634:C>A,chr22:42128945:C>T,chr22:42127941:G>A"""	E-B25279028895.drug.tsv
"E-B25279028895,venlafaxine,文拉法辛,""1094.06,66.64,984.06,213.64,305.64,339.64"",""34,5;29,9;0,30;1,28;16,12;22,12"",0.24;0.43;0.97;1.0;0.13;0.35,CYP2D6,*2/*4,""c.1304G>C,c.100C>T,c.733C>T,n.173-1G>A,c.833G>T,c.408G>C"","",p.Val136Val,p.Ser435Thr,p.Arg245Cys,p.Pro34Ser,p.Arg278Leu"",Het,剂量指导,中间代谢型,常规用药,由于缺乏证据，不建议根据基因型对文拉法辛采取任何措施。,CPIC,,""rs1135840,rs1058164,rs1065852,rs3892097,rs16947,rs3915951"",""chr22:42126611:C>G,chr22:42129130:C>G,chr22:42130692:G>A,chr22:42127634:C>A,chr22:42128945:C>T,chr22:42127941:G>A"""	E-B25279028895.drug.tsv
"E-B25279028895,viloxazine,维洛沙嗪,""1094.06,66.64,984.06,213.64,305.64,339.64"",""34,5;29,9;0,30;1,28;16,12;22,12"",0.24;0.43;0.97;1.0;0.13;0.35,CYP2D6,*2/*4,""c.1304G>C,c.100C>T,c.733C>T,n.173-1G>A,c.833G>T,c.408G>C"","",p.Val136Val,p.Ser435Thr,p.Arg245Cys,p.Pro34Ser,p.Arg278Leu"",Het,,中间代谢型,常规用药,常规用药,FDA PGx,,""rs1135840,rs1058164,rs1065852,rs3892097,rs16947,rs3915951"",""chr22:42126611:C>G,chr22:42129130:C>G,chr22:42130692:G>A,chr22:42127634:C>A,chr22:42128945:C>T,chr22:42127941:G>A"""	E-B25279028895.drug.tsv
"E-B25279028895,vortioxetine,伏硫西汀,""1094.06,66.64,984.06,213.64,305.64,339.64"",""34,5;29,9;0,30;1,28;16,12;22,12"",0.24;0.43;0.97;1.0;0.13;0.35,CYP2D6,*2/*4,""c.1304G>C,c.100C>T,c.733C>T,n.173-1G>A,c.833G>T,c.408G>C"","",p.Val136Val,p.Ser435Thr,p.Arg245Cys,p.Pro34Ser,p.Arg278Leu"",Het,剂量指导,中间代谢型,常规用药,以推荐的起始剂量开始治疗。,CPIC,,""rs1135840,rs1058164,rs1065852,rs3892097,rs16947,rs3915951"",""chr22:42126611:C>G,chr22:42129130:C>G,chr22:42130692:G>A,chr22:42127634:C>A,chr22:42128945:C>T,chr22:42127941:G>A"""	E-B25279028895.drug.tsv
"E-B25279028895,zuclopenthixol,珠氯噻醇,""1094.06,66.64,984.06,213.64,305.64,339.64"",""34,5;29,9;0,30;1,28;16,12;22,12"",0.24;0.43;0.97;1.0;0.13;0.35,CYP2D6,*2/*4,""c.1304G>C,c.100C>T,c.733C>T,n.173-1G>A,c.833G>T,c.408G>C"","",p.Val136Val,p.Ser435Thr,p.Arg245Cys,p.Pro34Ser,p.Arg278Leu"",Het,剂量指导,中间代谢型,降低剂量,使用正常剂量的75%。,DPWG,,""rs1135840,rs1058164,rs1065852,rs3892097,rs16947,rs3915951"",""chr22:42126611:C>G,chr22:42129130:C>G,chr22:42130692:G>A,chr22:42127634:C>A,chr22:42128945:C>T,chr22:42127941:G>A"""	E-B25279028895.drug.tsv
E-B25279028895,quetiapine,喹硫平,.,.,.,CYP3A4,*1/*1,.,.,Hom,剂量指导,正常代谢型,常规用药,该指南未对正常代谢者使用喹硫平提供建议。,DPWG,,.,.	E-B25279028895.drug.tsv
"E-B25279028895,tacrolimus,他克莫司,663.64,""27,23"",0.46,CYP3A5,*1/*3,c.*467-1A>G,,Het,""剂量指导, 预测疗效"",中间代谢型,增加剂量,将起始剂量增加至推荐剂量的1.5到2倍，并使用治疗药物监测指导剂量调整。,CPIC,,rs776746,chr7:99672916:T>C"	E-B25279028895.drug.tsv
E-B25279028895,warfarin,华法林,.,.,.,CYP4F2,*1/*1,.,.,Hom,剂量指导,.,降低剂量,未找到指南。,CPIC,,.,.	E-B25279028895.drug.tsv
"E-B25279028895,capecitabine,卡培他滨,""566.64,598.64"",""28,25;17,20"",0.54;0.47,DPYD,c.85T>C (*9A)/c.1627A>G (*5),""c.1627A>G,c.85T>C"",""p.Ile543Val,p.Cys29Arg"",Het,剂量指导,.,遵医嘱用药,根据基因型，没有迹象表明需要改变剂量或疗法，应按标签推荐使用。,CPIC,,""rs1801159,rs1801265"",""chr1:97515839:T>C,chr1:97883329:A>G"""	E-B25279028895.drug.tsv
"E-B25279028895,flucytosine,氟胞嘧啶,""566.64,598.64"",""28,25;17,20"",0.54;0.47,DPYD,c.85T>C (*9A)/c.1627A>G (*5),""c.1627A>G,c.85T>C"",""p.Ile543Val,p.Cys29Arg"",Het,剂量指导,.,常规用药,指南未对DPYD活性评分为2的患者使用氟胞嘧啶提供推荐。,DPWG,,""rs1801159,rs1801265"",""chr1:97515839:T>C,chr1:97883329:A>G"""	E-B25279028895.drug.tsv
"E-B25279028895,fluorouracil,氟尿嘧啶,""566.64,598.64"",""28,25;17,20"",0.54;0.47,DPYD,c.85T>C (*9A)/c.1627A>G (*5),""c.1627A>G,c.85T>C"",""p.Ile543Val,p.Cys29Arg"",Het,剂量指导,.,遵医嘱用药,根据基因型，没有迹象表明需要改变剂量或疗法，应按标签推荐使用。,CPIC,,""rs1801159,rs1801265"",""chr1:97515839:T>C,chr1:97883329:A>G"""	E-B25279028895.drug.tsv
"E-B25279028895,tegafur,替加氟,""566.64,598.64"",""28,25;17,20"",0.54;0.47,DPYD,c.85T>C (*9A)/c.1627A>G (*5),""c.1627A>G,c.85T>C"",""p.Ile543Val,p.Cys29Arg"",Het,剂量指导,.,常规用药,该指南未对DPYD活性评分为2的患者使用替加氟提供建议。,DPWG,,""rs1801159,rs1801265"",""chr1:97515839:T>C,chr1:97883329:A>G"""	E-B25279028895.drug.tsv
E-B25279028895,bupivacaine,布比卡因,.,.,.,G6PD,B (reference)/B (reference),.,.,Hom,,.,常规用药,常规用药,FDA Label,,.,.	E-B25279028895.drug.tsv
E-B25279028895,chloroquine,氯喹,.,.,.,G6PD,B (reference)/B (reference),.,.,Hom,,.,常规用药,常规用药,FDA Label,,.,.	E-B25279028895.drug.tsv
E-B25279028895,chlorpropamide,氯磺丙脲,.,.,.,G6PD,B (reference)/B (reference),.,.,Hom,,.,常规用药,常规用药,FDA Label,,.,.	E-B25279028895.drug.tsv
E-B25279028895,dabrafenib,达拉非尼,.,.,.,G6PD,B (reference)/B (reference),.,.,Hom,,.,常规用药,常规用药,FDA Label,,.,.	E-B25279028895.drug.tsv
E-B25279028895,dapsone,氨苯砜,.,.,.,G6PD,B (reference)/B (reference),.,.,Hom,不良反应预测,.,常规用药,根据G6PD状态，没有理由避免使用该药物。,CPIC,,.,.	E-B25279028895.drug.tsv
E-B25279028895,flutamide,氟他胺,.,.,.,G6PD,B (reference)/B (reference),.,.,Hom,,.,常规用药,常规用药,FDA Label,,.,.	E-B25279028895.drug.tsv
E-B25279028895,glimepiride,格列美脲,.,.,.,G6PD,B (reference)/B (reference),.,.,Hom,,.,常规用药,常规用药,FDA Label,,.,.	E-B25279028895.drug.tsv
E-B25279028895,glipizide,格列吡嗪,.,.,.,G6PD,B (reference)/B (reference),.,.,Hom,,.,常规用药,常规用药,FDA Label,,.,.	E-B25279028895.drug.tsv
E-B25279028895,glyburide,格列本脲,.,.,.,G6PD,B (reference)/B (reference),.,.,Hom,,.,常规用药,常规用药,FDA Label,,.,.	E-B25279028895.drug.tsv
E-B25279028895,hydroxychloroquine,羟氯喹,.,.,.,G6PD,B (reference)/B (reference),.,.,Hom,,.,常规用药,常规用药,FDA Label,,.,.	E-B25279028895.drug.tsv
E-B25279028895,mepivacaine,甲哌卡因,.,.,.,G6PD,B (reference)/B (reference),.,.,Hom,,.,常规用药,常规用药,FDA Label,,.,.	E-B25279028895.drug.tsv
E-B25279028895,methylene blue,亚甲蓝,.,.,.,G6PD,B (reference)/B (reference),.,.,Hom,不良反应预测,.,常规用药,根据G6PD状态，没有理由避免使用该药物。,CPIC,,.,.	E-B25279028895.drug.tsv
E-B25279028895,moviprep,复方聚乙二醇电解质,.,.,.,G6PD,B (reference)/B (reference),.,.,Hom,,.,常规用药,常规用药,FDA Label,,.,.	E-B25279028895.drug.tsv
E-B25279028895,nalidixic acid,萘啶酸,.,.,.,G6PD,B (reference)/B (reference),.,.,Hom,,.,常规用药,常规用药,FDA Label,,.,.	E-B25279028895.drug.tsv
E-B25279028895,nitrofurantoin,呋喃妥因,.,.,.,G6PD,B (reference)/B (reference),.,.,Hom,不良反应预测,.,常规用药,根据G6PD状态，没有理由避免使用该药物。,CPIC,,.,.	E-B25279028895.drug.tsv
E-B25279028895,pegloticase,聚乙二醇化尿酸酶,.,.,.,G6PD,B (reference)/B (reference),.,.,Hom,不良反应预测,.,常规用药,根据G6PD状态，没有理由避免使用该药物。,CPIC,,.,.	E-B25279028895.drug.tsv
E-B25279028895,primaquine,伯氨喹,.,.,.,G6PD,B (reference)/B (reference),.,.,Hom,不良反应预测,.,常规用药,根据G6PD状态，没有理由避免使用该药物。,CPIC,,.,.	E-B25279028895.drug.tsv
E-B25279028895,rasburicase,拉布立酶,.,.,.,G6PD,B (reference)/B (reference),.,.,Hom,不良反应预测,.,常规用药,根据G6PD状态，没有理由避免使用该药物。,CPIC,,.,.	E-B25279028895.drug.tsv
E-B25279028895,sodium ascorbate,抗坏血酸钠,.,.,.,G6PD,B (reference)/B (reference),.,.,Hom,,.,常规用药,常规用药,FDA Label,,.,.	E-B25279028895.drug.tsv
E-B25279028895,sodium nitrite,亚硝酸钠,.,.,.,G6PD,B (reference)/B (reference),.,.,Hom,,.,常规用药,常规用药,FDA Label,,.,.	E-B25279028895.drug.tsv
E-B25279028895,sulfasalazine,柳氮磺吡啶,.,.,.,G6PD,B (reference)/B (reference),.,.,Hom,,.,常规用药,常规用药,FDA Label,,.,.	E-B25279028895.drug.tsv
E-B25279028895,tafenoquine,他非诺喹,.,.,.,G6PD,B (reference)/B (reference),.,.,Hom,不良反应预测,.,常规用药,根据G6PD状态，没有理由避免使用该药物。,CPIC,,.,.	E-B25279028895.drug.tsv
E-B25279028895,tolazamide,妥拉磺脲,.,.,.,G6PD,B (reference)/B (reference),.,.,Hom,,.,常规用药,常规用药,FDA Label,,.,.	E-B25279028895.drug.tsv
E-B25279028895,tolbutamide,甲苯磺丁脲,.,.,.,G6PD,B (reference)/B (reference),.,.,Hom,,.,常规用药,常规用药,FDA Label,,.,.	E-B25279028895.drug.tsv
E-B25279028895,toluidine blue,甲苯胺蓝,.,.,.,G6PD,B (reference)/B (reference),.,.,Hom,不良反应预测,.,常规用药,根据G6PD状态，没有理由避免使用该药物。,CPIC,,.,.	E-B25279028895.drug.tsv
E-B25279028895,carbamazepine,卡马西平,.,.,.,HLA-A,*02:06/*02:06,.,.,Hom,剂量指导,.,常规用药,按照标准给药指南使用卡马西平。,CPIC,,.,.	E-B25279028895.drug.tsv
E-B25279028895,abacavir,阿巴卡韦,.,.,.,HLA-B,*15:11/*51:01,.,.,Het,剂量指导,.,常规用药,按照标准给药指南使用阿巴卡韦。,CPIC,,.,.	E-B25279028895.drug.tsv
E-B25279028895,allopurinol,别嘌醇,.,.,.,HLA-B,*15:11/*51:01,.,.,Het,剂量指导,.,常规用药,按照标准给药指南使用别嘌醇。,CPIC,,.,.	E-B25279028895.drug.tsv
E-B25279028895,carbamazepine,卡马西平,.,.,.,HLA-B,*15:11/*51:01,.,.,Het,剂量指导,.,常规用药,按照标准给药指南使用卡马西平。,CPIC,,.,.	E-B25279028895.drug.tsv
E-B25279028895,flucloxacillin,氟氯西林,.,.,.,HLA-B,*15:11/*51:01,.,.,Het,,.,常规用药,常规用药,DPWG,,.,.	E-B25279028895.drug.tsv
E-B25279028895,fosphenytoin,磷苯妥英,.,.,.,HLA-B,*15:11/*51:01,.,.,Het,剂量指导,.,常规用药,无需调整常规给药策略，但后续剂量应根据药物监测和临床反应调整。,CPIC,,.,.	E-B25279028895.drug.tsv
E-B25279028895,lamotrigine,拉莫三嗪,.,.,.,HLA-B,*15:11/*51:01,.,.,Het,剂量指导,.,常规用药,指南未对HLA-B*15:02阴性的患者使用拉莫三嗪提供推荐。,DPWG,,.,.	E-B25279028895.drug.tsv
E-B25279028895,oxcarbazepine,奥卡西平,.,.,.,HLA-B,*15:11/*51:01,.,.,Het,剂量指导,.,常规用药,按照标准给药指南使用奥卡西平。,CPIC,,.,.	E-B25279028895.drug.tsv
E-B25279028895,pazopanib,帕唑帕尼,.,.,.,HLA-B,*15:11/*51:01,.,.,Het,,.,常规用药,常规用药,FDA PGx,,.,.	E-B25279028895.drug.tsv
E-B25279028895,phenytoin,苯妥英,.,.,.,HLA-B,*15:11/*51:01,.,.,Het,剂量指导,.,常规用药,无需调整常规给药策略，但后续剂量应根据药物监测和临床反应调整。,CPIC,,.,.	E-B25279028895.drug.tsv
"E-B25279028895,peginterferon alfa-2a,聚乙二醇干扰素α-2a,385.64,""14,13"",0.48,IFNL3,rs12979860 reference (C)/rs12979860 variant (T),c.-3070G>A,,Het,,.,常规用药,常规用药,CPIC,,rs12979860,chr19:39248147:C>T"	E-B25279028895.drug.tsv
"E-B25279028895,peginterferon alfa-2b,聚乙二醇干扰素α-2b,385.64,""14,13"",0.48,IFNL3,rs12979860 reference (C)/rs12979860 variant (T),c.-3070G>A,,Het,,.,常规用药,常规用药,CPIC,,rs12979860,chr19:39248147:C>T"	E-B25279028895.drug.tsv
"E-B25279028895,ribavirin,利巴韦林,385.64,""14,13"",0.48,IFNL3,rs12979860 reference (C)/rs12979860 variant (T),c.-3070G>A,,Het,,.,常规用药,常规用药,CPIC,,rs12979860,chr19:39248147:C>T"	E-B25279028895.drug.tsv
"E-B25279028895,amikacin,阿米卡星,.,.,.,MT-RNR1,Reference,.,.,.,""剂量指导, 预测毒副作用"",氨基糖苷类药物诱导听力损失风险正常,常规用药,以标准剂量使用氨基糖苷类抗生素，疗程尽可能短，并进行治疗剂量监测和定期听力评估。,CPIC,,.,."	E-B25279028895.drug.tsv
"E-B25279028895,dibekacin,地贝卡星,.,.,.,MT-RNR1,Reference,.,.,.,""剂量指导, 预测毒副作用"",氨基糖苷类药物诱导听力损失风险正常,常规用药,以标准剂量使用氨基糖苷类抗生素，疗程尽可能短，并进行治疗剂量监测和定期听力评估。,CPIC,,.,."	E-B25279028895.drug.tsv
"E-B25279028895,gentamicin,庆大霉素,.,.,.,MT-RNR1,Reference,.,.,.,""剂量指导, 预测毒副作用"",氨基糖苷类药物诱导听力损失风险正常,常规用药,以标准剂量使用氨基糖苷类抗生素，疗程尽可能短，并进行治疗剂量监测和定期听力评估。,CPIC,,.,."	E-B25279028895.drug.tsv
"E-B25279028895,kanamycin,卡那霉素,.,.,.,MT-RNR1,Reference,.,.,.,""剂量指导, 预测毒副作用"",氨基糖苷类药物诱导听力损失风险正常,常规用药,以标准剂量使用氨基糖苷类抗生素，疗程尽可能短，并进行治疗剂量监测和定期听力评估。,CPIC,,.,."	E-B25279028895.drug.tsv
"E-B25279028895,neomycin,新霉素,.,.,.,MT-RNR1,Reference,.,.,.,""剂量指导, 预测毒副作用"",氨基糖苷类药物诱导听力损失风险正常,常规用药,以标准剂量使用氨基糖苷类抗生素，疗程尽可能短，并进行治疗剂量监测和定期听力评估。,CPIC,,.,."	E-B25279028895.drug.tsv
"E-B25279028895,netilmicin,奈替米星,.,.,.,MT-RNR1,Reference,.,.,.,""剂量指导, 预测毒副作用"",氨基糖苷类药物诱导听力损失风险正常,常规用药,以标准剂量使用氨基糖苷类抗生素，疗程尽可能短，并进行治疗剂量监测和定期听力评估。,CPIC,,.,."	E-B25279028895.drug.tsv
"E-B25279028895,paromomycin,巴龙霉素,.,.,.,MT-RNR1,Reference,.,.,.,""剂量指导, 预测毒副作用"",氨基糖苷类药物诱导听力损失风险正常,常规用药,以标准剂量使用氨基糖苷类抗生素，疗程尽可能短，并进行治疗剂量监测和定期听力评估。,CPIC,,.,."	E-B25279028895.drug.tsv
"E-B25279028895,plazomicin,普拉佐米星,.,.,.,MT-RNR1,Reference,.,.,.,""剂量指导, 预测毒副作用"",氨基糖苷类药物诱导听力损失风险正常,常规用药,以标准剂量使用氨基糖苷类抗生素，疗程尽可能短，并进行治疗剂量监测和定期听力评估。,CPIC,,.,."	E-B25279028895.drug.tsv
"E-B25279028895,ribostamycin,核糖霉素,.,.,.,MT-RNR1,Reference,.,.,.,""剂量指导, 预测毒副作用"",氨基糖苷类药物诱导听力损失风险正常,常规用药,以标准剂量使用氨基糖苷类抗生素，疗程尽可能短，并进行治疗剂量监测和定期听力评估。,CPIC,,.,."	E-B25279028895.drug.tsv
"E-B25279028895,streptomycin,链霉素,.,.,.,MT-RNR1,Reference,.,.,.,""剂量指导, 预测毒副作用"",氨基糖苷类药物诱导听力损失风险正常,常规用药,以标准剂量使用氨基糖苷类抗生素，疗程尽可能短，并进行治疗剂量监测和定期听力评估。,CPIC,,.,."	E-B25279028895.drug.tsv
"E-B25279028895,tobramycin,妥布霉素,.,.,.,MT-RNR1,Reference,.,.,.,""剂量指导, 预测毒副作用"",氨基糖苷类药物诱导听力损失风险正常,常规用药,以标准剂量使用氨基糖苷类抗生素，疗程尽可能短，并进行治疗剂量监测和定期听力评估。,CPIC,,.,."	E-B25279028895.drug.tsv
E-B25279028895,azathioprine,硫唑嘌呤,.,.,.,NUDT15,*1/*1,.,.,Hom,剂量指导,正常代谢型,常规用药,根据NUDT15状态，以正常剂量开始使用硫唑嘌呤并根据指南调整。,CPIC,,.,.	E-B25279028895.drug.tsv
E-B25279028895,mercaptopurine,巯嘌呤,.,.,.,NUDT15,*1/*1,.,.,Hom,剂量指导,正常代谢型,常规用药,根据NUDT15状态，以正常起始剂量开始使用巯嘌呤并根据需要调整，若TPMT状态未知则需密切监测毒性。,CPIC,,.,.	E-B25279028895.drug.tsv
E-B25279028895,thioguanine,硫鸟嘌呤,.,.,.,NUDT15,*1/*1,.,.,Hom,剂量指导,正常代谢型,遵医嘱用药,根据NUDT15状态，以正常剂量开始使用硫鸟嘌呤，并与其他骨髓抑制疗法一同调整。,CPIC,,.,.	E-B25279028895.drug.tsv
E-B25279028895,desflurane,地氟烷,.,.,.,RYR1,Reference/Reference,.,.,Hom,预测毒副作用,易感性不确定,换药或遵医嘱用药,临床发现、家族史、进一步的基因检测和其他实验室数据应指导卤代挥发性麻醉剂或去极化肌松药的使用。,CPIC,,.,.	E-B25279028895.drug.tsv
E-B25279028895,enflurane,恩氟烷,.,.,.,RYR1,Reference/Reference,.,.,Hom,预测毒副作用,易感性不确定,换药或遵医嘱用药,临床发现、家族史、进一步的基因检测和其他实验室数据应指导卤代挥发性麻醉剂或去极化肌松药的使用。,CPIC,,.,.	E-B25279028895.drug.tsv
E-B25279028895,halothane,氟烷,.,.,.,RYR1,Reference/Reference,.,.,Hom,预测毒副作用,易感性不确定,换药或遵医嘱用药,临床发现、家族史、进一步的基因检测和其他实验室数据应指导卤代挥发性麻醉剂或去极化肌松药的使用。,CPIC,,.,.	E-B25279028895.drug.tsv
E-B25279028895,isoflurane,异氟烷,.,.,.,RYR1,Reference/Reference,.,.,Hom,预测毒副作用,易感性不确定,换药或遵医嘱用药,临床发现、家族史、进一步的基因检测和其他实验室数据应指导卤代挥发性麻醉剂或去极化肌松药的使用。,CPIC,,.,.	E-B25279028895.drug.tsv
E-B25279028895,methoxyflurane,甲氧氟烷,.,.,.,RYR1,Reference/Reference,.,.,Hom,预测毒副作用,易感性不确定,换药或遵医嘱用药,临床发现、家族史、进一步的基因检测和其他实验室数据应指导卤代挥发性麻醉剂或去极化肌松药的使用。,CPIC,,.,.	E-B25279028895.drug.tsv
E-B25279028895,sevoflurane,七氟烷,.,.,.,RYR1,Reference/Reference,.,.,Hom,预测毒副作用,易感性不确定,换药或遵医嘱用药,临床发现、家族史、进一步的基因检测和其他实验室数据应指导卤代挥发性麻醉剂或去极化肌松药的使用。,CPIC,,.,.	E-B25279028895.drug.tsv
E-B25279028895,succinylcholine,琥珀胆碱,.,.,.,RYR1,Reference/Reference,.,.,Hom,预测毒副作用,易感性不确定,换药或遵医嘱用药,临床发现、家族史、进一步的基因检测和其他实验室数据应指导卤代挥发性麻醉剂或去极化肌松药的使用。,CPIC,,.,.	E-B25279028895.drug.tsv
"E-B25279028895,atorvastatin,阿托伐他汀,2030.06,""0,61"",1.0,SLCO1B1,*37/*37,c.388A>G,p.Asn130Asp,Hom,剂量指导,.,常规用药,按期望的起始剂量开具处方，并根据疾病特定指南调整剂量。,CPIC,,rs2306283,chr12:21176804:A>G"	E-B25279028895.drug.tsv
"E-B25279028895,elagolix,艾拉戈利,2030.06,""0,61"",1.0,SLCO1B1,*37/*37,c.388A>G,p.Asn130Asp,Hom,,功能正常,常规用药,常规用药,FDA PGx,,rs2306283,chr12:21176804:A>G"	E-B25279028895.drug.tsv
"E-B25279028895,fluvastatin,氟伐他汀,2030.06,""0,61"",1.0,SLCO1B1,*37/*37,c.388A>G,p.Asn130Asp,Hom,剂量指导,功能正常,遵医嘱用药,氟伐他汀应从期望的起始剂量开始，并根据疾病特定指南进行调整。,CPIC,,rs2306283,chr12:21176804:A>G"	E-B25279028895.drug.tsv
"E-B25279028895,lovastatin,洛伐他汀,2030.06,""0,61"",1.0,SLCO1B1,*37/*37,c.388A>G,p.Asn130Asp,Hom,剂量指导,功能正常,常规用药,按期望的起始剂量开具处方，并根据疾病特定指南调整剂量。,CPIC,,rs2306283,chr12:21176804:A>G"	E-B25279028895.drug.tsv
"E-B25279028895,pitavastatin,匹伐他汀,2030.06,""0,61"",1.0,SLCO1B1,*37/*37,c.388A>G,p.Asn130Asp,Hom,剂量指导,功能正常,常规用药,按期望的起始剂量开具处方，并根据疾病特定指南调整剂量。,CPIC,,rs2306283,chr12:21176804:A>G"	E-B25279028895.drug.tsv
"E-B25279028895,pravastatin,普伐他汀,2030.06,""0,61"",1.0,SLCO1B1,*37/*37,c.388A>G,p.Asn130Asp,Hom,剂量指导,功能正常,常规用药,按期望的起始剂量开具处方，并根据疾病特定指南调整剂量。,CPIC,,rs2306283,chr12:21176804:A>G"	E-B25279028895.drug.tsv
"E-B25279028895,rosuvastatin,瑞舒伐他汀,2030.06,""0,61"",1.0,SLCO1B1,*37/*37,c.388A>G,p.Asn130Asp,Hom,剂量指导,.,常规用药,按期望的起始剂量处方瑞舒伐他汀，并根据疾病特定指南调整剂量。,CPIC,,rs2306283,chr12:21176804:A>G"	E-B25279028895.drug.tsv
"E-B25279028895,simvastatin,辛伐他汀,2030.06,""0,61"",1.0,SLCO1B1,*37/*37,c.388A>G,p.Asn130Asp,Hom,剂量指导,.,常规用药,按期望的起始剂量开具处方，并根据疾病特定指南调整剂量。,CPIC,,rs2306283,chr12:21176804:A>G"	E-B25279028895.drug.tsv
"E-B25279028895,azathioprine,硫唑嘌呤,931.64,""16,29"",0.64,TPMT,*1/*6,c.539A>T,p.Tyr180Phe,Het,剂量指导,中间代谢型,常规用药,根据NUDT15状态，以正常剂量开始使用硫唑嘌呤并根据指南调整。,CPIC,,rs75543815,chr6:18133845:T>A"	E-B25279028895.drug.tsv
"E-B25279028895,mercaptopurine,巯嘌呤,931.64,""16,29"",0.64,TPMT,*1/*6,c.539A>T,p.Tyr180Phe,Het,剂量指导,中间代谢型,常规用药,根据NUDT15状态，以正常起始剂量开始使用巯嘌呤并根据需要调整，若TPMT状态未知则需密切监测毒性。,CPIC,,rs75543815,chr6:18133845:T>A"	E-B25279028895.drug.tsv
"E-B25279028895,thioguanine,硫鸟嘌呤,931.64,""16,29"",0.64,TPMT,*1/*6,c.539A>T,p.Tyr180Phe,Het,剂量指导,中间代谢型,遵医嘱用药,根据NUDT15状态，以正常剂量开始使用硫鸟嘌呤，并与其他骨髓抑制疗法一同调整。,CPIC,,rs75543815,chr6:18133845:T>A"	E-B25279028895.drug.tsv
"E-B25279028895,atazanavir,阿扎那韦,1491.06,""0,40"",1.0,UGT1A1,*6/*6,c.211G>A,p.Gly71Arg,Hom,不良反应预测,不良代谢型,换药,对于担心黄疸的患者，应考虑使用替代药物，因为使用阿扎那韦有很高的黄疸发生率并可能导致停药。,CPIC,,rs4148323,chr2:233760498:G>A"	E-B25279028895.drug.tsv
"E-B25279028895,belinostat,贝利司他,1491.06,""0,40"",1.0,UGT1A1,*6/*6,c.211G>A,p.Gly71Arg,Hom,,不良代谢型,常规用药,常规用药,FDA PGx,,rs4148323,chr2:233760498:G>A"	E-B25279028895.drug.tsv
"E-B25279028895,dolutegravir,多替拉韦,1491.06,""0,40"",1.0,UGT1A1,*6/*6,c.211G>A,p.Gly71Arg,Hom,预测毒副作用,不良代谢型,换药,此基因型导致药物的系统浓度升高。,FDA PGx,,rs4148323,chr2:233760498:G>A"	E-B25279028895.drug.tsv
"E-B25279028895,irinotecan,伊立替康,1491.06,""0,40"",1.0,UGT1A1,*6/*6,c.211G>A,p.Gly71Arg,Hom,,不良代谢型,常规用药,常规用药,DPWG,,rs4148323,chr2:233760498:G>A"	E-B25279028895.drug.tsv
"E-B25279028895,nilotinib,尼洛替尼,1491.06,""0,40"",1.0,UGT1A1,*6/*6,c.211G>A,p.Gly71Arg,Hom,剂量指导,不良代谢型,换药或降低剂量,该药物会导致高胆红素血症等不良反应的风险增加。,FDA PGx,,rs4148323,chr2:233760498:G>A"	E-B25279028895.drug.tsv
"E-B25279028895,pazopanib,帕唑帕尼,1491.06,""0,40"",1.0,UGT1A1,*6/*6,c.211G>A,p.Gly71Arg,Hom,剂量指导,不良代谢型,换药或降低剂量,该药物会导致高胆红素血症等不良反应的风险增加。,FDA PGx,,rs4148323,chr2:233760498:G>A"	E-B25279028895.drug.tsv
"E-B25279028895,raltegravir,拉替拉韦,1491.06,""0,40"",1.0,UGT1A1,*6/*6,c.211G>A,p.Gly71Arg,Hom,预测毒副作用,不良代谢型,换药,此基因型导致药物的系统浓度升高。,FDA PGx,,rs4148323,chr2:233760498:G>A"	E-B25279028895.drug.tsv
"E-B25279028895,sacituzumab govitecan,戈沙妥珠单抗,1491.06,""0,40"",1.0,UGT1A1,*6/*6,c.211G>A,p.Gly71Arg,Hom,""不良反应预测, 预测毒副作用"",不良代谢型,换药,此基因型可能导致药物系统浓度升高和中性粒细胞减少等不良反应风险增加，需监测耐受性。,FDA PGx,,rs4148323,chr2:233760498:G>A"	E-B25279028895.drug.tsv
"E-B25279028895,acenocoumarol,醋硝香豆素,1185.06,""0,32"",1.0,VKORC1,rs9923231 variant (T)/rs9923231 variant (T),c.-1639G>A,,Hom,剂量指导,.,降低剂量,需由国家INR监测服务（抗凝门诊）进行监测。,DPWG,,rs9923231,chr16:31096368:C>T"	E-B25279028895.drug.tsv
"E-B25279028895,phenprocoumon,苯丙香豆素,1185.06,""0,32"",1.0,VKORC1,rs9923231 variant (T)/rs9923231 variant (T),c.-1639G>A,,Hom,剂量指导,.,降低剂量,需由抗凝门诊进行监测。,DPWG,,rs9923231,chr16:31096368:C>T"	E-B25279028895.drug.tsv
"E-B25279028895,warfarin,华法林,1185.06,""0,32"",1.0,VKORC1,rs9923231 variant (T)/rs9923231 variant (T),c.-1639G>A,,Hom,剂量指导,.,降低剂量,使用60%的标准初始剂量。,CPIC,,rs9923231,chr16:31096368:C>T"	E-B25279028895.drug.tsv
E-B25920840366,allopurinol,别嘌醇,.,.,.,ABCG2,rs2231142 reference (G)/rs2231142 reference (G),.,.,Hom,剂量指导,功能正常,常规用药,指南未对特定ABCG2基因型的患者使用别嘌醇提供推荐。,DPWG,,.,.	E-B25920840366.drug.tsv
E-B25920840366,rosuvastatin,瑞舒伐他汀,.,.,.,ABCG2,rs2231142 reference (G)/rs2231142 reference (G),.,.,Hom,剂量指导,功能正常,常规用药,按期望的起始剂量处方瑞舒伐他汀，并根据疾病特定指南调整剂量。,CPIC,,.,.	E-B25920840366.drug.tsv
E-B25920840366,desflurane,地氟烷,.,.,.,CACNA1S,Reference/Reference,.,.,Hom,预测毒副作用,易感性不确定,换药或遵医嘱用药,临床发现、家族史、进一步的基因检测和其他实验室数据应指导卤代挥发性麻醉剂或去极化肌松药的使用。,CPIC,,.,.	E-B25920840366.drug.tsv
E-B25920840366,enflurane,恩氟烷,.,.,.,CACNA1S,Reference/Reference,.,.,Hom,预测毒副作用,易感性不确定,换药或遵医嘱用药,临床发现、家族史、进一步的基因检测和其他实验室数据应指导卤代挥发性麻醉剂或去极化肌松药的使用。,CPIC,,.,.	E-B25920840366.drug.tsv
E-B25920840366,halothane,氟烷,.,.,.,CACNA1S,Reference/Reference,.,.,Hom,预测毒副作用,易感性不确定,换药或遵医嘱用药,临床发现、家族史、进一步的基因检测和其他实验室数据应指导卤代挥发性麻醉剂或去极化肌松药的使用。,CPIC,,.,.	E-B25920840366.drug.tsv
E-B25920840366,isoflurane,异氟烷,.,.,.,CACNA1S,Reference/Reference,.,.,Hom,预测毒副作用,易感性不确定,换药或遵医嘱用药,临床发现、家族史、进一步的基因检测和其他实验室数据应指导卤代挥发性麻醉剂或去极化肌松药的使用。,CPIC,,.,.	E-B25920840366.drug.tsv
E-B25920840366,methoxyflurane,甲氧氟烷,.,.,.,CACNA1S,Reference/Reference,.,.,Hom,预测毒副作用,易感性不确定,换药或遵医嘱用药,临床发现、家族史、进一步的基因检测和其他实验室数据应指导卤代挥发性麻醉剂或去极化肌松药的使用。,CPIC,,.,.	E-B25920840366.drug.tsv
E-B25920840366,sevoflurane,七氟烷,.,.,.,CACNA1S,Reference/Reference,.,.,Hom,预测毒副作用,易感性不确定,换药或遵医嘱用药,临床发现、家族史、进一步的基因检测和其他实验室数据应指导卤代挥发性麻醉剂或去极化肌松药的使用。,CPIC,,.,.	E-B25920840366.drug.tsv
E-B25920840366,succinylcholine,琥珀胆碱,.,.,.,CACNA1S,Reference/Reference,.,.,Hom,预测毒副作用,易感性不确定,换药或遵医嘱用药,临床发现、家族史、进一步的基因检测和其他实验室数据应指导卤代挥发性麻醉剂或去极化肌松药的使用。,CPIC,,.,.	E-B25920840366.drug.tsv
E-B25920840366,ivacaftor,依伐卡托,.,.,.,CFTR,Reference/Reference,.,.,Hom,预测疗效,CF患者中对伊伐卡托无反应,换药,不推荐使用伊伐卡托。,CPIC,,.,.	E-B25920840366.drug.tsv
E-B25920840366,efavirenz,依非韦伦,.,.,.,CYP2B6,*1/*1,.,.,Hom,剂量指导,正常代谢型,常规用药,以标准剂量（600毫克/天）开始依法韦仑治疗。,CPIC,,.,.	E-B25920840366.drug.tsv
E-B25920840366,sertraline,舍曲林,.,.,.,CYP2B6,*1/*1,.,.,Hom,剂量指导,正常代谢型,降低剂量,建议以推荐剂量开始治疗，并考虑减慢剂量滴定速度和降低维持剂量。,CPIC,,.,.	E-B25920840366.drug.tsv
"E-B25920840366,abrocitinib,阿布昔替尼,""663.64,1753.06,822.06"",""0,22;18,23;0,51"",0.56;1.0,CYP2C19,*1/*2,""c.991A>G,c.681G>A,n.-734T>C"","",p.Ile331Val,p.Pro227Pro"",Het,,中间代谢型,常规用药,常规用药,FDA Label,,""rs3758581,rs4244285,rs12769205"",""chr10:94781859:G>A,chr12:21176804:A>G,chr10:94842866:A>G"""	E-B25920840366.drug.tsv
"E-B25920840366,amitriptyline,阿米替林,""663.64,1753.06,822.06"",""0,22;18,23;0,51"",0.56;1.0,CYP2C19,*1/*2,""c.991A>G,c.681G>A,n.-734T>C"","",p.Ile331Val,p.Pro227Pro"",Het,剂量指导,中间代谢型,常规用药,以推荐的起始剂量开始治疗。,CPIC,,""rs3758581,rs4244285,rs12769205"",""chr10:94781859:G>A,chr12:21176804:A>G,chr10:94842866:A>G"""	E-B25920840366.drug.tsv
"E-B25920840366,belzutifan,贝组替凡,""663.64,1753.06,822.06"",""0,22;18,23;0,51"",0.56;1.0,CYP2C19,*1/*2,""c.991A>G,c.681G>A,n.-734T>C"","",p.Ile331Val,p.Pro227Pro"",Het,,中间代谢型,常规用药,常规用药,FDA Label,,""rs3758581,rs4244285,rs12769205"",""chr10:94781859:G>A,chr12:21176804:A>G,chr10:94842866:A>G"""	E-B25920840366.drug.tsv
"E-B25920840366,brivaracetam,布瓦西坦,""663.64,1753.06,822.06"",""0,22;18,23;0,51"",0.56;1.0,CYP2C19,*1/*2,""c.991A>G,c.681G>A,n.-734T>C"","",p.Ile331Val,p.Pro227Pro"",Het,""剂量指导, 不良反应预测"",中间代谢型,降低剂量,弱代谢者使用该药会导致更高全身浓度和不良反应风险，应考虑减少剂量。,FDA PGx,,""rs3758581,rs4244285,rs12769205"",""chr10:94781859:G>A,chr12:21176804:A>G,chr10:94842866:A>G"""	E-B25920840366.drug.tsv
"E-B25920840366,carisoprodol,卡立普多,""663.64,1753.06,822.06"",""0,22;18,23;0,51"",0.56;1.0,CYP2C19,*1/*2,""c.991A>G,c.681G>A,n.-734T>C"","",p.Ile331Val,p.Pro227Pro"",Het,,中间代谢型,常规用药,常规用药,FDA Label,,""rs3758581,rs4244285,rs12769205"",""chr10:94781859:G>A,chr12:21176804:A>G,chr10:94842866:A>G"""	E-B25920840366.drug.tsv
"E-B25920840366,citalopram,西酞普兰,""663.64,1753.06,822.06"",""0,22;18,23;0,51"",0.56;1.0,CYP2C19,*1/*2,""c.991A>G,c.681G>A,n.-734T>C"","",p.Ile331Val,p.Pro227Pro"",Het,剂量指导,中间代谢型,降低剂量,以推荐的起始剂量开始治疗，但考虑比正常代谢者更慢的剂量滴定和更低的维持剂量。,CPIC,,""rs3758581,rs4244285,rs12769205"",""chr10:94781859:G>A,chr12:21176804:A>G,chr10:94842866:A>G"""	E-B25920840366.drug.tsv
"E-B25920840366,clobazam,氯巴占,""663.64,1753.06,822.06"",""0,22;18,23;0,51"",0.56;1.0,CYP2C19,*1/*2,""c.991A>G,c.681G>A,n.-734T>C"","",p.Ile331Val,p.Pro227Pro"",Het,""剂量指导, 不良反应预测"",中间代谢型,降低剂量,此基因型导致活性代谢物浓度及不良反应风险增高，推荐进行剂量调整。,FDA PGx,,""rs3758581,rs4244285,rs12769205"",""chr10:94781859:G>A,chr12:21176804:A>G,chr10:94842866:A>G"""	E-B25920840366.drug.tsv
"E-B25920840366,clomipramine,氯米帕明,""663.64,1753.06,822.06"",""0,22;18,23;0,51"",0.56;1.0,CYP2C19,*1/*2,""c.991A>G,c.681G>A,n.-734T>C"","",p.Ile331Val,p.Pro227Pro"",Het,剂量指导,中间代谢型,常规用药,以推荐的起始剂量开始治疗。,CPIC,,""rs3758581,rs4244285,rs12769205"",""chr10:94781859:G>A,chr12:21176804:A>G,chr10:94842866:A>G"""	E-B25920840366.drug.tsv
"E-B25920840366,clopidogrel,氯吡格雷,""663.64,1753.06,822.06"",""0,22;18,23;0,51"",0.56;1.0,CYP2C19,*1/*2,""c.991A>G,c.681G>A,n.-734T>C"","",p.Ile331Val,p.Pro227Pro"",Het,""剂量指导, 预测疗效"",中间代谢型,换药,尽可能避免使用标准剂量的氯吡格雷，并在无禁忌症时使用普拉格雷或替格瑞洛替代。,CPIC,,""rs3758581,rs4244285,rs12769205"",""chr10:94781859:G>A,chr12:21176804:A>G,chr10:94842866:A>G"""	E-B25920840366.drug.tsv
"E-B25920840366,dexlansoprazole,右兰索拉唑,""663.64,1753.06,822.06"",""0,22;18,23;0,51"",0.56;1.0,CYP2C19,*1/*2,""c.991A>G,c.681G>A,n.-734T>C"","",p.Ile331Val,p.Pro227Pro"",Het,""剂量指导, 预测疗效"",中间代谢型,常规用药后降低剂量,以标准剂量开始治疗；对于长期治疗，可在达到疗效后考虑将日剂量减半并监测疗效。,CPIC,,""rs3758581,rs4244285,rs12769205"",""chr10:94781859:G>A,chr12:21176804:A>G,chr10:94842866:A>G"""	E-B25920840366.drug.tsv
"E-B25920840366,diazepam,地西泮,""663.64,1753.06,822.06"",""0,22;18,23;0,51"",0.56;1.0,CYP2C19,*1/*2,""c.991A>G,c.681G>A,n.-734T>C"","",p.Ile331Val,p.Pro227Pro"",Het,,中间代谢型,常规用药,常规用药,FDA PGx,,""rs3758581,rs4244285,rs12769205"",""chr10:94781859:G>A,chr12:21176804:A>G,chr10:94842866:A>G"""	E-B25920840366.drug.tsv
"E-B25920840366,doxepin,多塞平,""663.64,1753.06,822.06"",""0,22;18,23;0,51"",0.56;1.0,CYP2C19,*1/*2,""c.991A>G,c.681G>A,n.-734T>C"","",p.Ile331Val,p.Pro227Pro"",Het,剂量指导,中间代谢型,常规用药,以推荐的起始剂量开始治疗。,CPIC,,""rs3758581,rs4244285,rs12769205"",""chr10:94781859:G>A,chr12:21176804:A>G,chr10:94842866:A>G"""	E-B25920840366.drug.tsv
"E-B25920840366,escitalopram,艾司西酞普兰,""663.64,1753.06,822.06"",""0,22;18,23;0,51"",0.56;1.0,CYP2C19,*1/*2,""c.991A>G,c.681G>A,n.-734T>C"","",p.Ile331Val,p.Pro227Pro"",Het,剂量指导,中间代谢型,降低剂量,以推荐的起始剂量开始治疗，但考虑比正常代谢者更慢的剂量滴定和更低的维持剂量。,CPIC,,""rs3758581,rs4244285,rs12769205"",""chr10:94781859:G>A,chr12:21176804:A>G,chr10:94842866:A>G"""	E-B25920840366.drug.tsv
"E-B25920840366,esomeprazole,艾司奥美拉唑,""663.64,1753.06,822.06"",""0,22;18,23;0,51"",0.56;1.0,CYP2C19,*1/*2,""c.991A>G,c.681G>A,n.-734T>C"","",p.Ile331Val,p.Pro227Pro"",Het,,中间代谢型,常规用药,常规用药,FDA PGx,,""rs3758581,rs4244285,rs12769205"",""chr10:94781859:G>A,chr12:21176804:A>G,chr10:94842866:A>G"""	E-B25920840366.drug.tsv
"E-B25920840366,flibanserin,氟班色林,""663.64,1753.06,822.06"",""0,22;18,23;0,51"",0.56;1.0,CYP2C19,*1/*2,""c.991A>G,c.681G>A,n.-734T>C"","",p.Ile331Val,p.Pro227Pro"",Het,,中间代谢型,常规用药,常规用药,FDA Label,,""rs3758581,rs4244285,rs12769205"",""chr10:94781859:G>A,chr12:21176804:A>G,chr10:94842866:A>G"""	E-B25920840366.drug.tsv
"E-B25920840366,imipramine,丙米嗪,""663.64,1753.06,822.06"",""0,22;18,23;0,51"",0.56;1.0,CYP2C19,*1/*2,""c.991A>G,c.681G>A,n.-734T>C"","",p.Ile331Val,p.Pro227Pro"",Het,剂量指导,中间代谢型,常规用药,以推荐的起始剂量开始治疗。,CPIC,,""rs3758581,rs4244285,rs12769205"",""chr10:94781859:G>A,chr12:21176804:A>G,chr10:94842866:A>G"""	E-B25920840366.drug.tsv
"E-B25920840366,lansoprazole,兰索拉唑,""663.64,1753.06,822.06"",""0,22;18,23;0,51"",0.56;1.0,CYP2C19,*1/*2,""c.991A>G,c.681G>A,n.-734T>C"","",p.Ile331Val,p.Pro227Pro"",Het,""剂量指导, 预测疗效"",中间代谢型,常规用药后降低剂量,以标准剂量开始治疗；对于长期治疗，可在达到疗效后考虑将日剂量减半并监测疗效。,CPIC,,""rs3758581,rs4244285,rs12769205"",""chr10:94781859:G>A,chr12:21176804:A>G,chr10:94842866:A>G"""	E-B25920840366.drug.tsv
"E-B25920840366,omeprazole,奥美拉唑,""663.64,1753.06,822.06"",""0,22;18,23;0,51"",0.56;1.0,CYP2C19,*1/*2,""c.991A>G,c.681G>A,n.-734T>C"","",p.Ile331Val,p.Pro227Pro"",Het,""剂量指导, 预测疗效"",中间代谢型,常规用药后降低剂量,以标准剂量开始治疗；对于长期治疗，可在达到疗效后考虑将日剂量减半并监测疗效。,CPIC,,""rs3758581,rs4244285,rs12769205"",""chr10:94781859:G>A,chr12:21176804:A>G,chr10:94842866:A>G"""	E-B25920840366.drug.tsv
"E-B25920840366,pantoprazole,泮托拉唑,""663.64,1753.06,822.06"",""0,22;18,23;0,51"",0.56;1.0,CYP2C19,*1/*2,""c.991A>G,c.681G>A,n.-734T>C"","",p.Ile331Val,p.Pro227Pro"",Het,""剂量指导, 预测疗效"",中间代谢型,常规用药后降低剂量,以标准剂量开始治疗；对于长期治疗，可在达到疗效后考虑将日剂量减半并监测疗效。,CPIC,,""rs3758581,rs4244285,rs12769205"",""chr10:94781859:G>A,chr12:21176804:A>G,chr10:94842866:A>G"""	E-B25920840366.drug.tsv
"E-B25920840366,rabeprazole,雷贝拉唑,""663.64,1753.06,822.06"",""0,22;18,23;0,51"",0.56;1.0,CYP2C19,*1/*2,""c.991A>G,c.681G>A,n.-734T>C"","",p.Ile331Val,p.Pro227Pro"",Het,,中间代谢型,常规用药,常规用药,FDA PGx,,""rs3758581,rs4244285,rs12769205"",""chr10:94781859:G>A,chr12:21176804:A>G,chr10:94842866:A>G"""	E-B25920840366.drug.tsv
"E-B25920840366,sertraline,舍曲林,""663.64,1753.06,822.06"",""0,22;18,23;0,51"",0.56;1.0,CYP2C19,*1/*2,""c.991A>G,c.681G>A,n.-734T>C"","",p.Ile331Val,p.Pro227Pro"",Het,剂量指导,中间代谢型,降低剂量,建议以推荐剂量开始治疗，并考虑减慢剂量滴定速度和降低维持剂量。,CPIC,,""rs3758581,rs4244285,rs12769205"",""chr10:94781859:G>A,chr12:21176804:A>G,chr10:94842866:A>G"""	E-B25920840366.drug.tsv
"E-B25920840366,trimipramine,曲米帕明,""663.64,1753.06,822.06"",""0,22;18,23;0,51"",0.56;1.0,CYP2C19,*1/*2,""c.991A>G,c.681G>A,n.-734T>C"","",p.Ile331Val,p.Pro227Pro"",Het,剂量指导,中间代谢型,常规用药,以推荐的起始剂量开始治疗。,CPIC,,""rs3758581,rs4244285,rs12769205"",""chr10:94781859:G>A,chr12:21176804:A>G,chr10:94842866:A>G"""	E-B25920840366.drug.tsv
"E-B25920840366,voriconazole,伏立康唑,""663.64,1753.06,822.06"",""0,22;18,23;0,51"",0.56;1.0,CYP2C19,*1/*2,""c.991A>G,c.681G>A,n.-734T>C"","",p.Ile331Val,p.Pro227Pro"",Het,剂量指导,中间代谢型,常规用药,以推荐的标准治疗剂量开始治疗。,CPIC,,""rs3758581,rs4244285,rs12769205"",""chr10:94781859:G>A,chr12:21176804:A>G,chr10:94842866:A>G"""	E-B25920840366.drug.tsv
E-B25920840366,avatrombopag,阿伐曲泊帕,.,.,.,CYP2C9,*1/*1,.,.,Hom,,正常代谢型,常规用药,常规用药,FDA PGx,,.,.	E-B25920840366.drug.tsv
E-B25920840366,celecoxib,塞来昔布,.,.,.,CYP2C9,*1/*1,.,.,Hom,剂量指导,正常代谢型,常规用药或降低剂量,以推荐的起始剂量开始治疗，并遵循个体化治疗目标，使用最低有效剂量和最短持续时间。,CPIC,,.,.	E-B25920840366.drug.tsv
E-B25920840366,erdafitinib,厄达替尼,.,.,.,CYP2C9,*1/*1,.,.,Hom,,正常代谢型,常规用药,常规用药,FDA Label,,.,.	E-B25920840366.drug.tsv
E-B25920840366,flurbiprofen,氟比洛芬,.,.,.,CYP2C9,*1/*1,.,.,Hom,剂量指导,正常代谢型,常规用药或降低剂量,以推荐的起始剂量开始治疗，并遵循个体化治疗目标，使用最低有效剂量和最短持续时间。,CPIC,,.,.	E-B25920840366.drug.tsv
E-B25920840366,fluvastatin,氟伐他汀,.,.,.,CYP2C9,*1/*1,.,.,Hom,剂量指导,正常代谢型,遵医嘱用药,氟伐他汀应从期望的起始剂量开始，并根据疾病特定指南进行调整。,CPIC,,.,.	E-B25920840366.drug.tsv
E-B25920840366,fosphenytoin,磷苯妥英,.,.,.,CYP2C9,*1/*1,.,.,Hom,剂量指导,正常代谢型,常规用药,无需调整常规给药策略，但后续剂量应根据药物监测和临床反应调整。,CPIC,,.,.	E-B25920840366.drug.tsv
E-B25920840366,ibuprofen,布洛芬,.,.,.,CYP2C9,*1/*1,.,.,Hom,剂量指导,正常代谢型,常规用药或降低剂量,以推荐的起始剂量开始治疗，并遵循个体化治疗目标，使用最低有效剂量和最短持续时间。,CPIC,,.,.	E-B25920840366.drug.tsv
E-B25920840366,lornoxicam,氯诺昔康,.,.,.,CYP2C9,*1/*1,.,.,Hom,剂量指导,正常代谢型,常规用药或降低剂量,以推荐的起始剂量开始治疗，并遵循个体化治疗目标，使用最低有效剂量和最短持续时间。,CPIC,,.,.	E-B25920840366.drug.tsv
E-B25920840366,meloxicam,美洛昔康,.,.,.,CYP2C9,*1/*1,.,.,Hom,剂量指导,正常代谢型,常规用药或降低剂量,以推荐的起始剂量开始治疗，并遵循个体化治疗目标，使用最低有效剂量和最短持续时间。,CPIC,,.,.	E-B25920840366.drug.tsv
E-B25920840366,nateglinide,那格列奈,.,.,.,CYP2C9,*1/*1,.,.,Hom,,正常代谢型,常规用药,常规用药,FDA PGx,,.,.	E-B25920840366.drug.tsv
E-B25920840366,phenytoin,苯妥英,.,.,.,CYP2C9,*1/*1,.,.,Hom,剂量指导,正常代谢型,常规用药,无需调整常规给药策略，但后续剂量应根据药物监测和临床反应调整。,CPIC,,.,.	E-B25920840366.drug.tsv
E-B25920840366,piroxicam,吡罗昔康,.,.,.,CYP2C9,*1/*1,.,.,Hom,剂量指导,正常代谢型,常规用药或降低剂量,以推荐的起始剂量开始治疗，并遵循个体化治疗目标，使用最低有效剂量和最短持续时间。,CPIC,,.,.	E-B25920840366.drug.tsv
E-B25920840366,siponimod,西尼莫德,.,.,.,CYP2C9,*1/*1,.,.,Hom,剂量指导,正常代谢型,常规用药,指南未对正常代谢者的西尼莫德使用提供推荐。,DPWG,,.,.	E-B25920840366.drug.tsv
E-B25920840366,tenoxicam,替诺昔康,.,.,.,CYP2C9,*1/*1,.,.,Hom,剂量指导,正常代谢型,常规用药或降低剂量,以推荐的起始剂量开始治疗，并遵循个体化治疗目标，使用最低有效剂量和最短持续时间。,CPIC,,.,.	E-B25920840366.drug.tsv
E-B25920840366,warfarin,华法林,.,.,.,CYP2C9,*1/*1,.,.,Hom,剂量指导,正常代谢型,常规用药,该指南未对正常代谢者使用华法林提供推荐。,CPIC,,.,.	E-B25920840366.drug.tsv
"E-B25920840366,amitriptyline,阿米替林,""738.06,1603.06"",""0,45;0,20"",1.0,CYP2D6,Unknown/Unknown,""c.408G>C,c.1304G>C"",""p.Ser435Thr,p.Val136Val"",Hom,剂量指导,.,常规用药,以推荐的起始剂量开始治疗。,CPIC,,""rs1058164,rs1135840"",""chr22:42130692:G>A,chr22:42129130:C>G"""	E-B25920840366.drug.tsv
"E-B25920840366,amoxapine,阿莫沙平,""738.06,1603.06"",""0,45;0,20"",1.0,CYP2D6,Unknown/Unknown,""c.408G>C,c.1304G>C"",""p.Ser435Thr,p.Val136Val"",Hom,,.,常规用药,常规用药,FDA PGx,,""rs1058164,rs1135840"",""chr22:42130692:G>A,chr22:42129130:C>G"""	E-B25920840366.drug.tsv
"E-B25920840366,aripiprazole,阿立哌唑,""738.06,1603.06"",""0,45;0,20"",1.0,CYP2D6,Unknown/Unknown,""c.408G>C,c.1304G>C"",""p.Ser435Thr,p.Val136Val"",Hom,,.,常规用药,常规用药,DPWG,,""rs1058164,rs1135840"",""chr22:42130692:G>A,chr22:42129130:C>G"""	E-B25920840366.drug.tsv
"E-B25920840366,aripiprazole lauroxil,阿立哌唑月桂酰氧基甲酯,""738.06,1603.06"",""0,45;0,20"",1.0,CYP2D6,Unknown/Unknown,""c.408G>C,c.1304G>C"",""p.Ser435Thr,p.Val136Val"",Hom,,.,常规用药,常规用药,FDA Label,,""rs1058164,rs1135840"",""chr22:42130692:G>A,chr22:42129130:C>G"""	E-B25920840366.drug.tsv
"E-B25920840366,atomoxetine,托莫西汀,""738.06,1603.06"",""0,45;0,20"",1.0,CYP2D6,Unknown/Unknown,""c.408G>C,c.1304G>C"",""p.Ser435Thr,p.Val136Val"",Hom,,.,常规用药,常规用药,CPIC,,""rs1058164,rs1135840"",""chr22:42130692:G>A,chr22:42129130:C>G"""	E-B25920840366.drug.tsv
"E-B25920840366,brexpiprazole,布瑞哌唑,""738.06,1603.06"",""0,45;0,20"",1.0,CYP2D6,Unknown/Unknown,""c.408G>C,c.1304G>C"",""p.Ser435Thr,p.Val136Val"",Hom,,.,常规用药,常规用药,DPWG,,""rs1058164,rs1135840"",""chr22:42130692:G>A,chr22:42129130:C>G"""	E-B25920840366.drug.tsv
"E-B25920840366,carvedilol,卡维地洛,""738.06,1603.06"",""0,45;0,20"",1.0,CYP2D6,Unknown/Unknown,""c.408G>C,c.1304G>C"",""p.Ser435Thr,p.Val136Val"",Hom,,.,常规用药,常规用药,FDA PGx,,""rs1058164,rs1135840"",""chr22:42130692:G>A,chr22:42129130:C>G"""	E-B25920840366.drug.tsv
"E-B25920840366,cevimeline,西维美林,""738.06,1603.06"",""0,45;0,20"",1.0,CYP2D6,Unknown/Unknown,""c.408G>C,c.1304G>C"",""p.Ser435Thr,p.Val136Val"",Hom,,.,常规用药,常规用药,FDA Label,,""rs1058164,rs1135840"",""chr22:42130692:G>A,chr22:42129130:C>G"""	E-B25920840366.drug.tsv
"E-B25920840366,clomipramine,氯米帕明,""738.06,1603.06"",""0,45;0,20"",1.0,CYP2D6,Unknown/Unknown,""c.408G>C,c.1304G>C"",""p.Ser435Thr,p.Val136Val"",Hom,剂量指导,.,常规用药,以推荐的起始剂量开始治疗。,CPIC,,""rs1058164,rs1135840"",""chr22:42130692:G>A,chr22:42129130:C>G"""	E-B25920840366.drug.tsv
"E-B25920840366,clozapine,氯氮平,""738.06,1603.06"",""0,45;0,20"",1.0,CYP2D6,Unknown/Unknown,""c.408G>C,c.1304G>C"",""p.Ser435Thr,p.Val136Val"",Hom,,.,常规用药,常规用药,FDA Label,,""rs1058164,rs1135840"",""chr22:42130692:G>A,chr22:42129130:C>G"""	E-B25920840366.drug.tsv
"E-B25920840366,codeine,可待因,""738.06,1603.06"",""0,45;0,20"",1.0,CYP2D6,Unknown/Unknown,""c.408G>C,c.1304G>C"",""p.Ser435Thr,p.Val136Val"",Hom,,.,常规用药,常规用药,CPIC,,""rs1058164,rs1135840"",""chr22:42130692:G>A,chr22:42129130:C>G"""	E-B25920840366.drug.tsv
"E-B25920840366,darifenacin,达非那新,""738.06,1603.06"",""0,45;0,20"",1.0,CYP2D6,Unknown/Unknown,""c.408G>C,c.1304G>C"",""p.Ser435Thr,p.Val136Val"",Hom,,.,常规用药,常规用药,FDA PGx,,""rs1058164,rs1135840"",""chr22:42130692:G>A,chr22:42129130:C>G"""	E-B25920840366.drug.tsv
"E-B25920840366,desipramine,地昔帕明,""738.06,1603.06"",""0,45;0,20"",1.0,CYP2D6,Unknown/Unknown,""c.408G>C,c.1304G>C"",""p.Ser435Thr,p.Val136Val"",Hom,,.,常规用药,常规用药,CPIC,,""rs1058164,rs1135840"",""chr22:42130692:G>A,chr22:42129130:C>G"""	E-B25920840366.drug.tsv
"E-B25920840366,deutetrabenazine,氘丁苯那嗪,""738.06,1603.06"",""0,45;0,20"",1.0,CYP2D6,Unknown/Unknown,""c.408G>C,c.1304G>C"",""p.Ser435Thr,p.Val136Val"",Hom,,.,常规用药,常规用药,FDA Label,,""rs1058164,rs1135840"",""chr22:42130692:G>A,chr22:42129130:C>G"""	E-B25920840366.drug.tsv
"E-B25920840366,donepezil,多奈哌齐,""738.06,1603.06"",""0,45;0,20"",1.0,CYP2D6,Unknown/Unknown,""c.408G>C,c.1304G>C"",""p.Ser435Thr,p.Val136Val"",Hom,,.,常规用药,常规用药,FDA PGx,,""rs1058164,rs1135840"",""chr22:42130692:G>A,chr22:42129130:C>G"""	E-B25920840366.drug.tsv
"E-B25920840366,doxepin,多塞平,""738.06,1603.06"",""0,45;0,20"",1.0,CYP2D6,Unknown/Unknown,""c.408G>C,c.1304G>C"",""p.Ser435Thr,p.Val136Val"",Hom,剂量指导,.,常规用药,以推荐的起始剂量开始治疗。,CPIC,,""rs1058164,rs1135840"",""chr22:42130692:G>A,chr22:42129130:C>G"""	E-B25920840366.drug.tsv
"E-B25920840366,eliglustat,依利格鲁司,""738.06,1603.06"",""0,45;0,20"",1.0,CYP2D6,Unknown/Unknown,""c.408G>C,c.1304G>C"",""p.Ser435Thr,p.Val136Val"",Hom,,.,常规用药,常规用药,DPWG,,""rs1058164,rs1135840"",""chr22:42130692:G>A,chr22:42129130:C>G"""	E-B25920840366.drug.tsv
"E-B25920840366,fesoterodine,非索罗定,""738.06,1603.06"",""0,45;0,20"",1.0,CYP2D6,Unknown/Unknown,""c.408G>C,c.1304G>C"",""p.Ser435Thr,p.Val136Val"",Hom,,.,常规用药,常规用药,FDA PGx,,""rs1058164,rs1135840"",""chr22:42130692:G>A,chr22:42129130:C>G"""	E-B25920840366.drug.tsv
"E-B25920840366,flecainide,氟卡尼,""738.06,1603.06"",""0,45;0,20"",1.0,CYP2D6,Unknown/Unknown,""c.408G>C,c.1304G>C"",""p.Ser435Thr,p.Val136Val"",Hom,,.,常规用药,常规用药,DPWG,,""rs1058164,rs1135840"",""chr22:42130692:G>A,chr22:42129130:C>G"""	E-B25920840366.drug.tsv
"E-B25920840366,fluoxetine,氟西汀,""738.06,1603.06"",""0,45;0,20"",1.0,CYP2D6,Unknown/Unknown,""c.408G>C,c.1304G>C"",""p.Ser435Thr,p.Val136Val"",Hom,,.,常规用药,常规用药,FDA Label,,""rs1058164,rs1135840"",""chr22:42130692:G>A,chr22:42129130:C>G"""	E-B25920840366.drug.tsv
"E-B25920840366,fluvoxamine,氟伏沙明,""738.06,1603.06"",""0,45;0,20"",1.0,CYP2D6,Unknown/Unknown,""c.408G>C,c.1304G>C"",""p.Ser435Thr,p.Val136Val"",Hom,,.,常规用药,常规用药,CPIC,,""rs1058164,rs1135840"",""chr22:42130692:G>A,chr22:42129130:C>G"""	E-B25920840366.drug.tsv
"E-B25920840366,galantamine,加兰他敏,""738.06,1603.06"",""0,45;0,20"",1.0,CYP2D6,Unknown/Unknown,""c.408G>C,c.1304G>C"",""p.Ser435Thr,p.Val136Val"",Hom,,.,常规用药,常规用药,FDA PGx,,""rs1058164,rs1135840"",""chr22:42130692:G>A,chr22:42129130:C>G"""	E-B25920840366.drug.tsv
"E-B25920840366,gefitinib,吉非替尼,""738.06,1603.06"",""0,45;0,20"",1.0,CYP2D6,Unknown/Unknown,""c.408G>C,c.1304G>C"",""p.Ser435Thr,p.Val136Val"",Hom,,.,常规用药,常规用药,FDA Label,,""rs1058164,rs1135840"",""chr22:42130692:G>A,chr22:42129130:C>G"""	E-B25920840366.drug.tsv
"E-B25920840366,haloperidol,氟哌啶醇,""738.06,1603.06"",""0,45;0,20"",1.0,CYP2D6,Unknown/Unknown,""c.408G>C,c.1304G>C"",""p.Ser435Thr,p.Val136Val"",Hom,,.,常规用药,常规用药,DPWG,,""rs1058164,rs1135840"",""chr22:42130692:G>A,chr22:42129130:C>G"""	E-B25920840366.drug.tsv
"E-B25920840366,iloperidone,伊潘立酮,""738.06,1603.06"",""0,45;0,20"",1.0,CYP2D6,Unknown/Unknown,""c.408G>C,c.1304G>C"",""p.Ser435Thr,p.Val136Val"",Hom,,.,常规用药,常规用药,FDA Label,,""rs1058164,rs1135840"",""chr22:42130692:G>A,chr22:42129130:C>G"""	E-B25920840366.drug.tsv
"E-B25920840366,imipramine,丙米嗪,""738.06,1603.06"",""0,45;0,20"",1.0,CYP2D6,Unknown/Unknown,""c.408G>C,c.1304G>C"",""p.Ser435Thr,p.Val136Val"",Hom,剂量指导,.,常规用药,以推荐的起始剂量开始治疗。,CPIC,,""rs1058164,rs1135840"",""chr22:42130692:G>A,chr22:42129130:C>G"""	E-B25920840366.drug.tsv
"E-B25920840366,lofexidine,洛非西定,""738.06,1603.06"",""0,45;0,20"",1.0,CYP2D6,Unknown/Unknown,""c.408G>C,c.1304G>C"",""p.Ser435Thr,p.Val136Val"",Hom,,.,常规用药,常规用药,FDA Label,,""rs1058164,rs1135840"",""chr22:42130692:G>A,chr22:42129130:C>G"""	E-B25920840366.drug.tsv
"E-B25920840366,meclizine,美克洛嗪,""738.06,1603.06"",""0,45;0,20"",1.0,CYP2D6,Unknown/Unknown,""c.408G>C,c.1304G>C"",""p.Ser435Thr,p.Val136Val"",Hom,,.,常规用药,常规用药,FDA Label,,""rs1058164,rs1135840"",""chr22:42130692:G>A,chr22:42129130:C>G"""	E-B25920840366.drug.tsv
"E-B25920840366,metoclopramide,甲氧氯普胺,""738.06,1603.06"",""0,45;0,20"",1.0,CYP2D6,Unknown/Unknown,""c.408G>C,c.1304G>C"",""p.Ser435Thr,p.Val136Val"",Hom,,.,常规用药,常规用药,FDA Label,,""rs1058164,rs1135840"",""chr22:42130692:G>A,chr22:42129130:C>G"""	E-B25920840366.drug.tsv
"E-B25920840366,metoprolol,美托洛尔,""738.06,1603.06"",""0,45;0,20"",1.0,CYP2D6,Unknown/Unknown,""c.408G>C,c.1304G>C"",""p.Ser435Thr,p.Val136Val"",Hom,,.,常规用药,常规用药,CPIC,,""rs1058164,rs1135840"",""chr22:42130692:G>A,chr22:42129130:C>G"""	E-B25920840366.drug.tsv
"E-B25920840366,mirabegron,米拉贝隆,""738.06,1603.06"",""0,45;0,20"",1.0,CYP2D6,Unknown/Unknown,""c.408G>C,c.1304G>C"",""p.Ser435Thr,p.Val136Val"",Hom,,.,常规用药,常规用药,FDA PGx,,""rs1058164,rs1135840"",""chr22:42130692:G>A,chr22:42129130:C>G"""	E-B25920840366.drug.tsv
"E-B25920840366,nebivolol,奈必洛尔,""738.06,1603.06"",""0,45;0,20"",1.0,CYP2D6,Unknown/Unknown,""c.408G>C,c.1304G>C"",""p.Ser435Thr,p.Val136Val"",Hom,,.,常规用药,常规用药,FDA PGx,,""rs1058164,rs1135840"",""chr22:42130692:G>A,chr22:42129130:C>G"""	E-B25920840366.drug.tsv
"E-B25920840366,nortriptyline,去甲替林,""738.06,1603.06"",""0,45;0,20"",1.0,CYP2D6,Unknown/Unknown,""c.408G>C,c.1304G>C"",""p.Ser435Thr,p.Val136Val"",Hom,,.,常规用药,常规用药,CPIC,,""rs1058164,rs1135840"",""chr22:42130692:G>A,chr22:42129130:C>G"""	E-B25920840366.drug.tsv
"E-B25920840366,ondansetron,昂丹司琼,""738.06,1603.06"",""0,45;0,20"",1.0,CYP2D6,Unknown/Unknown,""c.408G>C,c.1304G>C"",""p.Ser435Thr,p.Val136Val"",Hom,,.,常规用药,常规用药,CPIC,,""rs1058164,rs1135840"",""chr22:42130692:G>A,chr22:42129130:C>G"""	E-B25920840366.drug.tsv
"E-B25920840366,paroxetine,帕罗西汀,""738.06,1603.06"",""0,45;0,20"",1.0,CYP2D6,Unknown/Unknown,""c.408G>C,c.1304G>C"",""p.Ser435Thr,p.Val136Val"",Hom,,.,常规用药,常规用药,CPIC,,""rs1058164,rs1135840"",""chr22:42130692:G>A,chr22:42129130:C>G"""	E-B25920840366.drug.tsv
"E-B25920840366,perphenazine,奋乃静,""738.06,1603.06"",""0,45;0,20"",1.0,CYP2D6,Unknown/Unknown,""c.408G>C,c.1304G>C"",""p.Ser435Thr,p.Val136Val"",Hom,,.,常规用药,常规用药,FDA PGx,,""rs1058164,rs1135840"",""chr22:42130692:G>A,chr22:42129130:C>G"""	E-B25920840366.drug.tsv
"E-B25920840366,pimozide,匹莫齐特,""738.06,1603.06"",""0,45;0,20"",1.0,CYP2D6,Unknown/Unknown,""c.408G>C,c.1304G>C"",""p.Ser435Thr,p.Val136Val"",Hom,,.,常规用药,常规用药,DPWG,,""rs1058164,rs1135840"",""chr22:42130692:G>A,chr22:42129130:C>G"""	E-B25920840366.drug.tsv
"E-B25920840366,pitolisant,替洛利生,""738.06,1603.06"",""0,45;0,20"",1.0,CYP2D6,Unknown/Unknown,""c.408G>C,c.1304G>C"",""p.Ser435Thr,p.Val136Val"",Hom,,.,常规用药,常规用药,FDA Label,,""rs1058164,rs1135840"",""chr22:42130692:G>A,chr22:42129130:C>G"""	E-B25920840366.drug.tsv
"E-B25920840366,propafenone,普罗帕酮,""738.06,1603.06"",""0,45;0,20"",1.0,CYP2D6,Unknown/Unknown,""c.408G>C,c.1304G>C"",""p.Ser435Thr,p.Val136Val"",Hom,,.,常规用药,常规用药,DPWG,,""rs1058164,rs1135840"",""chr22:42130692:G>A,chr22:42129130:C>G"""	E-B25920840366.drug.tsv
"E-B25920840366,propranolol,普萘洛尔,""738.06,1603.06"",""0,45;0,20"",1.0,CYP2D6,Unknown/Unknown,""c.408G>C,c.1304G>C"",""p.Ser435Thr,p.Val136Val"",Hom,,.,常规用药,常规用药,FDA PGx,,""rs1058164,rs1135840"",""chr22:42130692:G>A,chr22:42129130:C>G"""	E-B25920840366.drug.tsv
"E-B25920840366,protriptyline,普罗替林,""738.06,1603.06"",""0,45;0,20"",1.0,CYP2D6,Unknown/Unknown,""c.408G>C,c.1304G>C"",""p.Ser435Thr,p.Val136Val"",Hom,,.,常规用药,常规用药,FDA PGx,,""rs1058164,rs1135840"",""chr22:42130692:G>A,chr22:42129130:C>G"""	E-B25920840366.drug.tsv
"E-B25920840366,risperidone,利培酮,""738.06,1603.06"",""0,45;0,20"",1.0,CYP2D6,Unknown/Unknown,""c.408G>C,c.1304G>C"",""p.Ser435Thr,p.Val136Val"",Hom,,.,常规用药,常规用药,DPWG,,""rs1058164,rs1135840"",""chr22:42130692:G>A,chr22:42129130:C>G"""	E-B25920840366.drug.tsv
"E-B25920840366,tamoxifen,他莫昔芬,""738.06,1603.06"",""0,45;0,20"",1.0,CYP2D6,Unknown/Unknown,""c.408G>C,c.1304G>C"",""p.Ser435Thr,p.Val136Val"",Hom,,.,常规用药,常规用药,CPIC,,""rs1058164,rs1135840"",""chr22:42130692:G>A,chr22:42129130:C>G"""	E-B25920840366.drug.tsv
"E-B25920840366,tamsulosin,坦索罗辛,""738.06,1603.06"",""0,45;0,20"",1.0,CYP2D6,Unknown/Unknown,""c.408G>C,c.1304G>C"",""p.Ser435Thr,p.Val136Val"",Hom,,.,常规用药,常规用药,FDA Label,,""rs1058164,rs1135840"",""chr22:42130692:G>A,chr22:42129130:C>G"""	E-B25920840366.drug.tsv
"E-B25920840366,tetrabenazine,丁苯那嗪,""738.06,1603.06"",""0,45;0,20"",1.0,CYP2D6,Unknown/Unknown,""c.408G>C,c.1304G>C"",""p.Ser435Thr,p.Val136Val"",Hom,,.,常规用药,常规用药,FDA Label,,""rs1058164,rs1135840"",""chr22:42130692:G>A,chr22:42129130:C>G"""	E-B25920840366.drug.tsv
"E-B25920840366,thioridazine,硫利达嗪,""738.06,1603.06"",""0,45;0,20"",1.0,CYP2D6,Unknown/Unknown,""c.408G>C,c.1304G>C"",""p.Ser435Thr,p.Val136Val"",Hom,,.,常规用药,常规用药,FDA Label,,""rs1058164,rs1135840"",""chr22:42130692:G>A,chr22:42129130:C>G"""	E-B25920840366.drug.tsv
"E-B25920840366,tolterodine,托特罗定,""738.06,1603.06"",""0,45;0,20"",1.0,CYP2D6,Unknown/Unknown,""c.408G>C,c.1304G>C"",""p.Ser435Thr,p.Val136Val"",Hom,,.,常规用药,常规用药,FDA PGx,,""rs1058164,rs1135840"",""chr22:42130692:G>A,chr22:42129130:C>G"""	E-B25920840366.drug.tsv
"E-B25920840366,tramadol,曲马多,""738.06,1603.06"",""0,45;0,20"",1.0,CYP2D6,Unknown/Unknown,""c.408G>C,c.1304G>C"",""p.Ser435Thr,p.Val136Val"",Hom,,.,常规用药,常规用药,CPIC,,""rs1058164,rs1135840"",""chr22:42130692:G>A,chr22:42129130:C>G"""	E-B25920840366.drug.tsv
"E-B25920840366,trimipramine,曲米帕明,""738.06,1603.06"",""0,45;0,20"",1.0,CYP2D6,Unknown/Unknown,""c.408G>C,c.1304G>C"",""p.Ser435Thr,p.Val136Val"",Hom,剂量指导,.,常规用药,以推荐的起始剂量开始治疗。,CPIC,,""rs1058164,rs1135840"",""chr22:42130692:G>A,chr22:42129130:C>G"""	E-B25920840366.drug.tsv
"E-B25920840366,tropisetron,托烷司琼,""738.06,1603.06"",""0,45;0,20"",1.0,CYP2D6,Unknown/Unknown,""c.408G>C,c.1304G>C"",""p.Ser435Thr,p.Val136Val"",Hom,,.,常规用药,常规用药,CPIC,,""rs1058164,rs1135840"",""chr22:42130692:G>A,chr22:42129130:C>G"""	E-B25920840366.drug.tsv
"E-B25920840366,valbenazine,缬苯那嗪,""738.06,1603.06"",""0,45;0,20"",1.0,CYP2D6,Unknown/Unknown,""c.408G>C,c.1304G>C"",""p.Ser435Thr,p.Val136Val"",Hom,,.,常规用药,常规用药,FDA Label,,""rs1058164,rs1135840"",""chr22:42130692:G>A,chr22:42129130:C>G"""	E-B25920840366.drug.tsv
"E-B25920840366,venlafaxine,文拉法辛,""738.06,1603.06"",""0,45;0,20"",1.0,CYP2D6,Unknown/Unknown,""c.408G>C,c.1304G>C"",""p.Ser435Thr,p.Val136Val"",Hom,,.,常规用药,常规用药,CPIC,,""rs1058164,rs1135840"",""chr22:42130692:G>A,chr22:42129130:C>G"""	E-B25920840366.drug.tsv
"E-B25920840366,viloxazine,维洛沙嗪,""738.06,1603.06"",""0,45;0,20"",1.0,CYP2D6,Unknown/Unknown,""c.408G>C,c.1304G>C"",""p.Ser435Thr,p.Val136Val"",Hom,,.,常规用药,常规用药,FDA PGx,,""rs1058164,rs1135840"",""chr22:42130692:G>A,chr22:42129130:C>G"""	E-B25920840366.drug.tsv
"E-B25920840366,vortioxetine,伏硫西汀,""738.06,1603.06"",""0,45;0,20"",1.0,CYP2D6,Unknown/Unknown,""c.408G>C,c.1304G>C"",""p.Ser435Thr,p.Val136Val"",Hom,,.,常规用药,常规用药,CPIC,,""rs1058164,rs1135840"",""chr22:42130692:G>A,chr22:42129130:C>G"""	E-B25920840366.drug.tsv
"E-B25920840366,zuclopenthixol,珠氯噻醇,""738.06,1603.06"",""0,45;0,20"",1.0,CYP2D6,Unknown/Unknown,""c.408G>C,c.1304G>C"",""p.Ser435Thr,p.Val136Val"",Hom,,.,常规用药,常规用药,DPWG,,""rs1058164,rs1135840"",""chr22:42130692:G>A,chr22:42129130:C>G"""	E-B25920840366.drug.tsv
E-B25920840366,quetiapine,喹硫平,.,.,.,CYP3A4,*1/*1,.,.,Hom,剂量指导,正常代谢型,常规用药,该指南未对正常代谢者使用喹硫平提供建议。,DPWG,,.,.	E-B25920840366.drug.tsv
"E-B25920840366,tacrolimus,他克莫司,835.64,""10,24"",0.71,CYP3A5,*1/*3,c.*467-1A>G,,Het,""剂量指导, 预测疗效"",中间代谢型,增加剂量,将起始剂量增加至推荐剂量的1.5到2倍，并使用治疗药物监测指导剂量调整。,CPIC,,rs776746,chr10:94645745:G>A"	E-B25920840366.drug.tsv
"E-B25920840366,warfarin,华法林,""826.64,1034.06"",""0,33;23,29"",0.56;1.0,CYP4F2,*3/*17,""c.1297G>A,c.1414A>G"",""p.Thr472Ala,p.Val433Met"",Het,剂量指导,.,降低剂量,未找到指南。,CPIC,,""rs4020346,rs2108622"",""chr19:15879621:C>T,chr22:42126611:C>G"""	E-B25920840366.drug.tsv
"E-B25920840366,capecitabine,卡培他滨,""645.64,1018.06"",""0,33;23,22"",0.49;1.0,DPYD,c.85T>C (*9A)/[c.85T>C (*9A) + c.1627A>G (*5)],""c.1627A>G,c.85T>C"",""p.Ile543Val,p.Cys29Arg"",Het,剂量指导,.,遵医嘱用药,根据基因型，没有迹象表明需要改变剂量或疗法，应按标签推荐使用。,CPIC,,""rs1801265,rs1801159"",""chr1:97515839:T>C,chr1:97883329:A>G"""	E-B25920840366.drug.tsv
"E-B25920840366,flucytosine,氟胞嘧啶,""645.64,1018.06"",""0,33;23,22"",0.49;1.0,DPYD,c.85T>C (*9A)/[c.85T>C (*9A) + c.1627A>G (*5)],""c.1627A>G,c.85T>C"",""p.Ile543Val,p.Cys29Arg"",Het,剂量指导,.,常规用药,指南未对DPYD活性评分为2的患者使用氟胞嘧啶提供推荐。,DPWG,,""rs1801265,rs1801159"",""chr1:97515839:T>C,chr1:97883329:A>G"""	E-B25920840366.drug.tsv
"E-B25920840366,fluorouracil,氟尿嘧啶,""645.64,1018.06"",""0,33;23,22"",0.49;1.0,DPYD,c.85T>C (*9A)/[c.85T>C (*9A) + c.1627A>G (*5)],""c.1627A>G,c.85T>C"",""p.Ile543Val,p.Cys29Arg"",Het,剂量指导,.,遵医嘱用药,根据基因型，没有迹象表明需要改变剂量或疗法，应按标签推荐使用。,CPIC,,""rs1801265,rs1801159"",""chr1:97515839:T>C,chr1:97883329:A>G"""	E-B25920840366.drug.tsv
"E-B25920840366,tegafur,替加氟,""645.64,1018.06"",""0,33;23,22"",0.49;1.0,DPYD,c.85T>C (*9A)/[c.85T>C (*9A) + c.1627A>G (*5)],""c.1627A>G,c.85T>C"",""p.Ile543Val,p.Cys29Arg"",Het,剂量指导,.,常规用药,该指南未对DPYD活性评分为2的患者使用替加氟提供建议。,DPWG,,""rs1801265,rs1801159"",""chr1:97515839:T>C,chr1:97883329:A>G"""	E-B25920840366.drug.tsv
E-B25920840366,bupivacaine,布比卡因,.,.,.,G6PD,B (reference)/B (reference),.,.,Hom,,.,常规用药,常规用药,FDA Label,,.,.	E-B25920840366.drug.tsv
E-B25920840366,chloroquine,氯喹,.,.,.,G6PD,B (reference)/B (reference),.,.,Hom,,.,常规用药,常规用药,FDA Label,,.,.	E-B25920840366.drug.tsv
E-B25920840366,chlorpropamide,氯磺丙脲,.,.,.,G6PD,B (reference)/B (reference),.,.,Hom,,.,常规用药,常规用药,FDA Label,,.,.	E-B25920840366.drug.tsv
E-B25920840366,dabrafenib,达拉非尼,.,.,.,G6PD,B (reference)/B (reference),.,.,Hom,,.,常规用药,常规用药,FDA Label,,.,.	E-B25920840366.drug.tsv
E-B25920840366,dapsone,氨苯砜,.,.,.,G6PD,B (reference)/B (reference),.,.,Hom,不良反应预测,.,常规用药,根据G6PD状态，没有理由避免使用该药物。,CPIC,,.,.	E-B25920840366.drug.tsv
E-B25920840366,flutamide,氟他胺,.,.,.,G6PD,B (reference)/B (reference),.,.,Hom,,.,常规用药,常规用药,FDA Label,,.,.	E-B25920840366.drug.tsv
E-B25920840366,glimepiride,格列美脲,.,.,.,G6PD,B (reference)/B (reference),.,.,Hom,,.,常规用药,常规用药,FDA Label,,.,.	E-B25920840366.drug.tsv
E-B25920840366,glipizide,格列吡嗪,.,.,.,G6PD,B (reference)/B (reference),.,.,Hom,,.,常规用药,常规用药,FDA Label,,.,.	E-B25920840366.drug.tsv
E-B25920840366,glyburide,格列本脲,.,.,.,G6PD,B (reference)/B (reference),.,.,Hom,,.,常规用药,常规用药,FDA Label,,.,.	E-B25920840366.drug.tsv
E-B25920840366,hydroxychloroquine,羟氯喹,.,.,.,G6PD,B (reference)/B (reference),.,.,Hom,,.,常规用药,常规用药,FDA Label,,.,.	E-B25920840366.drug.tsv
E-B25920840366,mepivacaine,甲哌卡因,.,.,.,G6PD,B (reference)/B (reference),.,.,Hom,,.,常规用药,常规用药,FDA Label,,.,.	E-B25920840366.drug.tsv
E-B25920840366,methylene blue,亚甲蓝,.,.,.,G6PD,B (reference)/B (reference),.,.,Hom,不良反应预测,.,常规用药,根据G6PD状态，没有理由避免使用该药物。,CPIC,,.,.	E-B25920840366.drug.tsv
E-B25920840366,moviprep,复方聚乙二醇电解质,.,.,.,G6PD,B (reference)/B (reference),.,.,Hom,,.,常规用药,常规用药,FDA Label,,.,.	E-B25920840366.drug.tsv
E-B25920840366,nalidixic acid,萘啶酸,.,.,.,G6PD,B (reference)/B (reference),.,.,Hom,,.,常规用药,常规用药,FDA Label,,.,.	E-B25920840366.drug.tsv
E-B25920840366,nitrofurantoin,呋喃妥因,.,.,.,G6PD,B (reference)/B (reference),.,.,Hom,不良反应预测,.,常规用药,根据G6PD状态，没有理由避免使用该药物。,CPIC,,.,.	E-B25920840366.drug.tsv
E-B25920840366,pegloticase,聚乙二醇化尿酸酶,.,.,.,G6PD,B (reference)/B (reference),.,.,Hom,不良反应预测,.,常规用药,根据G6PD状态，没有理由避免使用该药物。,CPIC,,.,.	E-B25920840366.drug.tsv
E-B25920840366,primaquine,伯氨喹,.,.,.,G6PD,B (reference)/B (reference),.,.,Hom,不良反应预测,.,常规用药,根据G6PD状态，没有理由避免使用该药物。,CPIC,,.,.	E-B25920840366.drug.tsv
E-B25920840366,rasburicase,拉布立酶,.,.,.,G6PD,B (reference)/B (reference),.,.,Hom,不良反应预测,.,常规用药,根据G6PD状态，没有理由避免使用该药物。,CPIC,,.,.	E-B25920840366.drug.tsv
E-B25920840366,sodium ascorbate,抗坏血酸钠,.,.,.,G6PD,B (reference)/B (reference),.,.,Hom,,.,常规用药,常规用药,FDA Label,,.,.	E-B25920840366.drug.tsv
E-B25920840366,sodium nitrite,亚硝酸钠,.,.,.,G6PD,B (reference)/B (reference),.,.,Hom,,.,常规用药,常规用药,FDA Label,,.,.	E-B25920840366.drug.tsv
E-B25920840366,sulfasalazine,柳氮磺吡啶,.,.,.,G6PD,B (reference)/B (reference),.,.,Hom,,.,常规用药,常规用药,FDA Label,,.,.	E-B25920840366.drug.tsv
E-B25920840366,tafenoquine,他非诺喹,.,.,.,G6PD,B (reference)/B (reference),.,.,Hom,不良反应预测,.,常规用药,根据G6PD状态，没有理由避免使用该药物。,CPIC,,.,.	E-B25920840366.drug.tsv
E-B25920840366,tolazamide,妥拉磺脲,.,.,.,G6PD,B (reference)/B (reference),.,.,Hom,,.,常规用药,常规用药,FDA Label,,.,.	E-B25920840366.drug.tsv
E-B25920840366,tolbutamide,甲苯磺丁脲,.,.,.,G6PD,B (reference)/B (reference),.,.,Hom,,.,常规用药,常规用药,FDA Label,,.,.	E-B25920840366.drug.tsv
E-B25920840366,toluidine blue,甲苯胺蓝,.,.,.,G6PD,B (reference)/B (reference),.,.,Hom,不良反应预测,.,常规用药,根据G6PD状态，没有理由避免使用该药物。,CPIC,,.,.	E-B25920840366.drug.tsv
E-B25920840366,carbamazepine,卡马西平,.,.,.,HLA-A,*02:01/*11:01,.,.,Het,剂量指导,.,常规用药,按照标准给药指南使用卡马西平。,CPIC,,.,.	E-B25920840366.drug.tsv
E-B25920840366,abacavir,阿巴卡韦,.,.,.,HLA-B,*07:02/*15:01,.,.,Het,剂量指导,.,常规用药,按照标准给药指南使用阿巴卡韦。,CPIC,,.,.	E-B25920840366.drug.tsv
E-B25920840366,allopurinol,别嘌醇,.,.,.,HLA-B,*07:02/*15:01,.,.,Het,剂量指导,.,常规用药,按照标准给药指南使用别嘌醇。,CPIC,,.,.	E-B25920840366.drug.tsv
E-B25920840366,carbamazepine,卡马西平,.,.,.,HLA-B,*07:02/*15:01,.,.,Het,剂量指导,.,常规用药,按照标准给药指南使用卡马西平。,CPIC,,.,.	E-B25920840366.drug.tsv
E-B25920840366,flucloxacillin,氟氯西林,.,.,.,HLA-B,*07:02/*15:01,.,.,Het,,.,常规用药,常规用药,DPWG,,.,.	E-B25920840366.drug.tsv
E-B25920840366,fosphenytoin,磷苯妥英,.,.,.,HLA-B,*07:02/*15:01,.,.,Het,剂量指导,.,常规用药,无需调整常规给药策略，但后续剂量应根据药物监测和临床反应调整。,CPIC,,.,.	E-B25920840366.drug.tsv
E-B25920840366,lamotrigine,拉莫三嗪,.,.,.,HLA-B,*07:02/*15:01,.,.,Het,剂量指导,.,常规用药,指南未对HLA-B*15:02阴性的患者使用拉莫三嗪提供推荐。,DPWG,,.,.	E-B25920840366.drug.tsv
E-B25920840366,oxcarbazepine,奥卡西平,.,.,.,HLA-B,*07:02/*15:01,.,.,Het,剂量指导,.,常规用药,按照标准给药指南使用奥卡西平。,CPIC,,.,.	E-B25920840366.drug.tsv
E-B25920840366,pazopanib,帕唑帕尼,.,.,.,HLA-B,*07:02/*15:01,.,.,Het,,.,常规用药,常规用药,FDA PGx,,.,.	E-B25920840366.drug.tsv
E-B25920840366,phenytoin,苯妥英,.,.,.,HLA-B,*07:02/*15:01,.,.,Het,剂量指导,.,常规用药,无需调整常规给药策略，但后续剂量应根据药物监测和临床反应调整。,CPIC,,.,.	E-B25920840366.drug.tsv
E-B25920840366,peginterferon alfa-2a,聚乙二醇干扰素α-2a,.,.,.,IFNL3,rs12979860 reference (C)/rs12979860 reference (C),.,.,Hom,,.,常规用药,常规用药,CPIC,,.,.	E-B25920840366.drug.tsv
E-B25920840366,peginterferon alfa-2b,聚乙二醇干扰素α-2b,.,.,.,IFNL3,rs12979860 reference (C)/rs12979860 reference (C),.,.,Hom,,.,常规用药,常规用药,CPIC,,.,.	E-B25920840366.drug.tsv
E-B25920840366,ribavirin,利巴韦林,.,.,.,IFNL3,rs12979860 reference (C)/rs12979860 reference (C),.,.,Hom,,.,常规用药,常规用药,CPIC,,.,.	E-B25920840366.drug.tsv
"E-B25920840366,amikacin,阿米卡星,.,.,.,MT-RNR1,Reference,.,.,.,""剂量指导, 预测毒副作用"",氨基糖苷类药物诱导听力损失风险正常,常规用药,以标准剂量使用氨基糖苷类抗生素，疗程尽可能短，并进行治疗剂量监测和定期听力评估。,CPIC,,.,."	E-B25920840366.drug.tsv
"E-B25920840366,dibekacin,地贝卡星,.,.,.,MT-RNR1,Reference,.,.,.,""剂量指导, 预测毒副作用"",氨基糖苷类药物诱导听力损失风险正常,常规用药,以标准剂量使用氨基糖苷类抗生素，疗程尽可能短，并进行治疗剂量监测和定期听力评估。,CPIC,,.,."	E-B25920840366.drug.tsv
"E-B25920840366,gentamicin,庆大霉素,.,.,.,MT-RNR1,Reference,.,.,.,""剂量指导, 预测毒副作用"",氨基糖苷类药物诱导听力损失风险正常,常规用药,以标准剂量使用氨基糖苷类抗生素，疗程尽可能短，并进行治疗剂量监测和定期听力评估。,CPIC,,.,."	E-B25920840366.drug.tsv
"E-B25920840366,kanamycin,卡那霉素,.,.,.,MT-RNR1,Reference,.,.,.,""剂量指导, 预测毒副作用"",氨基糖苷类药物诱导听力损失风险正常,常规用药,以标准剂量使用氨基糖苷类抗生素，疗程尽可能短，并进行治疗剂量监测和定期听力评估。,CPIC,,.,."	E-B25920840366.drug.tsv
"E-B25920840366,neomycin,新霉素,.,.,.,MT-RNR1,Reference,.,.,.,""剂量指导, 预测毒副作用"",氨基糖苷类药物诱导听力损失风险正常,常规用药,以标准剂量使用氨基糖苷类抗生素，疗程尽可能短，并进行治疗剂量监测和定期听力评估。,CPIC,,.,."	E-B25920840366.drug.tsv
"E-B25920840366,netilmicin,奈替米星,.,.,.,MT-RNR1,Reference,.,.,.,""剂量指导, 预测毒副作用"",氨基糖苷类药物诱导听力损失风险正常,常规用药,以标准剂量使用氨基糖苷类抗生素，疗程尽可能短，并进行治疗剂量监测和定期听力评估。,CPIC,,.,."	E-B25920840366.drug.tsv
"E-B25920840366,paromomycin,巴龙霉素,.,.,.,MT-RNR1,Reference,.,.,.,""剂量指导, 预测毒副作用"",氨基糖苷类药物诱导听力损失风险正常,常规用药,以标准剂量使用氨基糖苷类抗生素，疗程尽可能短，并进行治疗剂量监测和定期听力评估。,CPIC,,.,."	E-B25920840366.drug.tsv
"E-B25920840366,plazomicin,普拉佐米星,.,.,.,MT-RNR1,Reference,.,.,.,""剂量指导, 预测毒副作用"",氨基糖苷类药物诱导听力损失风险正常,常规用药,以标准剂量使用氨基糖苷类抗生素，疗程尽可能短，并进行治疗剂量监测和定期听力评估。,CPIC,,.,."	E-B25920840366.drug.tsv
"E-B25920840366,ribostamycin,核糖霉素,.,.,.,MT-RNR1,Reference,.,.,.,""剂量指导, 预测毒副作用"",氨基糖苷类药物诱导听力损失风险正常,常规用药,以标准剂量使用氨基糖苷类抗生素，疗程尽可能短，并进行治疗剂量监测和定期听力评估。,CPIC,,.,."	E-B25920840366.drug.tsv
"E-B25920840366,streptomycin,链霉素,.,.,.,MT-RNR1,Reference,.,.,.,""剂量指导, 预测毒副作用"",氨基糖苷类药物诱导听力损失风险正常,常规用药,以标准剂量使用氨基糖苷类抗生素，疗程尽可能短，并进行治疗剂量监测和定期听力评估。,CPIC,,.,."	E-B25920840366.drug.tsv
"E-B25920840366,tobramycin,妥布霉素,.,.,.,MT-RNR1,Reference,.,.,.,""剂量指导, 预测毒副作用"",氨基糖苷类药物诱导听力损失风险正常,常规用药,以标准剂量使用氨基糖苷类抗生素，疗程尽可能短，并进行治疗剂量监测和定期听力评估。,CPIC,,.,."	E-B25920840366.drug.tsv
E-B25920840366,azathioprine,硫唑嘌呤,.,.,.,NUDT15,*1/*1,.,.,Hom,剂量指导,正常代谢型,遵医嘱用药,硫唑嘌呤应以正常剂量开始并根据指南调整，每次调整后需2周达到稳态。,CPIC,,.,.	E-B25920840366.drug.tsv
E-B25920840366,mercaptopurine,巯嘌呤,.,.,.,NUDT15,*1/*1,.,.,Hom,剂量指导,正常代谢型,常规用药,以正常起始剂量开始使用巯嘌呤，并同等调整所有骨髓抑制性治疗。,CPIC,,.,.	E-B25920840366.drug.tsv
E-B25920840366,thioguanine,硫鸟嘌呤,.,.,.,NUDT15,*1/*1,.,.,Hom,剂量指导,正常代谢型,常规用药,以正常起始剂量开始使用硫鸟嘌呤，并同等调整所有骨髓抑制性治疗。,CPIC,,.,.	E-B25920840366.drug.tsv
E-B25920840366,desflurane,地氟烷,.,.,.,RYR1,Reference/Reference,.,.,Hom,预测毒副作用,易感性不确定,换药或遵医嘱用药,临床发现、家族史、进一步的基因检测和其他实验室数据应指导卤代挥发性麻醉剂或去极化肌松药的使用。,CPIC,,.,.	E-B25920840366.drug.tsv
E-B25920840366,enflurane,恩氟烷,.,.,.,RYR1,Reference/Reference,.,.,Hom,预测毒副作用,易感性不确定,换药或遵医嘱用药,临床发现、家族史、进一步的基因检测和其他实验室数据应指导卤代挥发性麻醉剂或去极化肌松药的使用。,CPIC,,.,.	E-B25920840366.drug.tsv
E-B25920840366,halothane,氟烷,.,.,.,RYR1,Reference/Reference,.,.,Hom,预测毒副作用,易感性不确定,换药或遵医嘱用药,临床发现、家族史、进一步的基因检测和其他实验室数据应指导卤代挥发性麻醉剂或去极化肌松药的使用。,CPIC,,.,.	E-B25920840366.drug.tsv
E-B25920840366,isoflurane,异氟烷,.,.,.,RYR1,Reference/Reference,.,.,Hom,预测毒副作用,易感性不确定,换药或遵医嘱用药,临床发现、家族史、进一步的基因检测和其他实验室数据应指导卤代挥发性麻醉剂或去极化肌松药的使用。,CPIC,,.,.	E-B25920840366.drug.tsv
E-B25920840366,methoxyflurane,甲氧氟烷,.,.,.,RYR1,Reference/Reference,.,.,Hom,预测毒副作用,易感性不确定,换药或遵医嘱用药,临床发现、家族史、进一步的基因检测和其他实验室数据应指导卤代挥发性麻醉剂或去极化肌松药的使用。,CPIC,,.,.	E-B25920840366.drug.tsv
E-B25920840366,sevoflurane,七氟烷,.,.,.,RYR1,Reference/Reference,.,.,Hom,预测毒副作用,易感性不确定,换药或遵医嘱用药,临床发现、家族史、进一步的基因检测和其他实验室数据应指导卤代挥发性麻醉剂或去极化肌松药的使用。,CPIC,,.,.	E-B25920840366.drug.tsv
E-B25920840366,succinylcholine,琥珀胆碱,.,.,.,RYR1,Reference/Reference,.,.,Hom,预测毒副作用,易感性不确定,换药或遵医嘱用药,临床发现、家族史、进一步的基因检测和其他实验室数据应指导卤代挥发性麻醉剂或去极化肌松药的使用。,CPIC,,.,.	E-B25920840366.drug.tsv
"E-B25920840366,atorvastatin,阿托伐他汀,1263.06,""0,34"",1.0,SLCO1B1,*37/*37,c.388A>G,p.Asn130Asp,Hom,剂量指导,.,常规用药,按期望的起始剂量开具处方，并根据疾病特定指南调整剂量。,CPIC,,rs2306283,chr16:31096368:C>T"	E-B25920840366.drug.tsv
"E-B25920840366,elagolix,艾拉戈利,1263.06,""0,34"",1.0,SLCO1B1,*37/*37,c.388A>G,p.Asn130Asp,Hom,,功能正常,常规用药,常规用药,FDA PGx,,rs2306283,chr16:31096368:C>T"	E-B25920840366.drug.tsv
"E-B25920840366,fluvastatin,氟伐他汀,1263.06,""0,34"",1.0,SLCO1B1,*37/*37,c.388A>G,p.Asn130Asp,Hom,剂量指导,功能正常,遵医嘱用药,氟伐他汀应从期望的起始剂量开始，并根据疾病特定指南进行调整。,CPIC,,rs2306283,chr16:31096368:C>T"	E-B25920840366.drug.tsv
"E-B25920840366,lovastatin,洛伐他汀,1263.06,""0,34"",1.0,SLCO1B1,*37/*37,c.388A>G,p.Asn130Asp,Hom,剂量指导,功能正常,常规用药,按期望的起始剂量开具处方，并根据疾病特定指南调整剂量。,CPIC,,rs2306283,chr16:31096368:C>T"	E-B25920840366.drug.tsv
"E-B25920840366,pitavastatin,匹伐他汀,1263.06,""0,34"",1.0,SLCO1B1,*37/*37,c.388A>G,p.Asn130Asp,Hom,剂量指导,功能正常,常规用药,按期望的起始剂量开具处方，并根据疾病特定指南调整剂量。,CPIC,,rs2306283,chr16:31096368:C>T"	E-B25920840366.drug.tsv
"E-B25920840366,pravastatin,普伐他汀,1263.06,""0,34"",1.0,SLCO1B1,*37/*37,c.388A>G,p.Asn130Asp,Hom,剂量指导,功能正常,常规用药,按期望的起始剂量开具处方，并根据疾病特定指南调整剂量。,CPIC,,rs2306283,chr16:31096368:C>T"	E-B25920840366.drug.tsv
"E-B25920840366,rosuvastatin,瑞舒伐他汀,1263.06,""0,34"",1.0,SLCO1B1,*37/*37,c.388A>G,p.Asn130Asp,Hom,剂量指导,.,常规用药,按期望的起始剂量处方瑞舒伐他汀，并根据疾病特定指南调整剂量。,CPIC,,rs2306283,chr16:31096368:C>T"	E-B25920840366.drug.tsv
"E-B25920840366,simvastatin,辛伐他汀,1263.06,""0,34"",1.0,SLCO1B1,*37/*37,c.388A>G,p.Asn130Asp,Hom,剂量指导,.,常规用药,按期望的起始剂量开具处方，并根据疾病特定指南调整剂量。,CPIC,,rs2306283,chr16:31096368:C>T"	E-B25920840366.drug.tsv
E-B25920840366,azathioprine,硫唑嘌呤,.,.,.,TPMT,*1/*1,.,.,Hom,剂量指导,正常代谢型,遵医嘱用药,硫唑嘌呤应以正常剂量开始并根据指南调整，每次调整后需2周达到稳态。,CPIC,,.,.	E-B25920840366.drug.tsv
E-B25920840366,mercaptopurine,巯嘌呤,.,.,.,TPMT,*1/*1,.,.,Hom,剂量指导,正常代谢型,常规用药,以正常起始剂量开始使用巯嘌呤，并同等调整所有骨髓抑制性治疗。,CPIC,,.,.	E-B25920840366.drug.tsv
E-B25920840366,thioguanine,硫鸟嘌呤,.,.,.,TPMT,*1/*1,.,.,Hom,剂量指导,正常代谢型,常规用药,以正常起始剂量开始使用硫鸟嘌呤，并同等调整所有骨髓抑制性治疗。,CPIC,,.,.	E-B25920840366.drug.tsv
"E-B25920840366,atazanavir,阿扎那韦,""536.64,860.64"",""28,28;14,19"",0.58;0.5,UGT1A1,*1/*80+*28,""c.-364C>T,c.-54_-53delAT"",,Het,不良反应预测,中间代谢型,常规用药，监测胆红素,无需根据UGT1A1基因检测结果避免使用阿扎那韦，但应告知患者其基因型导致因黄疸停药的可能性很低。,CPIC,,""rs887829,rs3064744"",""chr7:99672916:T>C,chr2:233759924:C>T"""	E-B25920840366.drug.tsv
"E-B25920840366,belinostat,贝利司他,""536.64,860.64"",""28,28;14,19"",0.58;0.5,UGT1A1,*1/*80+*28,""c.-364C>T,c.-54_-53delAT"",,Het,,中间代谢型,常规用药,常规用药,FDA Label,,""rs887829,rs3064744"",""chr7:99672916:T>C,chr2:233759924:C>T"""	E-B25920840366.drug.tsv
"E-B25920840366,dolutegravir,多替拉韦,""536.64,860.64"",""28,28;14,19"",0.58;0.5,UGT1A1,*1/*80+*28,""c.-364C>T,c.-54_-53delAT"",,Het,,中间代谢型,常规用药,常规用药,FDA PGx,,""rs887829,rs3064744"",""chr7:99672916:T>C,chr2:233759924:C>T"""	E-B25920840366.drug.tsv
"E-B25920840366,irinotecan,伊立替康,""536.64,860.64"",""28,28;14,19"",0.58;0.5,UGT1A1,*1/*80+*28,""c.-364C>T,c.-54_-53delAT"",,Het,剂量指导,中间代谢型,常规用药,该基因-药物相互作用无需采取任何措施。,DPWG,,""rs887829,rs3064744"",""chr7:99672916:T>C,chr2:233759924:C>T"""	E-B25920840366.drug.tsv
"E-B25920840366,nilotinib,尼洛替尼,""536.64,860.64"",""28,28;14,19"",0.58;0.5,UGT1A1,*1/*80+*28,""c.-364C>T,c.-54_-53delAT"",,Het,,中间代谢型,常规用药,常规用药,FDA PGx,,""rs887829,rs3064744"",""chr7:99672916:T>C,chr2:233759924:C>T"""	E-B25920840366.drug.tsv
"E-B25920840366,pazopanib,帕唑帕尼,""536.64,860.64"",""28,28;14,19"",0.58;0.5,UGT1A1,*1/*80+*28,""c.-364C>T,c.-54_-53delAT"",,Het,,中间代谢型,常规用药,常规用药,FDA PGx,,""rs887829,rs3064744"",""chr7:99672916:T>C,chr2:233759924:C>T"""	E-B25920840366.drug.tsv
"E-B25920840366,raltegravir,拉替拉韦,""536.64,860.64"",""28,28;14,19"",0.58;0.5,UGT1A1,*1/*80+*28,""c.-364C>T,c.-54_-53delAT"",,Het,,中间代谢型,常规用药,常规用药,FDA PGx,,""rs887829,rs3064744"",""chr7:99672916:T>C,chr2:233759924:C>T"""	E-B25920840366.drug.tsv
"E-B25920840366,sacituzumab govitecan,戈沙妥珠单抗,""536.64,860.64"",""28,28;14,19"",0.58;0.5,UGT1A1,*1/*80+*28,""c.-364C>T,c.-54_-53delAT"",,Het,,中间代谢型,常规用药,常规用药,FDA Label,,""rs887829,rs3064744"",""chr7:99672916:T>C,chr2:233759924:C>T"""	E-B25920840366.drug.tsv
"E-B25920840366,acenocoumarol,醋硝香豆素,133.64,""17,7"",0.29,VKORC1,rs9923231 variant (T)/rs9923231 variant (T),c.-1639G>A,,Hom,剂量指导,.,降低剂量,需由国家INR监测服务（抗凝门诊）进行监测。,DPWG,,rs9923231,chr19:15878920:T>C"	E-B25920840366.drug.tsv
"E-B25920840366,phenprocoumon,苯丙香豆素,133.64,""17,7"",0.29,VKORC1,rs9923231 variant (T)/rs9923231 variant (T),c.-1639G>A,,Hom,剂量指导,.,降低剂量,需由抗凝门诊进行监测。,DPWG,,rs9923231,chr19:15878920:T>C"	E-B25920840366.drug.tsv
"E-B25920840366,warfarin,华法林,133.64,""17,7"",0.29,VKORC1,rs9923231 variant (T)/rs9923231 variant (T),c.-1639G>A,,Hom,剂量指导,.,降低剂量,使用60%的标准初始剂量。,CPIC,,rs9923231,chr19:15878920:T>C"	E-B25920840366.drug.tsv
"E-D25554453405,allopurinol,别嘌醇,712.64,""26,24"",0.48,ABCG2,rs2231142 reference (G)/rs2231142 variant (T),c.421C>A,p.Gln141Lys,Het,,功能降低,常规用药,常规用药,DPWG,,rs2231142,chr4:88131171:G>T"	E-D25554453405.drug.tsv
"E-D25554453405,rosuvastatin,瑞舒伐他汀,712.64,""26,24"",0.48,ABCG2,rs2231142 reference (G)/rs2231142 variant (T),c.421C>A,p.Gln141Lys,Het,剂量指导,功能降低,常规用药,按期望的起始剂量处方瑞舒伐他汀，并根据疾病特定指南调整剂量。,CPIC,,rs2231142,chr4:88131171:G>T"	E-D25554453405.drug.tsv
E-D25554453405,desflurane,地氟烷,.,.,.,CACNA1S,Reference/Reference,.,.,Hom,预测毒副作用,易感性不确定,换药或遵医嘱用药,临床发现、家族史、进一步的基因检测和其他实验室数据应指导卤代挥发性麻醉剂或去极化肌松药的使用。,CPIC,,.,.	E-D25554453405.drug.tsv
E-D25554453405,enflurane,恩氟烷,.,.,.,CACNA1S,Reference/Reference,.,.,Hom,预测毒副作用,易感性不确定,换药或遵医嘱用药,临床发现、家族史、进一步的基因检测和其他实验室数据应指导卤代挥发性麻醉剂或去极化肌松药的使用。,CPIC,,.,.	E-D25554453405.drug.tsv
E-D25554453405,halothane,氟烷,.,.,.,CACNA1S,Reference/Reference,.,.,Hom,预测毒副作用,易感性不确定,换药或遵医嘱用药,临床发现、家族史、进一步的基因检测和其他实验室数据应指导卤代挥发性麻醉剂或去极化肌松药的使用。,CPIC,,.,.	E-D25554453405.drug.tsv
E-D25554453405,isoflurane,异氟烷,.,.,.,CACNA1S,Reference/Reference,.,.,Hom,预测毒副作用,易感性不确定,换药或遵医嘱用药,临床发现、家族史、进一步的基因检测和其他实验室数据应指导卤代挥发性麻醉剂或去极化肌松药的使用。,CPIC,,.,.	E-D25554453405.drug.tsv
E-D25554453405,methoxyflurane,甲氧氟烷,.,.,.,CACNA1S,Reference/Reference,.,.,Hom,预测毒副作用,易感性不确定,换药或遵医嘱用药,临床发现、家族史、进一步的基因检测和其他实验室数据应指导卤代挥发性麻醉剂或去极化肌松药的使用。,CPIC,,.,.	E-D25554453405.drug.tsv
E-D25554453405,sevoflurane,七氟烷,.,.,.,CACNA1S,Reference/Reference,.,.,Hom,预测毒副作用,易感性不确定,换药或遵医嘱用药,临床发现、家族史、进一步的基因检测和其他实验室数据应指导卤代挥发性麻醉剂或去极化肌松药的使用。,CPIC,,.,.	E-D25554453405.drug.tsv
E-D25554453405,succinylcholine,琥珀胆碱,.,.,.,CACNA1S,Reference/Reference,.,.,Hom,预测毒副作用,易感性不确定,换药或遵医嘱用药,临床发现、家族史、进一步的基因检测和其他实验室数据应指导卤代挥发性麻醉剂或去极化肌松药的使用。,CPIC,,.,.	E-D25554453405.drug.tsv
E-D25554453405,ivacaftor,依伐卡托,.,.,.,CFTR,Reference/Reference,.,.,Hom,预测疗效,CF患者中对伊伐卡托无反应,换药,不推荐使用伊伐卡托。,CPIC,,.,.	E-D25554453405.drug.tsv
E-D25554453405,efavirenz,依非韦伦,.,.,.,CYP2B6,*1/*1,.,.,Hom,剂量指导,正常代谢型,常规用药,以标准剂量（600毫克/天）开始依法韦仑治疗。,CPIC,,.,.	E-D25554453405.drug.tsv
E-D25554453405,sertraline,舍曲林,.,.,.,CYP2B6,*1/*1,.,.,Hom,剂量指导,正常代谢型,降低剂量或换药,考虑使用更低的起始剂量、更慢的滴定速度和减少50%的维持剂量，或选择非经CYP2C19代谢的替代抗抑郁药。,CPIC,,.,.	E-D25554453405.drug.tsv
"E-D25554453405,abrocitinib,阿布昔替尼,""1654.06,1209.64,714.64,635.64"",""22,38;0,44;36,24;19,20"",0.4;0.63;0.51;1.0,CYP2C19,*2/*3,""c.681G>A,c.991A>G,c.636G>A,n.-734T>C"","",p.Pro227Pro,p.Ile331Val,p.Trp212*"",Het,""剂量指导, 预测疗效"",不良代谢型,增加剂量,对于CYP2C19弱代谢者，abrocitinib的推荐剂量为50毫克/天，若12周后疗效不佳可增至100毫克/天。,FDA Label,,""rs4244285,rs4986893,rs12769205,rs3758581"",""chr10:94780653:G>A,chr10:94775367:A>G,chr10:94842866:A>G,chr10:94781859:G>A"""	E-D25554453405.drug.tsv
"E-D25554453405,amitriptyline,阿米替林,""1654.06,1209.64,714.64,635.64"",""22,38;0,44;36,24;19,20"",0.4;0.63;0.51;1.0,CYP2C19,*2/*3,""c.681G>A,c.991A>G,c.636G>A,n.-734T>C"","",p.Pro227Pro,p.Ile331Val,p.Trp212*"",Het,剂量指导,不良代谢型,换药,避免使用阿米替林；如必须使用，强烈建议通过治疗药物监测指导剂量调整。,CPIC,,""rs4244285,rs4986893,rs12769205,rs3758581"",""chr10:94780653:G>A,chr10:94775367:A>G,chr10:94842866:A>G,chr10:94781859:G>A"""	E-D25554453405.drug.tsv
"E-D25554453405,belzutifan,贝组替凡,""1654.06,1209.64,714.64,635.64"",""22,38;0,44;36,24;19,20"",0.4;0.63;0.51;1.0,CYP2C19,*2/*3,""c.681G>A,c.991A>G,c.636G>A,n.-734T>C"","",p.Pro227Pro,p.Ile331Val,p.Trp212*"",Het,不良反应预测,不良代谢型,换药,对于UGT2B17和CYP2C19双重弱代谢者，应密切监测不良反应。,FDA Label,,""rs4244285,rs4986893,rs12769205,rs3758581"",""chr10:94780653:G>A,chr10:94775367:A>G,chr10:94842866:A>G,chr10:94781859:G>A"""	E-D25554453405.drug.tsv
"E-D25554453405,brivaracetam,布瓦西坦,""1654.06,1209.64,714.64,635.64"",""22,38;0,44;36,24;19,20"",0.4;0.63;0.51;1.0,CYP2C19,*2/*3,""c.681G>A,c.991A>G,c.636G>A,n.-734T>C"","",p.Pro227Pro,p.Ile331Val,p.Trp212*"",Het,剂量指导,不良代谢型,降低剂量,CYP2C19弱代谢者以及使用CYP2C19抑制剂的患者可能需要降低布立西坦的剂量。,FDA Label,,""rs4244285,rs4986893,rs12769205,rs3758581"",""chr10:94780653:G>A,chr10:94775367:A>G,chr10:94842866:A>G,chr10:94781859:G>A"""	E-D25554453405.drug.tsv
"E-D25554453405,carisoprodol,卡立普多,""1654.06,1209.64,714.64,635.64"",""22,38;0,44;36,24;19,20"",0.4;0.63;0.51;1.0,CYP2C19,*2/*3,""c.681G>A,c.991A>G,c.636G>A,n.-734T>C"","",p.Pro227Pro,p.Ile331Val,p.Trp212*"",Het,预测毒副作用,不良代谢型,换药,CYP2C19活性降低的患者应慎用卡立普多。,FDA Label,,""rs4244285,rs4986893,rs12769205,rs3758581"",""chr10:94780653:G>A,chr10:94775367:A>G,chr10:94842866:A>G,chr10:94781859:G>A"""	E-D25554453405.drug.tsv
"E-D25554453405,citalopram,西酞普兰,""1654.06,1209.64,714.64,635.64"",""22,38;0,44;36,24;19,20"",0.4;0.63;0.51;1.0,CYP2C19,*2/*3,""c.681G>A,c.991A>G,c.636G>A,n.-734T>C"","",p.Pro227Pro,p.Ile331Val,p.Trp212*"",Het,""剂量指导, 预测疗效"",不良代谢型,降低剂量或换药,考虑使用非CYP2C19代谢的抗抑郁药，或将西酞普兰/艾司西酞普兰的维持剂量减少50%。,CPIC,,""rs4244285,rs4986893,rs12769205,rs3758581"",""chr10:94780653:G>A,chr10:94775367:A>G,chr10:94842866:A>G,chr10:94781859:G>A"""	E-D25554453405.drug.tsv
"E-D25554453405,clobazam,氯巴占,""1654.06,1209.64,714.64,635.64"",""22,38;0,44;36,24;19,20"",0.4;0.63;0.51;1.0,CYP2C19,*2/*3,""c.681G>A,c.991A>G,c.636G>A,n.-734T>C"","",p.Pro227Pro,p.Ile331Val,p.Trp212*"",Het,剂量指导,不良代谢型,降低剂量,对于CYP2C19弱代谢者，起始剂量为5毫克/天，并缓慢滴定至标准剂量的一半。,FDA Label,,""rs4244285,rs4986893,rs12769205,rs3758581"",""chr10:94780653:G>A,chr10:94775367:A>G,chr10:94842866:A>G,chr10:94781859:G>A"""	E-D25554453405.drug.tsv
"E-D25554453405,clomipramine,氯米帕明,""1654.06,1209.64,714.64,635.64"",""22,38;0,44;36,24;19,20"",0.4;0.63;0.51;1.0,CYP2C19,*2/*3,""c.681G>A,c.991A>G,c.636G>A,n.-734T>C"","",p.Pro227Pro,p.Ile331Val,p.Trp212*"",Het,""剂量指导, 预测毒副作用, 预测疗效"",不良代谢型,换药,避免使用氯米帕明；如必须使用，强烈建议通过治疗药物监测指导剂量调整。,CPIC,,""rs4244285,rs4986893,rs12769205,rs3758581"",""chr10:94780653:G>A,chr10:94775367:A>G,chr10:94842866:A>G,chr10:94781859:G>A"""	E-D25554453405.drug.tsv
"E-D25554453405,clopidogrel,氯吡格雷,""1654.06,1209.64,714.64,635.64"",""22,38;0,44;36,24;19,20"",0.4;0.63;0.51;1.0,CYP2C19,*2/*3,""c.681G>A,c.991A>G,c.636G>A,n.-734T>C"","",p.Pro227Pro,p.Ile331Val,p.Trp212*"",Het,预测疗效,不良代谢型,换药,尽可能避免使用氯吡格雷，并考虑换用标准剂量的替代P2Y12抑制剂。,CPIC,,""rs4244285,rs4986893,rs12769205,rs3758581"",""chr10:94780653:G>A,chr10:94775367:A>G,chr10:94842866:A>G,chr10:94781859:G>A"""	E-D25554453405.drug.tsv
"E-D25554453405,dexlansoprazole,右兰索拉唑,""1654.06,1209.64,714.64,635.64"",""22,38;0,44;36,24;19,20"",0.4;0.63;0.51;1.0,CYP2C19,*2/*3,""c.681G>A,c.991A>G,c.636G>A,n.-734T>C"","",p.Pro227Pro,p.Ile331Val,p.Trp212*"",Het,""剂量指导, 预测疗效"",不良代谢型,常规用药后降低剂量,以标准剂量开始治疗；对于长期治疗，可在达到疗效后考虑将日剂量减半并监测疗效。,CPIC,,""rs4244285,rs4986893,rs12769205,rs3758581"",""chr10:94780653:G>A,chr10:94775367:A>G,chr10:94842866:A>G,chr10:94781859:G>A"""	E-D25554453405.drug.tsv
"E-D25554453405,diazepam,地西泮,""1654.06,1209.64,714.64,635.64"",""22,38;0,44;36,24;19,20"",0.4;0.63;0.51;1.0,CYP2C19,*2/*3,""c.681G>A,c.991A>G,c.636G>A,n.-734T>C"","",p.Pro227Pro,p.Ile331Val,p.Trp212*"",Het,剂量指导,不良代谢型,换药或降低剂量,该药物可能会影响药物在全身的血药浓度。,FDA PGx,,""rs4244285,rs4986893,rs12769205,rs3758581"",""chr10:94780653:G>A,chr10:94775367:A>G,chr10:94842866:A>G,chr10:94781859:G>A"""	E-D25554453405.drug.tsv
"E-D25554453405,doxepin,多塞平,""1654.06,1209.64,714.64,635.64"",""22,38;0,44;36,24;19,20"",0.4;0.63;0.51;1.0,CYP2C19,*2/*3,""c.681G>A,c.991A>G,c.636G>A,n.-734T>C"","",p.Pro227Pro,p.Ile331Val,p.Trp212*"",Het,""剂量指导, 预测毒副作用, 预测疗效"",不良代谢型,换药,建议避免使用多塞平，如确需使用，强烈建议利用治疗药物监测来指导剂量调整。,CPIC,,""rs4244285,rs4986893,rs12769205,rs3758581"",""chr10:94780653:G>A,chr10:94775367:A>G,chr10:94842866:A>G,chr10:94781859:G>A"""	E-D25554453405.drug.tsv
"E-D25554453405,escitalopram,艾司西酞普兰,""1654.06,1209.64,714.64,635.64"",""22,38;0,44;36,24;19,20"",0.4;0.63;0.51;1.0,CYP2C19,*2/*3,""c.681G>A,c.991A>G,c.636G>A,n.-734T>C"","",p.Pro227Pro,p.Ile331Val,p.Trp212*"",Het,""剂量指导, 预测疗效"",不良代谢型,降低剂量或换药,考虑使用非CYP2C19代谢的抗抑郁药，或将西酞普兰/艾司西酞普兰的维持剂量减少50%。,CPIC,,""rs4244285,rs4986893,rs12769205,rs3758581"",""chr10:94780653:G>A,chr10:94775367:A>G,chr10:94842866:A>G,chr10:94781859:G>A"""	E-D25554453405.drug.tsv
"E-D25554453405,esomeprazole,艾司奥美拉唑,""1654.06,1209.64,714.64,635.64"",""22,38;0,44;36,24;19,20"",0.4;0.63;0.51;1.0,CYP2C19,*2/*3,""c.681G>A,c.991A>G,c.636G>A,n.-734T>C"","",p.Pro227Pro,p.Ile331Val,p.Trp212*"",Het,预测毒副作用,不良代谢型,换药,此基因型导致药物的系统浓度升高。,FDA PGx,,""rs4244285,rs4986893,rs12769205,rs3758581"",""chr10:94780653:G>A,chr10:94775367:A>G,chr10:94842866:A>G,chr10:94781859:G>A"""	E-D25554453405.drug.tsv
"E-D25554453405,flibanserin,氟班色林,""1654.06,1209.64,714.64,635.64"",""22,38;0,44;36,24;19,20"",0.4;0.63;0.51;1.0,CYP2C19,*2/*3,""c.681G>A,c.991A>G,c.636G>A,n.-734T>C"","",p.Pro227Pro,p.Ile331Val,p.Trp212*"",Het,不良反应预测,不良代谢型,换药或降低剂量,对于CYP2C19弱代谢者，使用氟班色林时应加强对低血压等不良反应的监测。,FDA Label,,""rs4244285,rs4986893,rs12769205,rs3758581"",""chr10:94780653:G>A,chr10:94775367:A>G,chr10:94842866:A>G,chr10:94781859:G>A"""	E-D25554453405.drug.tsv
"E-D25554453405,imipramine,丙米嗪,""1654.06,1209.64,714.64,635.64"",""22,38;0,44;36,24;19,20"",0.4;0.63;0.51;1.0,CYP2C19,*2/*3,""c.681G>A,c.991A>G,c.636G>A,n.-734T>C"","",p.Pro227Pro,p.Ile331Val,p.Trp212*"",Het,毒性预测，剂量指导,不良代谢型,换药或降低剂量,建议避免使用丙咪嗪，如确需使用，强烈建议利用治疗药物监测来指导剂量调整。,CPIC,,""rs4244285,rs4986893,rs12769205,rs3758581"",""chr10:94780653:G>A,chr10:94775367:A>G,chr10:94842866:A>G,chr10:94781859:G>A"""	E-D25554453405.drug.tsv
"E-D25554453405,lansoprazole,兰索拉唑,""1654.06,1209.64,714.64,635.64"",""22,38;0,44;36,24;19,20"",0.4;0.63;0.51;1.0,CYP2C19,*2/*3,""c.681G>A,c.991A>G,c.636G>A,n.-734T>C"","",p.Pro227Pro,p.Ile331Val,p.Trp212*"",Het,""剂量指导, 预测疗效"",不良代谢型,常规用药后降低剂量,以标准剂量开始治疗；对于长期治疗，可在达到疗效后考虑将日剂量减半并监测疗效。,CPIC,,""rs4244285,rs4986893,rs12769205,rs3758581"",""chr10:94780653:G>A,chr10:94775367:A>G,chr10:94842866:A>G,chr10:94781859:G>A"""	E-D25554453405.drug.tsv
"E-D25554453405,omeprazole,奥美拉唑,""1654.06,1209.64,714.64,635.64"",""22,38;0,44;36,24;19,20"",0.4;0.63;0.51;1.0,CYP2C19,*2/*3,""c.681G>A,c.991A>G,c.636G>A,n.-734T>C"","",p.Pro227Pro,p.Ile331Val,p.Trp212*"",Het,""剂量指导, 预测疗效"",不良代谢型,常规用药后降低剂量,以标准剂量开始治疗；对于长期治疗，可在达到疗效后考虑将日剂量减半并监测疗效。,CPIC,,""rs4244285,rs4986893,rs12769205,rs3758581"",""chr10:94780653:G>A,chr10:94775367:A>G,chr10:94842866:A>G,chr10:94781859:G>A"""	E-D25554453405.drug.tsv
"E-D25554453405,pantoprazole,泮托拉唑,""1654.06,1209.64,714.64,635.64"",""22,38;0,44;36,24;19,20"",0.4;0.63;0.51;1.0,CYP2C19,*2/*3,""c.681G>A,c.991A>G,c.636G>A,n.-734T>C"","",p.Pro227Pro,p.Ile331Val,p.Trp212*"",Het,""剂量指导, 预测疗效"",不良代谢型,常规用药后降低剂量,以标准剂量开始治疗；对于长期治疗，可在达到疗效后考虑将日剂量减半并监测疗效。,CPIC,,""rs4244285,rs4986893,rs12769205,rs3758581"",""chr10:94780653:G>A,chr10:94775367:A>G,chr10:94842866:A>G,chr10:94781859:G>A"""	E-D25554453405.drug.tsv
"E-D25554453405,rabeprazole,雷贝拉唑,""1654.06,1209.64,714.64,635.64"",""22,38;0,44;36,24;19,20"",0.4;0.63;0.51;1.0,CYP2C19,*2/*3,""c.681G>A,c.991A>G,c.636G>A,n.-734T>C"","",p.Pro227Pro,p.Ile331Val,p.Trp212*"",Het,预测毒副作用,不良代谢型,换药,此基因型导致药物的系统浓度升高。,FDA PGx,,""rs4244285,rs4986893,rs12769205,rs3758581"",""chr10:94780653:G>A,chr10:94775367:A>G,chr10:94842866:A>G,chr10:94781859:G>A"""	E-D25554453405.drug.tsv
"E-D25554453405,sertraline,舍曲林,""1654.06,1209.64,714.64,635.64"",""22,38;0,44;36,24;19,20"",0.4;0.63;0.51;1.0,CYP2C19,*2/*3,""c.681G>A,c.991A>G,c.636G>A,n.-734T>C"","",p.Pro227Pro,p.Ile331Val,p.Trp212*"",Het,剂量指导,不良代谢型,降低剂量或换药,考虑使用更低的起始剂量、更慢的滴定速度和减少50%的维持剂量，或选择非经CYP2C19代谢的替代抗抑郁药。,CPIC,,""rs4244285,rs4986893,rs12769205,rs3758581"",""chr10:94780653:G>A,chr10:94775367:A>G,chr10:94842866:A>G,chr10:94781859:G>A"""	E-D25554453405.drug.tsv
"E-D25554453405,trimipramine,曲米帕明,""1654.06,1209.64,714.64,635.64"",""22,38;0,44;36,24;19,20"",0.4;0.63;0.51;1.0,CYP2C19,*2/*3,""c.681G>A,c.991A>G,c.636G>A,n.-734T>C"","",p.Pro227Pro,p.Ile331Val,p.Trp212*"",Het,""剂量指导, 预测疗效"",不良代谢型,换药,避免使用曲米帕明；如必须使用，强烈建议通过治疗药物监测指导剂量调整。,CPIC,,""rs4244285,rs4986893,rs12769205,rs3758581"",""chr10:94780653:G>A,chr10:94775367:A>G,chr10:94842866:A>G,chr10:94781859:G>A"""	E-D25554453405.drug.tsv
"E-D25554453405,voriconazole,伏立康唑,""1654.06,1209.64,714.64,635.64"",""22,38;0,44;36,24;19,20"",0.4;0.63;0.51;1.0,CYP2C19,*2/*3,""c.681G>A,c.991A>G,c.636G>A,n.-734T>C"","",p.Pro227Pro,p.Ile331Val,p.Trp212*"",Het,剂量指导,不良代谢型,降低剂量或换药,对于CYP2C19弱代谢者，应首选非CYP2C19代谢的替代药物；若必须使用伏立康唑，则需减量并进行治疗药物监测。,CPIC,,""rs4244285,rs4986893,rs12769205,rs3758581"",""chr10:94780653:G>A,chr10:94775367:A>G,chr10:94842866:A>G,chr10:94781859:G>A"""	E-D25554453405.drug.tsv
E-D25554453405,avatrombopag,阿伐曲泊帕,.,.,.,CYP2C9,*1/*1,.,.,Hom,,正常代谢型,常规用药,常规用药,FDA PGx,,.,.	E-D25554453405.drug.tsv
E-D25554453405,celecoxib,塞来昔布,.,.,.,CYP2C9,*1/*1,.,.,Hom,剂量指导,正常代谢型,常规用药或降低剂量,以推荐的起始剂量开始治疗，并遵循个体化治疗目标，使用最低有效剂量和最短持续时间。,CPIC,,.,.	E-D25554453405.drug.tsv
E-D25554453405,erdafitinib,厄达替尼,.,.,.,CYP2C9,*1/*1,.,.,Hom,,正常代谢型,常规用药,常规用药,FDA Label,,.,.	E-D25554453405.drug.tsv
E-D25554453405,flurbiprofen,氟比洛芬,.,.,.,CYP2C9,*1/*1,.,.,Hom,剂量指导,正常代谢型,常规用药或降低剂量,以推荐的起始剂量开始治疗，并遵循个体化治疗目标，使用最低有效剂量和最短持续时间。,CPIC,,.,.	E-D25554453405.drug.tsv
E-D25554453405,fluvastatin,氟伐他汀,.,.,.,CYP2C9,*1/*1,.,.,Hom,剂量指导,正常代谢型,遵医嘱用药,氟伐他汀应从期望的起始剂量开始，并根据疾病特定指南进行调整。,CPIC,,.,.	E-D25554453405.drug.tsv
E-D25554453405,fosphenytoin,磷苯妥英,.,.,.,CYP2C9,*1/*1,.,.,Hom,剂量指导,正常代谢型,常规用药,无需调整常规给药策略，但后续剂量应根据药物监测和临床反应调整。,CPIC,,.,.	E-D25554453405.drug.tsv
E-D25554453405,ibuprofen,布洛芬,.,.,.,CYP2C9,*1/*1,.,.,Hom,剂量指导,正常代谢型,常规用药或降低剂量,以推荐的起始剂量开始治疗，并遵循个体化治疗目标，使用最低有效剂量和最短持续时间。,CPIC,,.,.	E-D25554453405.drug.tsv
E-D25554453405,lornoxicam,氯诺昔康,.,.,.,CYP2C9,*1/*1,.,.,Hom,剂量指导,正常代谢型,常规用药或降低剂量,以推荐的起始剂量开始治疗，并遵循个体化治疗目标，使用最低有效剂量和最短持续时间。,CPIC,,.,.	E-D25554453405.drug.tsv
E-D25554453405,meloxicam,美洛昔康,.,.,.,CYP2C9,*1/*1,.,.,Hom,剂量指导,正常代谢型,常规用药或降低剂量,以推荐的起始剂量开始治疗，并遵循个体化治疗目标，使用最低有效剂量和最短持续时间。,CPIC,,.,.	E-D25554453405.drug.tsv
E-D25554453405,nateglinide,那格列奈,.,.,.,CYP2C9,*1/*1,.,.,Hom,,正常代谢型,常规用药,常规用药,FDA PGx,,.,.	E-D25554453405.drug.tsv
E-D25554453405,phenytoin,苯妥英,.,.,.,CYP2C9,*1/*1,.,.,Hom,剂量指导,正常代谢型,常规用药,无需调整常规给药策略，但后续剂量应根据药物监测和临床反应调整。,CPIC,,.,.	E-D25554453405.drug.tsv
E-D25554453405,piroxicam,吡罗昔康,.,.,.,CYP2C9,*1/*1,.,.,Hom,剂量指导,正常代谢型,常规用药或降低剂量,以推荐的起始剂量开始治疗，并遵循个体化治疗目标，使用最低有效剂量和最短持续时间。,CPIC,,.,.	E-D25554453405.drug.tsv
E-D25554453405,siponimod,西尼莫德,.,.,.,CYP2C9,*1/*1,.,.,Hom,剂量指导,正常代谢型,常规用药,指南未对正常代谢者的西尼莫德使用提供推荐。,DPWG,,.,.	E-D25554453405.drug.tsv
E-D25554453405,tenoxicam,替诺昔康,.,.,.,CYP2C9,*1/*1,.,.,Hom,剂量指导,正常代谢型,常规用药或降低剂量,以推荐的起始剂量开始治疗，并遵循个体化治疗目标，使用最低有效剂量和最短持续时间。,CPIC,,.,.	E-D25554453405.drug.tsv
E-D25554453405,warfarin,华法林,.,.,.,CYP2C9,*1/*1,.,.,Hom,剂量指导,正常代谢型,常规用药,该指南未对正常代谢者使用华法林提供推荐。,CPIC,,.,.	E-D25554453405.drug.tsv
"E-D25554453405,amitriptyline,阿米替林,""439.64,436.64"",""18,14;7,14"",0.67;0.44,CYP2D6,*2/*5,""c.1304G>C,c.733C>T"",""p.Arg245Cys,p.Ser435Thr"",Het,剂量指导,中间代谢型,换药,避免使用阿米替林；如必须使用，强烈建议通过治疗药物监测指导剂量调整。,CPIC,,""rs1135840,rs16947"",""chr22:42127941:G>A,chr22:42129130:C>G"""	E-D25554453405.drug.tsv
"E-D25554453405,amoxapine,阿莫沙平,""439.64,436.64"",""18,14;7,14"",0.67;0.44,CYP2D6,*2/*5,""c.1304G>C,c.733C>T"",""p.Arg245Cys,p.Ser435Thr"",Het,不良反应预测,中间代谢型,换药或降低剂量,该药物可能会改变药物在全身的血药浓度。,FDA PGx,,""rs1135840,rs16947"",""chr22:42127941:G>A,chr22:42129130:C>G"""	E-D25554453405.drug.tsv
"E-D25554453405,aripiprazole,阿立哌唑,""439.64,436.64"",""18,14;7,14"",0.67;0.44,CYP2D6,*2/*5,""c.1304G>C,c.733C>T"",""p.Arg245Cys,p.Ser435Thr"",Het,剂量指导,中间代谢型,常规用药,该基因-药物相互作用无需采取任何措施。,DPWG,,""rs1135840,rs16947"",""chr22:42127941:G>A,chr22:42129130:C>G"""	E-D25554453405.drug.tsv
"E-D25554453405,aripiprazole lauroxil,阿立哌唑月桂酰氧基甲酯,""439.64,436.64"",""18,14;7,14"",0.67;0.44,CYP2D6,*2/*5,""c.1304G>C,c.733C>T"",""p.Arg245Cys,p.Ser435Thr"",Het,,中间代谢型,常规用药,常规用药,FDA Label,,""rs1135840,rs16947"",""chr22:42127941:G>A,chr22:42129130:C>G"""	E-D25554453405.drug.tsv
"E-D25554453405,atomoxetine,托莫西汀,""439.64,436.64"",""18,14;7,14"",0.67;0.44,CYP2D6,*2/*5,""c.1304G>C,c.733C>T"",""p.Arg245Cys,p.Ser435Thr"",Het,""剂量指导, 预测疗效"",中间代谢型,增加剂量,初始剂量为0.5毫克/公斤/天并逐步加量，若反应不佳可根据血药峰浓度指导后续剂量调整。,CPIC,,""rs1135840,rs16947"",""chr22:42127941:G>A,chr22:42129130:C>G"""	E-D25554453405.drug.tsv
"E-D25554453405,brexpiprazole,布瑞哌唑,""439.64,436.64"",""18,14;7,14"",0.67;0.44,CYP2D6,*2/*5,""c.1304G>C,c.733C>T"",""p.Arg245Cys,p.Ser435Thr"",Het,剂量指导,中间代谢型,常规用药,此基因-药物相互作用无需采取任何措施。,DPWG,,""rs1135840,rs16947"",""chr22:42127941:G>A,chr22:42129130:C>G"""	E-D25554453405.drug.tsv
"E-D25554453405,carvedilol,卡维地洛,""439.64,436.64"",""18,14;7,14"",0.67;0.44,CYP2D6,*2/*5,""c.1304G>C,c.733C>T"",""p.Arg245Cys,p.Ser435Thr"",Het,,中间代谢型,常规用药,常规用药,FDA PGx,,""rs1135840,rs16947"",""chr22:42127941:G>A,chr22:42129130:C>G"""	E-D25554453405.drug.tsv
"E-D25554453405,cevimeline,西维美林,""439.64,436.64"",""18,14;7,14"",0.67;0.44,CYP2D6,*2/*5,""c.1304G>C,c.733C>T"",""p.Arg245Cys,p.Ser435Thr"",Het,,中间代谢型,常规用药,常规用药,FDA Label,,""rs1135840,rs16947"",""chr22:42127941:G>A,chr22:42129130:C>G"""	E-D25554453405.drug.tsv
"E-D25554453405,clomipramine,氯米帕明,""439.64,436.64"",""18,14;7,14"",0.67;0.44,CYP2D6,*2/*5,""c.1304G>C,c.733C>T"",""p.Arg245Cys,p.Ser435Thr"",Het,""剂量指导, 预测毒副作用, 预测疗效"",中间代谢型,换药,避免使用氯米帕明；如必须使用，强烈建议通过治疗药物监测指导剂量调整。,CPIC,,""rs1135840,rs16947"",""chr22:42127941:G>A,chr22:42129130:C>G"""	E-D25554453405.drug.tsv
"E-D25554453405,clozapine,氯氮平,""439.64,436.64"",""18,14;7,14"",0.67;0.44,CYP2D6,*2/*5,""c.1304G>C,c.733C>T"",""p.Arg245Cys,p.Ser435Thr"",Het,,中间代谢型,常规用药,常规用药,FDA Label,,""rs1135840,rs16947"",""chr22:42127941:G>A,chr22:42129130:C>G"""	E-D25554453405.drug.tsv
"E-D25554453405,codeine,可待因,""439.64,436.64"",""18,14;7,14"",0.67;0.44,CYP2D6,*2/*5,""c.1304G>C,c.733C>T"",""p.Arg245Cys,p.Ser435Thr"",Het,""剂量指导, 预测疗效"",中间代谢型,换药,按药品说明书推荐的剂量使用可待因；若无效，可考虑换用非曲马多类的阿片药物。,CPIC,,""rs1135840,rs16947"",""chr22:42127941:G>A,chr22:42129130:C>G"""	E-D25554453405.drug.tsv
"E-D25554453405,darifenacin,达非那新,""439.64,436.64"",""18,14;7,14"",0.67;0.44,CYP2D6,*2/*5,""c.1304G>C,c.733C>T"",""p.Arg245Cys,p.Ser435Thr"",Het,,中间代谢型,常规用药,常规用药,FDA PGx,,""rs1135840,rs16947"",""chr22:42127941:G>A,chr22:42129130:C>G"""	E-D25554453405.drug.tsv
"E-D25554453405,desipramine,地昔帕明,""439.64,436.64"",""18,14;7,14"",0.67;0.44,CYP2D6,*2/*5,""c.1304G>C,c.733C>T"",""p.Arg245Cys,p.Ser435Thr"",Het,""剂量指导, 预测毒副作用"",中间代谢型,降低剂量,考虑将推荐起始剂量减少25%，并根据临床反应和药物监测进行剂量调整。,CPIC,,""rs1135840,rs16947"",""chr22:42127941:G>A,chr22:42129130:C>G"""	E-D25554453405.drug.tsv
"E-D25554453405,deutetrabenazine,氘丁苯那嗪,""439.64,436.64"",""18,14;7,14"",0.67;0.44,CYP2D6,*2/*5,""c.1304G>C,c.733C>T"",""p.Arg245Cys,p.Ser435Thr"",Het,,中间代谢型,常规用药,常规用药,FDA Label,,""rs1135840,rs16947"",""chr22:42127941:G>A,chr22:42129130:C>G"""	E-D25554453405.drug.tsv
"E-D25554453405,donepezil,多奈哌齐,""439.64,436.64"",""18,14;7,14"",0.67;0.44,CYP2D6,*2/*5,""c.1304G>C,c.733C>T"",""p.Arg245Cys,p.Ser435Thr"",Het,,中间代谢型,常规用药,常规用药,FDA PGx,,""rs1135840,rs16947"",""chr22:42127941:G>A,chr22:42129130:C>G"""	E-D25554453405.drug.tsv
"E-D25554453405,doxepin,多塞平,""439.64,436.64"",""18,14;7,14"",0.67;0.44,CYP2D6,*2/*5,""c.1304G>C,c.733C>T"",""p.Arg245Cys,p.Ser435Thr"",Het,""剂量指导, 预测毒副作用, 预测疗效"",中间代谢型,换药,建议避免使用多塞平，如确需使用，强烈建议利用治疗药物监测来指导剂量调整。,CPIC,,""rs1135840,rs16947"",""chr22:42127941:G>A,chr22:42129130:C>G"""	E-D25554453405.drug.tsv
"E-D25554453405,eliglustat,依利格鲁司,""439.64,436.64"",""18,14;7,14"",0.67;0.44,CYP2D6,*2/*5,""c.1304G>C,c.733C>T"",""p.Arg245Cys,p.Ser435Thr"",Het,预测疗效,中间代谢型,换药,当与中强效CYP2D6抑制剂和中强效CYP3A抑制剂同时用药时：,DPWG,,""rs1135840,rs16947"",""chr22:42127941:G>A,chr22:42129130:C>G"""	E-D25554453405.drug.tsv
"E-D25554453405,fesoterodine,非索罗定,""439.64,436.64"",""18,14;7,14"",0.67;0.44,CYP2D6,*2/*5,""c.1304G>C,c.733C>T"",""p.Arg245Cys,p.Ser435Thr"",Het,,中间代谢型,常规用药,常规用药,FDA PGx,,""rs1135840,rs16947"",""chr22:42127941:G>A,chr22:42129130:C>G"""	E-D25554453405.drug.tsv
"E-D25554453405,flecainide,氟卡尼,""439.64,436.64"",""18,14;7,14"",0.67;0.44,CYP2D6,*2/*5,""c.1304G>C,c.733C>T"",""p.Arg245Cys,p.Ser435Thr"",Het,剂量指导,中间代谢型,降低剂量,除Brugada综合征诊断外的适应症：,DPWG,,""rs1135840,rs16947"",""chr22:42127941:G>A,chr22:42129130:C>G"""	E-D25554453405.drug.tsv
"E-D25554453405,fluoxetine,氟西汀,""439.64,436.64"",""18,14;7,14"",0.67;0.44,CYP2D6,*2/*5,""c.1304G>C,c.733C>T"",""p.Arg245Cys,p.Ser435Thr"",Het,,中间代谢型,常规用药,常规用药,FDA Label,,""rs1135840,rs16947"",""chr22:42127941:G>A,chr22:42129130:C>G"""	E-D25554453405.drug.tsv
"E-D25554453405,fluvoxamine,氟伏沙明,""439.64,436.64"",""18,14;7,14"",0.67;0.44,CYP2D6,*2/*5,""c.1304G>C,c.733C>T"",""p.Arg245Cys,p.Ser435Thr"",Het,剂量指导,中间代谢型,常规用药,以推荐的起始剂量开始治疗。,CPIC,,""rs1135840,rs16947"",""chr22:42127941:G>A,chr22:42129130:C>G"""	E-D25554453405.drug.tsv
"E-D25554453405,galantamine,加兰他敏,""439.64,436.64"",""18,14;7,14"",0.67;0.44,CYP2D6,*2/*5,""c.1304G>C,c.733C>T"",""p.Arg245Cys,p.Ser435Thr"",Het,,中间代谢型,常规用药,常规用药,FDA PGx,,""rs1135840,rs16947"",""chr22:42127941:G>A,chr22:42129130:C>G"""	E-D25554453405.drug.tsv
"E-D25554453405,gefitinib,吉非替尼,""439.64,436.64"",""18,14;7,14"",0.67;0.44,CYP2D6,*2/*5,""c.1304G>C,c.733C>T"",""p.Arg245Cys,p.Ser435Thr"",Het,,中间代谢型,常规用药,常规用药,FDA Label,,""rs1135840,rs16947"",""chr22:42127941:G>A,chr22:42129130:C>G"""	E-D25554453405.drug.tsv
"E-D25554453405,haloperidol,氟哌啶醇,""439.64,436.64"",""18,14;7,14"",0.67;0.44,CYP2D6,*2/*5,""c.1304G>C,c.733C>T"",""p.Arg245Cys,p.Ser435Thr"",Het,剂量指导,中间代谢型,常规用药,此基因-药物相互作用无需采取任何措施。,DPWG,,""rs1135840,rs16947"",""chr22:42127941:G>A,chr22:42129130:C>G"""	E-D25554453405.drug.tsv
"E-D25554453405,iloperidone,伊潘立酮,""439.64,436.64"",""18,14;7,14"",0.67;0.44,CYP2D6,*2/*5,""c.1304G>C,c.733C>T"",""p.Arg245Cys,p.Ser435Thr"",Het,,中间代谢型,常规用药,常规用药,FDA Label,,""rs1135840,rs16947"",""chr22:42127941:G>A,chr22:42129130:C>G"""	E-D25554453405.drug.tsv
"E-D25554453405,imipramine,丙米嗪,""439.64,436.64"",""18,14;7,14"",0.67;0.44,CYP2D6,*2/*5,""c.1304G>C,c.733C>T"",""p.Arg245Cys,p.Ser435Thr"",Het,毒性预测，剂量指导,中间代谢型,换药或降低剂量,建议避免使用丙咪嗪，如确需使用，强烈建议利用治疗药物监测来指导剂量调整。,CPIC,,""rs1135840,rs16947"",""chr22:42127941:G>A,chr22:42129130:C>G"""	E-D25554453405.drug.tsv
"E-D25554453405,lofexidine,洛非西定,""439.64,436.64"",""18,14;7,14"",0.67;0.44,CYP2D6,*2/*5,""c.1304G>C,c.733C>T"",""p.Arg245Cys,p.Ser435Thr"",Het,,中间代谢型,常规用药,常规用药,FDA Label,,""rs1135840,rs16947"",""chr22:42127941:G>A,chr22:42129130:C>G"""	E-D25554453405.drug.tsv
"E-D25554453405,meclizine,美克洛嗪,""439.64,436.64"",""18,14;7,14"",0.67;0.44,CYP2D6,*2/*5,""c.1304G>C,c.733C>T"",""p.Arg245Cys,p.Ser435Thr"",Het,""不良反应预测, 预测疗效"",中间代谢型,换药,当给具有CYP2D6多态性的患者使用美克洛嗪时，应相应监测其不良反应和临床效果。,FDA Label,,""rs1135840,rs16947"",""chr22:42127941:G>A,chr22:42129130:C>G"""	E-D25554453405.drug.tsv
"E-D25554453405,metoclopramide,甲氧氯普胺,""439.64,436.64"",""18,14;7,14"",0.67;0.44,CYP2D6,*2/*5,""c.1304G>C,c.733C>T"",""p.Arg245Cys,p.Ser435Thr"",Het,,中间代谢型,常规用药,常规用药,FDA Label,,""rs1135840,rs16947"",""chr22:42127941:G>A,chr22:42129130:C>G"""	E-D25554453405.drug.tsv
"E-D25554453405,metoprolol,美托洛尔,""439.64,436.64"",""18,14;7,14"",0.67;0.44,CYP2D6,*2/*5,""c.1304G>C,c.733C>T"",""p.Arg245Cys,p.Ser435Thr"",Het,剂量指导,中间代谢型,常规用药,开始标准剂量给药。,CPIC,,""rs1135840,rs16947"",""chr22:42127941:G>A,chr22:42129130:C>G"""	E-D25554453405.drug.tsv
"E-D25554453405,mirabegron,米拉贝隆,""439.64,436.64"",""18,14;7,14"",0.67;0.44,CYP2D6,*2/*5,""c.1304G>C,c.733C>T"",""p.Arg245Cys,p.Ser435Thr"",Het,,中间代谢型,常规用药,常规用药,FDA PGx,,""rs1135840,rs16947"",""chr22:42127941:G>A,chr22:42129130:C>G"""	E-D25554453405.drug.tsv
"E-D25554453405,nebivolol,奈必洛尔,""439.64,436.64"",""18,14;7,14"",0.67;0.44,CYP2D6,*2/*5,""c.1304G>C,c.733C>T"",""p.Arg245Cys,p.Ser435Thr"",Het,,中间代谢型,常规用药,常规用药,FDA PGx,,""rs1135840,rs16947"",""chr22:42127941:G>A,chr22:42129130:C>G"""	E-D25554453405.drug.tsv
"E-D25554453405,nortriptyline,去甲替林,""439.64,436.64"",""18,14;7,14"",0.67;0.44,CYP2D6,*2/*5,""c.1304G>C,c.733C>T"",""p.Arg245Cys,p.Ser435Thr"",Het,""剂量指导, 预测毒副作用"",中间代谢型,降低剂量,考虑将推荐起始剂量减少25%，并根据临床反应和药物监测进行剂量调整。,CPIC,,""rs1135840,rs16947"",""chr22:42127941:G>A,chr22:42129130:C>G"""	E-D25554453405.drug.tsv
"E-D25554453405,ondansetron,昂丹司琼,""439.64,436.64"",""18,14;7,14"",0.67;0.44,CYP2D6,*2/*5,""c.1304G>C,c.733C>T"",""p.Arg245Cys,p.Ser435Thr"",Het,剂量指导,中间代谢型,常规用药,由于缺乏基于CYP2D6基因型的临床影响证据，应以推荐的起始剂量开始治疗。,CPIC,,""rs1135840,rs16947"",""chr22:42127941:G>A,chr22:42129130:C>G"""	E-D25554453405.drug.tsv
"E-D25554453405,paroxetine,帕罗西汀,""439.64,436.64"",""18,14;7,14"",0.67;0.44,CYP2D6,*2/*5,""c.1304G>C,c.733C>T"",""p.Arg245Cys,p.Ser435Thr"",Het,剂量指导,中间代谢型,降低剂量,与正常代谢者相比，应考虑使用更低的起始剂量和更慢的滴定速度。,CPIC,,""rs1135840,rs16947"",""chr22:42127941:G>A,chr22:42129130:C>G"""	E-D25554453405.drug.tsv
"E-D25554453405,perphenazine,奋乃静,""439.64,436.64"",""18,14;7,14"",0.67;0.44,CYP2D6,*2/*5,""c.1304G>C,c.733C>T"",""p.Arg245Cys,p.Ser435Thr"",Het,,中间代谢型,常规用药,常规用药,FDA PGx,,""rs1135840,rs16947"",""chr22:42127941:G>A,chr22:42129130:C>G"""	E-D25554453405.drug.tsv
"E-D25554453405,pimozide,匹莫齐特,""439.64,436.64"",""18,14;7,14"",0.67;0.44,CYP2D6,*2/*5,""c.1304G>C,c.733C>T"",""p.Arg245Cys,p.Ser435Thr"",Het,剂量指导,中间代谢型,降低剂量,使用剂量不超过正常最大剂量的80%。,DPWG,,""rs1135840,rs16947"",""chr22:42127941:G>A,chr22:42129130:C>G"""	E-D25554453405.drug.tsv
"E-D25554453405,pitolisant,替洛利生,""439.64,436.64"",""18,14;7,14"",0.67;0.44,CYP2D6,*2/*5,""c.1304G>C,c.733C>T"",""p.Arg245Cys,p.Ser435Thr"",Het,,中间代谢型,常规用药,常规用药,FDA Label,,""rs1135840,rs16947"",""chr22:42127941:G>A,chr22:42129130:C>G"""	E-D25554453405.drug.tsv
"E-D25554453405,propafenone,普罗帕酮,""439.64,436.64"",""18,14;7,14"",0.67;0.44,CYP2D6,*2/*5,""c.1304G>C,c.733C>T"",""p.Arg245Cys,p.Ser435Thr"",Het,疗效预测,中间代谢型,常规用药或换药,文献证据不足，无法提供充分的剂量调整建议。,DPWG,,""rs1135840,rs16947"",""chr22:42127941:G>A,chr22:42129130:C>G"""	E-D25554453405.drug.tsv
"E-D25554453405,propranolol,普萘洛尔,""439.64,436.64"",""18,14;7,14"",0.67;0.44,CYP2D6,*2/*5,""c.1304G>C,c.733C>T"",""p.Arg245Cys,p.Ser435Thr"",Het,,中间代谢型,常规用药,常规用药,FDA PGx,,""rs1135840,rs16947"",""chr22:42127941:G>A,chr22:42129130:C>G"""	E-D25554453405.drug.tsv
"E-D25554453405,protriptyline,普罗替林,""439.64,436.64"",""18,14;7,14"",0.67;0.44,CYP2D6,*2/*5,""c.1304G>C,c.733C>T"",""p.Arg245Cys,p.Ser435Thr"",Het,,中间代谢型,常规用药,常规用药,FDA PGx,,""rs1135840,rs16947"",""chr22:42127941:G>A,chr22:42129130:C>G"""	E-D25554453405.drug.tsv
"E-D25554453405,risperidone,利培酮,""439.64,436.64"",""18,14;7,14"",0.67;0.44,CYP2D6,*2/*5,""c.1304G>C,c.733C>T"",""p.Arg245Cys,p.Ser435Thr"",Het,剂量指导,中间代谢型,常规用药,该基因-药物相互作用无需采取任何措施。,DPWG,,""rs1135840,rs16947"",""chr22:42127941:G>A,chr22:42129130:C>G"""	E-D25554453405.drug.tsv
"E-D25554453405,tamoxifen,他莫昔芬,""439.64,436.64"",""18,14;7,14"",0.67;0.44,CYP2D6,*2/*5,""c.1304G>C,c.733C>T"",""p.Arg245Cys,p.Ser435Thr"",Het,""剂量指导, 预测疗效"",中间代谢型,增加剂量,无论CYP2D6基因型如何，芳香化酶抑制剂均优于他莫昔芬；若禁用，可考虑使用更高剂量的他莫昔芬。,CPIC,,""rs1135840,rs16947"",""chr22:42127941:G>A,chr22:42129130:C>G"""	E-D25554453405.drug.tsv
"E-D25554453405,tamsulosin,坦索罗辛,""439.64,436.64"",""18,14;7,14"",0.67;0.44,CYP2D6,*2/*5,""c.1304G>C,c.733C>T"",""p.Arg245Cys,p.Ser435Thr"",Het,,中间代谢型,常规用药,常规用药,FDA Label,,""rs1135840,rs16947"",""chr22:42127941:G>A,chr22:42129130:C>G"""	E-D25554453405.drug.tsv
"E-D25554453405,tetrabenazine,丁苯那嗪,""439.64,436.64"",""18,14;7,14"",0.67;0.44,CYP2D6,*2/*5,""c.1304G>C,c.733C>T"",""p.Arg245Cys,p.Ser435Thr"",Het,剂量指导,中间代谢型,降低剂量,对于需要每日剂量超过50毫克的丁苯那嗪患者，应每周缓慢增加12.5毫克，直至找到可耐受的剂量，最大日剂量为100毫克。,FDA Label,,""rs1135840,rs16947"",""chr22:42127941:G>A,chr22:42129130:C>G"""	E-D25554453405.drug.tsv
"E-D25554453405,thioridazine,硫利达嗪,""439.64,436.64"",""18,14;7,14"",0.67;0.44,CYP2D6,*2/*5,""c.1304G>C,c.733C>T"",""p.Arg245Cys,p.Ser435Thr"",Het,不良反应预测,中间代谢型,换药,硫利达嗪禁用于已知存在导致P450 2D6活性降低的遗传缺陷的患者。,FDA Label,,""rs1135840,rs16947"",""chr22:42127941:G>A,chr22:42129130:C>G"""	E-D25554453405.drug.tsv
"E-D25554453405,tolterodine,托特罗定,""439.64,436.64"",""18,14;7,14"",0.67;0.44,CYP2D6,*2/*5,""c.1304G>C,c.733C>T"",""p.Arg245Cys,p.Ser435Thr"",Het,,中间代谢型,常规用药,常规用药,FDA PGx,,""rs1135840,rs16947"",""chr22:42127941:G>A,chr22:42129130:C>G"""	E-D25554453405.drug.tsv
"E-D25554453405,tramadol,曲马多,""439.64,436.64"",""18,14;7,14"",0.67;0.44,CYP2D6,*2/*5,""c.1304G>C,c.733C>T"",""p.Arg245Cys,p.Ser435Thr"",Het,""剂量指导, 预测疗效"",中间代谢型,换药,按药品说明书推荐的剂量使用曲马多；若无效，可考虑换用非可待因类的阿片药物。,CPIC,,""rs1135840,rs16947"",""chr22:42127941:G>A,chr22:42129130:C>G"""	E-D25554453405.drug.tsv
"E-D25554453405,trimipramine,曲米帕明,""439.64,436.64"",""18,14;7,14"",0.67;0.44,CYP2D6,*2/*5,""c.1304G>C,c.733C>T"",""p.Arg245Cys,p.Ser435Thr"",Het,""剂量指导, 预测疗效"",中间代谢型,换药,避免使用曲米帕明；如必须使用，强烈建议通过治疗药物监测指导剂量调整。,CPIC,,""rs1135840,rs16947"",""chr22:42127941:G>A,chr22:42129130:C>G"""	E-D25554453405.drug.tsv
"E-D25554453405,tropisetron,托烷司琼,""439.64,436.64"",""18,14;7,14"",0.67;0.44,CYP2D6,*2/*5,""c.1304G>C,c.733C>T"",""p.Arg245Cys,p.Ser435Thr"",Het,剂量指导,中间代谢型,常规用药,由于缺乏基于CYP2D6基因型的临床影响证据，应以推荐的起始剂量开始治疗。,CPIC,,""rs1135840,rs16947"",""chr22:42127941:G>A,chr22:42129130:C>G"""	E-D25554453405.drug.tsv
"E-D25554453405,valbenazine,缬苯那嗪,""439.64,436.64"",""18,14;7,14"",0.67;0.44,CYP2D6,*2/*5,""c.1304G>C,c.733C>T"",""p.Arg245Cys,p.Ser435Thr"",Het,,中间代谢型,常规用药,常规用药,FDA Label,,""rs1135840,rs16947"",""chr22:42127941:G>A,chr22:42129130:C>G"""	E-D25554453405.drug.tsv
"E-D25554453405,venlafaxine,文拉法辛,""439.64,436.64"",""18,14;7,14"",0.67;0.44,CYP2D6,*2/*5,""c.1304G>C,c.733C>T"",""p.Arg245Cys,p.Ser435Thr"",Het,剂量指导,中间代谢型,常规用药,由于缺乏证据，不建议根据基因型对文拉法辛采取任何措施。,CPIC,,""rs1135840,rs16947"",""chr22:42127941:G>A,chr22:42129130:C>G"""	E-D25554453405.drug.tsv
"E-D25554453405,viloxazine,维洛沙嗪,""439.64,436.64"",""18,14;7,14"",0.67;0.44,CYP2D6,*2/*5,""c.1304G>C,c.733C>T"",""p.Arg245Cys,p.Ser435Thr"",Het,,中间代谢型,常规用药,常规用药,FDA PGx,,""rs1135840,rs16947"",""chr22:42127941:G>A,chr22:42129130:C>G"""	E-D25554453405.drug.tsv
"E-D25554453405,vortioxetine,伏硫西汀,""439.64,436.64"",""18,14;7,14"",0.67;0.44,CYP2D6,*2/*5,""c.1304G>C,c.733C>T"",""p.Arg245Cys,p.Ser435Thr"",Het,剂量指导,中间代谢型,常规用药,以推荐的起始剂量开始治疗。,CPIC,,""rs1135840,rs16947"",""chr22:42127941:G>A,chr22:42129130:C>G"""	E-D25554453405.drug.tsv
"E-D25554453405,zuclopenthixol,珠氯噻醇,""439.64,436.64"",""18,14;7,14"",0.67;0.44,CYP2D6,*2/*5,""c.1304G>C,c.733C>T"",""p.Arg245Cys,p.Ser435Thr"",Het,剂量指导,中间代谢型,降低剂量,使用正常剂量的75%。,DPWG,,""rs1135840,rs16947"",""chr22:42127941:G>A,chr22:42129130:C>G"""	E-D25554453405.drug.tsv
E-D25554453405,quetiapine,喹硫平,.,.,.,CYP3A4,*1/*1,.,.,Hom,剂量指导,正常代谢型,常规用药,该指南未对正常代谢者使用喹硫平提供建议。,DPWG,,.,.	E-D25554453405.drug.tsv
"E-D25554453405,tacrolimus,他克莫司,452.64,""26,16"",0.38,CYP3A5,*1/*3,c.*467-1A>G,,Het,""剂量指导, 预测疗效"",中间代谢型,增加剂量,将起始剂量增加至推荐剂量的1.5到2倍，并使用治疗药物监测指导剂量调整。,CPIC,,rs776746,chr7:99672916:T>C"	E-D25554453405.drug.tsv
"E-D25554453405,warfarin,华法林,389.64,""21,14"",0.4,CYP4F2,*1/*3,c.1297G>A,p.Val433Met,Het,剂量指导,.,降低剂量,未找到指南。,CPIC,,rs2108622,chr19:15879621:C>T"	E-D25554453405.drug.tsv
"E-D25554453405,capecitabine,卡培他滨,1549.06,""0,41"",1.0,DPYD,c.1896T>C/c.1896T>C,c.1896T>C,p.Phe632Phe,Hom,剂量指导,.,遵医嘱用药,根据基因型，没有迹象表明需要改变剂量或疗法，应按标签推荐使用。,CPIC,,rs17376848,chr1:97450068:A>G"	E-D25554453405.drug.tsv
"E-D25554453405,flucytosine,氟胞嘧啶,1549.06,""0,41"",1.0,DPYD,c.1896T>C/c.1896T>C,c.1896T>C,p.Phe632Phe,Hom,剂量指导,.,常规用药,指南未对DPYD活性评分为2的患者使用氟胞嘧啶提供推荐。,DPWG,,rs17376848,chr1:97450068:A>G"	E-D25554453405.drug.tsv
"E-D25554453405,fluorouracil,氟尿嘧啶,1549.06,""0,41"",1.0,DPYD,c.1896T>C/c.1896T>C,c.1896T>C,p.Phe632Phe,Hom,剂量指导,.,遵医嘱用药,根据基因型，没有迹象表明需要改变剂量或疗法，应按标签推荐使用。,CPIC,,rs17376848,chr1:97450068:A>G"	E-D25554453405.drug.tsv
"E-D25554453405,tegafur,替加氟,1549.06,""0,41"",1.0,DPYD,c.1896T>C/c.1896T>C,c.1896T>C,p.Phe632Phe,Hom,剂量指导,.,常规用药,该指南未对DPYD活性评分为2的患者使用替加氟提供建议。,DPWG,,rs17376848,chr1:97450068:A>G"	E-D25554453405.drug.tsv
E-D25554453405,bupivacaine,布比卡因,.,.,.,G6PD,B (reference)/B (reference),.,.,Hom,,.,常规用药,常规用药,FDA Label,,.,.	E-D25554453405.drug.tsv
E-D25554453405,chloroquine,氯喹,.,.,.,G6PD,B (reference)/B (reference),.,.,Hom,,.,常规用药,常规用药,FDA Label,,.,.	E-D25554453405.drug.tsv
E-D25554453405,chlorpropamide,氯磺丙脲,.,.,.,G6PD,B (reference)/B (reference),.,.,Hom,,.,常规用药,常规用药,FDA Label,,.,.	E-D25554453405.drug.tsv
E-D25554453405,dabrafenib,达拉非尼,.,.,.,G6PD,B (reference)/B (reference),.,.,Hom,,.,常规用药,常规用药,FDA Label,,.,.	E-D25554453405.drug.tsv
E-D25554453405,dapsone,氨苯砜,.,.,.,G6PD,B (reference)/B (reference),.,.,Hom,不良反应预测,.,常规用药,根据G6PD状态，没有理由避免使用该药物。,CPIC,,.,.	E-D25554453405.drug.tsv
E-D25554453405,flutamide,氟他胺,.,.,.,G6PD,B (reference)/B (reference),.,.,Hom,,.,常规用药,常规用药,FDA Label,,.,.	E-D25554453405.drug.tsv
E-D25554453405,glimepiride,格列美脲,.,.,.,G6PD,B (reference)/B (reference),.,.,Hom,,.,常规用药,常规用药,FDA Label,,.,.	E-D25554453405.drug.tsv
E-D25554453405,glipizide,格列吡嗪,.,.,.,G6PD,B (reference)/B (reference),.,.,Hom,,.,常规用药,常规用药,FDA Label,,.,.	E-D25554453405.drug.tsv
E-D25554453405,glyburide,格列本脲,.,.,.,G6PD,B (reference)/B (reference),.,.,Hom,,.,常规用药,常规用药,FDA Label,,.,.	E-D25554453405.drug.tsv
E-D25554453405,hydroxychloroquine,羟氯喹,.,.,.,G6PD,B (reference)/B (reference),.,.,Hom,,.,常规用药,常规用药,FDA Label,,.,.	E-D25554453405.drug.tsv
E-D25554453405,mepivacaine,甲哌卡因,.,.,.,G6PD,B (reference)/B (reference),.,.,Hom,,.,常规用药,常规用药,FDA Label,,.,.	E-D25554453405.drug.tsv
E-D25554453405,methylene blue,亚甲蓝,.,.,.,G6PD,B (reference)/B (reference),.,.,Hom,不良反应预测,.,常规用药,根据G6PD状态，没有理由避免使用该药物。,CPIC,,.,.	E-D25554453405.drug.tsv
E-D25554453405,moviprep,复方聚乙二醇电解质,.,.,.,G6PD,B (reference)/B (reference),.,.,Hom,,.,常规用药,常规用药,FDA Label,,.,.	E-D25554453405.drug.tsv
E-D25554453405,nalidixic acid,萘啶酸,.,.,.,G6PD,B (reference)/B (reference),.,.,Hom,,.,常规用药,常规用药,FDA Label,,.,.	E-D25554453405.drug.tsv
E-D25554453405,nitrofurantoin,呋喃妥因,.,.,.,G6PD,B (reference)/B (reference),.,.,Hom,不良反应预测,.,常规用药,根据G6PD状态，没有理由避免使用该药物。,CPIC,,.,.	E-D25554453405.drug.tsv
E-D25554453405,pegloticase,聚乙二醇化尿酸酶,.,.,.,G6PD,B (reference)/B (reference),.,.,Hom,不良反应预测,.,常规用药,根据G6PD状态，没有理由避免使用该药物。,CPIC,,.,.	E-D25554453405.drug.tsv
E-D25554453405,primaquine,伯氨喹,.,.,.,G6PD,B (reference)/B (reference),.,.,Hom,不良反应预测,.,常规用药,根据G6PD状态，没有理由避免使用该药物。,CPIC,,.,.	E-D25554453405.drug.tsv
E-D25554453405,rasburicase,拉布立酶,.,.,.,G6PD,B (reference)/B (reference),.,.,Hom,不良反应预测,.,常规用药,根据G6PD状态，没有理由避免使用该药物。,CPIC,,.,.	E-D25554453405.drug.tsv
E-D25554453405,sodium ascorbate,抗坏血酸钠,.,.,.,G6PD,B (reference)/B (reference),.,.,Hom,,.,常规用药,常规用药,FDA Label,,.,.	E-D25554453405.drug.tsv
E-D25554453405,sodium nitrite,亚硝酸钠,.,.,.,G6PD,B (reference)/B (reference),.,.,Hom,,.,常规用药,常规用药,FDA Label,,.,.	E-D25554453405.drug.tsv
E-D25554453405,sulfasalazine,柳氮磺吡啶,.,.,.,G6PD,B (reference)/B (reference),.,.,Hom,,.,常规用药,常规用药,FDA Label,,.,.	E-D25554453405.drug.tsv
E-D25554453405,tafenoquine,他非诺喹,.,.,.,G6PD,B (reference)/B (reference),.,.,Hom,不良反应预测,.,常规用药,根据G6PD状态，没有理由避免使用该药物。,CPIC,,.,.	E-D25554453405.drug.tsv
E-D25554453405,tolazamide,妥拉磺脲,.,.,.,G6PD,B (reference)/B (reference),.,.,Hom,,.,常规用药,常规用药,FDA Label,,.,.	E-D25554453405.drug.tsv
E-D25554453405,tolbutamide,甲苯磺丁脲,.,.,.,G6PD,B (reference)/B (reference),.,.,Hom,,.,常规用药,常规用药,FDA Label,,.,.	E-D25554453405.drug.tsv
E-D25554453405,toluidine blue,甲苯胺蓝,.,.,.,G6PD,B (reference)/B (reference),.,.,Hom,不良反应预测,.,常规用药,根据G6PD状态，没有理由避免使用该药物。,CPIC,,.,.	E-D25554453405.drug.tsv
E-D25554453405,carbamazepine,卡马西平,.,.,.,HLA-A,*11:01/*33:03,.,.,Het,剂量指导,.,常规用药,按照标准给药指南使用卡马西平。,CPIC,,.,.	E-D25554453405.drug.tsv
E-D25554453405,abacavir,阿巴卡韦,.,.,.,HLA-B,*46:01/*73,.,.,Het,剂量指导,.,常规用药,按照标准给药指南使用阿巴卡韦。,CPIC,,.,.	E-D25554453405.drug.tsv
E-D25554453405,allopurinol,别嘌醇,.,.,.,HLA-B,*46:01/*73,.,.,Het,剂量指导,.,常规用药,按照标准给药指南使用别嘌醇。,CPIC,,.,.	E-D25554453405.drug.tsv
E-D25554453405,carbamazepine,卡马西平,.,.,.,HLA-B,*46:01/*73,.,.,Het,剂量指导,.,常规用药,按照标准给药指南使用卡马西平。,CPIC,,.,.	E-D25554453405.drug.tsv
E-D25554453405,flucloxacillin,氟氯西林,.,.,.,HLA-B,*46:01/*73,.,.,Het,,.,常规用药,常规用药,DPWG,,.,.	E-D25554453405.drug.tsv
E-D25554453405,fosphenytoin,磷苯妥英,.,.,.,HLA-B,*46:01/*73,.,.,Het,剂量指导,.,常规用药,无需调整常规给药策略，但后续剂量应根据药物监测和临床反应调整。,CPIC,,.,.	E-D25554453405.drug.tsv
E-D25554453405,lamotrigine,拉莫三嗪,.,.,.,HLA-B,*46:01/*73,.,.,Het,剂量指导,.,常规用药,指南未对HLA-B*15:02阴性的患者使用拉莫三嗪提供推荐。,DPWG,,.,.	E-D25554453405.drug.tsv
E-D25554453405,oxcarbazepine,奥卡西平,.,.,.,HLA-B,*46:01/*73,.,.,Het,剂量指导,.,常规用药,按照标准给药指南使用奥卡西平。,CPIC,,.,.	E-D25554453405.drug.tsv
E-D25554453405,pazopanib,帕唑帕尼,.,.,.,HLA-B,*46:01/*73,.,.,Het,,.,常规用药,常规用药,FDA PGx,,.,.	E-D25554453405.drug.tsv
E-D25554453405,phenytoin,苯妥英,.,.,.,HLA-B,*46:01/*73,.,.,Het,剂量指导,.,常规用药,无需调整常规给药策略，但后续剂量应根据药物监测和临床反应调整。,CPIC,,.,.	E-D25554453405.drug.tsv
E-D25554453405,peginterferon alfa-2a,聚乙二醇干扰素α-2a,.,.,.,IFNL3,rs12979860 reference (C)/rs12979860 reference (C),.,.,Hom,,.,常规用药,常规用药,CPIC,,.,.	E-D25554453405.drug.tsv
E-D25554453405,peginterferon alfa-2b,聚乙二醇干扰素α-2b,.,.,.,IFNL3,rs12979860 reference (C)/rs12979860 reference (C),.,.,Hom,,.,常规用药,常规用药,CPIC,,.,.	E-D25554453405.drug.tsv
E-D25554453405,ribavirin,利巴韦林,.,.,.,IFNL3,rs12979860 reference (C)/rs12979860 reference (C),.,.,Hom,,.,常规用药,常规用药,CPIC,,.,.	E-D25554453405.drug.tsv
"E-D25554453405,amikacin,阿米卡星,.,.,.,MT-RNR1,Reference,.,.,.,""剂量指导, 预测毒副作用"",氨基糖苷类药物诱导听力损失风险正常,常规用药,以标准剂量使用氨基糖苷类抗生素，疗程尽可能短，并进行治疗剂量监测和定期听力评估。,CPIC,,.,."	E-D25554453405.drug.tsv
"E-D25554453405,dibekacin,地贝卡星,.,.,.,MT-RNR1,Reference,.,.,.,""剂量指导, 预测毒副作用"",氨基糖苷类药物诱导听力损失风险正常,常规用药,以标准剂量使用氨基糖苷类抗生素，疗程尽可能短，并进行治疗剂量监测和定期听力评估。,CPIC,,.,."	E-D25554453405.drug.tsv
"E-D25554453405,gentamicin,庆大霉素,.,.,.,MT-RNR1,Reference,.,.,.,""剂量指导, 预测毒副作用"",氨基糖苷类药物诱导听力损失风险正常,常规用药,以标准剂量使用氨基糖苷类抗生素，疗程尽可能短，并进行治疗剂量监测和定期听力评估。,CPIC,,.,."	E-D25554453405.drug.tsv
"E-D25554453405,kanamycin,卡那霉素,.,.,.,MT-RNR1,Reference,.,.,.,""剂量指导, 预测毒副作用"",氨基糖苷类药物诱导听力损失风险正常,常规用药,以标准剂量使用氨基糖苷类抗生素，疗程尽可能短，并进行治疗剂量监测和定期听力评估。,CPIC,,.,."	E-D25554453405.drug.tsv
"E-D25554453405,neomycin,新霉素,.,.,.,MT-RNR1,Reference,.,.,.,""剂量指导, 预测毒副作用"",氨基糖苷类药物诱导听力损失风险正常,常规用药,以标准剂量使用氨基糖苷类抗生素，疗程尽可能短，并进行治疗剂量监测和定期听力评估。,CPIC,,.,."	E-D25554453405.drug.tsv
"E-D25554453405,netilmicin,奈替米星,.,.,.,MT-RNR1,Reference,.,.,.,""剂量指导, 预测毒副作用"",氨基糖苷类药物诱导听力损失风险正常,常规用药,以标准剂量使用氨基糖苷类抗生素，疗程尽可能短，并进行治疗剂量监测和定期听力评估。,CPIC,,.,."	E-D25554453405.drug.tsv
"E-D25554453405,paromomycin,巴龙霉素,.,.,.,MT-RNR1,Reference,.,.,.,""剂量指导, 预测毒副作用"",氨基糖苷类药物诱导听力损失风险正常,常规用药,以标准剂量使用氨基糖苷类抗生素，疗程尽可能短，并进行治疗剂量监测和定期听力评估。,CPIC,,.,."	E-D25554453405.drug.tsv
"E-D25554453405,plazomicin,普拉佐米星,.,.,.,MT-RNR1,Reference,.,.,.,""剂量指导, 预测毒副作用"",氨基糖苷类药物诱导听力损失风险正常,常规用药,以标准剂量使用氨基糖苷类抗生素，疗程尽可能短，并进行治疗剂量监测和定期听力评估。,CPIC,,.,."	E-D25554453405.drug.tsv
"E-D25554453405,ribostamycin,核糖霉素,.,.,.,MT-RNR1,Reference,.,.,.,""剂量指导, 预测毒副作用"",氨基糖苷类药物诱导听力损失风险正常,常规用药,以标准剂量使用氨基糖苷类抗生素，疗程尽可能短，并进行治疗剂量监测和定期听力评估。,CPIC,,.,."	E-D25554453405.drug.tsv
"E-D25554453405,streptomycin,链霉素,.,.,.,MT-RNR1,Reference,.,.,.,""剂量指导, 预测毒副作用"",氨基糖苷类药物诱导听力损失风险正常,常规用药,以标准剂量使用氨基糖苷类抗生素，疗程尽可能短，并进行治疗剂量监测和定期听力评估。,CPIC,,.,."	E-D25554453405.drug.tsv
"E-D25554453405,tobramycin,妥布霉素,.,.,.,MT-RNR1,Reference,.,.,.,""剂量指导, 预测毒副作用"",氨基糖苷类药物诱导听力损失风险正常,常规用药,以标准剂量使用氨基糖苷类抗生素，疗程尽可能短，并进行治疗剂量监测和定期听力评估。,CPIC,,.,."	E-D25554453405.drug.tsv
E-D25554453405,azathioprine,硫唑嘌呤,.,.,.,NUDT15,*1/*1,.,.,Hom,剂量指导,正常代谢型,遵医嘱用药,硫唑嘌呤应以正常剂量开始并根据指南调整，每次调整后需2周达到稳态。,CPIC,,.,.	E-D25554453405.drug.tsv
E-D25554453405,mercaptopurine,巯嘌呤,.,.,.,NUDT15,*1/*1,.,.,Hom,剂量指导,正常代谢型,常规用药,以正常起始剂量开始使用巯嘌呤，并同等调整所有骨髓抑制性治疗。,CPIC,,.,.	E-D25554453405.drug.tsv
E-D25554453405,thioguanine,硫鸟嘌呤,.,.,.,NUDT15,*1/*1,.,.,Hom,剂量指导,正常代谢型,常规用药,以正常起始剂量开始使用硫鸟嘌呤，并同等调整所有骨髓抑制性治疗。,CPIC,,.,.	E-D25554453405.drug.tsv
"E-D25554453405,desflurane,地氟烷,""113.64,158.64"",""8,4;15,6"",0.33;0.29,RYR1,c.11266C>G (heterozygous),""c.7089C>G,c.11251C>G"",""p.Gln3751Glu,p.Cys2363Trp"",.,预测毒副作用,易感性不确定,换药或遵医嘱用药,临床发现、家族史、进一步的基因检测和其他实验室数据应指导卤代挥发性麻醉剂或去极化肌松药的使用。,CPIC,,""rs4802584,."",""chr22:42126611:C>G,chr19:38534726:C>G"""	E-D25554453405.drug.tsv
"E-D25554453405,enflurane,恩氟烷,""113.64,158.64"",""8,4;15,6"",0.33;0.29,RYR1,c.11266C>G (heterozygous),""c.7089C>G,c.11251C>G"",""p.Gln3751Glu,p.Cys2363Trp"",.,预测毒副作用,易感性不确定,换药或遵医嘱用药,临床发现、家族史、进一步的基因检测和其他实验室数据应指导卤代挥发性麻醉剂或去极化肌松药的使用。,CPIC,,""rs4802584,."",""chr22:42126611:C>G,chr19:38534726:C>G"""	E-D25554453405.drug.tsv
"E-D25554453405,halothane,氟烷,""113.64,158.64"",""8,4;15,6"",0.33;0.29,RYR1,c.11266C>G (heterozygous),""c.7089C>G,c.11251C>G"",""p.Gln3751Glu,p.Cys2363Trp"",.,预测毒副作用,易感性不确定,换药或遵医嘱用药,临床发现、家族史、进一步的基因检测和其他实验室数据应指导卤代挥发性麻醉剂或去极化肌松药的使用。,CPIC,,""rs4802584,."",""chr22:42126611:C>G,chr19:38534726:C>G"""	E-D25554453405.drug.tsv
"E-D25554453405,isoflurane,异氟烷,""113.64,158.64"",""8,4;15,6"",0.33;0.29,RYR1,c.11266C>G (heterozygous),""c.7089C>G,c.11251C>G"",""p.Gln3751Glu,p.Cys2363Trp"",.,预测毒副作用,易感性不确定,换药或遵医嘱用药,临床发现、家族史、进一步的基因检测和其他实验室数据应指导卤代挥发性麻醉剂或去极化肌松药的使用。,CPIC,,""rs4802584,."",""chr22:42126611:C>G,chr19:38534726:C>G"""	E-D25554453405.drug.tsv
"E-D25554453405,methoxyflurane,甲氧氟烷,""113.64,158.64"",""8,4;15,6"",0.33;0.29,RYR1,c.11266C>G (heterozygous),""c.7089C>G,c.11251C>G"",""p.Gln3751Glu,p.Cys2363Trp"",.,预测毒副作用,易感性不确定,换药或遵医嘱用药,临床发现、家族史、进一步的基因检测和其他实验室数据应指导卤代挥发性麻醉剂或去极化肌松药的使用。,CPIC,,""rs4802584,."",""chr22:42126611:C>G,chr19:38534726:C>G"""	E-D25554453405.drug.tsv
"E-D25554453405,sevoflurane,七氟烷,""113.64,158.64"",""8,4;15,6"",0.33;0.29,RYR1,c.11266C>G (heterozygous),""c.7089C>G,c.11251C>G"",""p.Gln3751Glu,p.Cys2363Trp"",.,预测毒副作用,易感性不确定,换药或遵医嘱用药,临床发现、家族史、进一步的基因检测和其他实验室数据应指导卤代挥发性麻醉剂或去极化肌松药的使用。,CPIC,,""rs4802584,."",""chr22:42126611:C>G,chr19:38534726:C>G"""	E-D25554453405.drug.tsv
"E-D25554453405,succinylcholine,琥珀胆碱,""113.64,158.64"",""8,4;15,6"",0.33;0.29,RYR1,c.11266C>G (heterozygous),""c.7089C>G,c.11251C>G"",""p.Gln3751Glu,p.Cys2363Trp"",.,预测毒副作用,易感性不确定,换药或遵医嘱用药,临床发现、家族史、进一步的基因检测和其他实验室数据应指导卤代挥发性麻醉剂或去极化肌松药的使用。,CPIC,,""rs4802584,."",""chr22:42126611:C>G,chr19:38534726:C>G"""	E-D25554453405.drug.tsv
E-D25554453405,atorvastatin,阿托伐他汀,.,.,.,SLCO1B1,*1/*1,.,.,Hom,剂量指导,功能正常,常规用药,按期望的起始剂量开具处方，并根据疾病特定指南调整剂量。,CPIC,,.,.	E-D25554453405.drug.tsv
E-D25554453405,elagolix,艾拉戈利,.,.,.,SLCO1B1,*1/*1,.,.,Hom,,功能正常,常规用药,常规用药,FDA PGx,,.,.	E-D25554453405.drug.tsv
E-D25554453405,fluvastatin,氟伐他汀,.,.,.,SLCO1B1,*1/*1,.,.,Hom,剂量指导,功能正常,遵医嘱用药,氟伐他汀应从期望的起始剂量开始，并根据疾病特定指南进行调整。,CPIC,,.,.	E-D25554453405.drug.tsv
E-D25554453405,lovastatin,洛伐他汀,.,.,.,SLCO1B1,*1/*1,.,.,Hom,剂量指导,功能正常,常规用药,按期望的起始剂量开具处方，并根据疾病特定指南调整剂量。,CPIC,,.,.	E-D25554453405.drug.tsv
E-D25554453405,pitavastatin,匹伐他汀,.,.,.,SLCO1B1,*1/*1,.,.,Hom,剂量指导,功能正常,常规用药,按期望的起始剂量开具处方，并根据疾病特定指南调整剂量。,CPIC,,.,.	E-D25554453405.drug.tsv
E-D25554453405,pravastatin,普伐他汀,.,.,.,SLCO1B1,*1/*1,.,.,Hom,剂量指导,功能正常,常规用药,按期望的起始剂量开具处方，并根据疾病特定指南调整剂量。,CPIC,,.,.	E-D25554453405.drug.tsv
E-D25554453405,rosuvastatin,瑞舒伐他汀,.,.,.,SLCO1B1,*1/*1,.,.,Hom,剂量指导,功能正常,常规用药,按期望的起始剂量处方瑞舒伐他汀，并根据疾病特定指南调整剂量。,CPIC,,.,.	E-D25554453405.drug.tsv
E-D25554453405,simvastatin,辛伐他汀,.,.,.,SLCO1B1,*1/*1,.,.,Hom,剂量指导,功能正常,常规用药,按期望的起始剂量开具处方，并根据疾病特定指南调整剂量。,CPIC,,.,.	E-D25554453405.drug.tsv
E-D25554453405,azathioprine,硫唑嘌呤,.,.,.,TPMT,*1/*1,.,.,Hom,剂量指导,正常代谢型,遵医嘱用药,硫唑嘌呤应以正常剂量开始并根据指南调整，每次调整后需2周达到稳态。,CPIC,,.,.	E-D25554453405.drug.tsv
E-D25554453405,mercaptopurine,巯嘌呤,.,.,.,TPMT,*1/*1,.,.,Hom,剂量指导,正常代谢型,常规用药,以正常起始剂量开始使用巯嘌呤，并同等调整所有骨髓抑制性治疗。,CPIC,,.,.	E-D25554453405.drug.tsv
E-D25554453405,thioguanine,硫鸟嘌呤,.,.,.,TPMT,*1/*1,.,.,Hom,剂量指导,正常代谢型,常规用药,以正常起始剂量开始使用硫鸟嘌呤，并同等调整所有骨髓抑制性治疗。,CPIC,,.,.	E-D25554453405.drug.tsv
"E-D25554453405,atazanavir,阿扎那韦,600.64,""12,20"",0.62,UGT1A1,*1/*6,c.211G>A,p.Gly71Arg,Het,不良反应预测,中间代谢型,常规用药，监测胆红素,无需根据UGT1A1基因检测结果避免使用阿扎那韦，但应告知患者其基因型导致因黄疸停药的可能性很低。,CPIC,,rs4148323,chr2:233760498:G>A"	E-D25554453405.drug.tsv
"E-D25554453405,belinostat,贝利司他,600.64,""12,20"",0.62,UGT1A1,*1/*6,c.211G>A,p.Gly71Arg,Het,,中间代谢型,常规用药,常规用药,FDA Label,,rs4148323,chr2:233760498:G>A"	E-D25554453405.drug.tsv
"E-D25554453405,dolutegravir,多替拉韦,600.64,""12,20"",0.62,UGT1A1,*1/*6,c.211G>A,p.Gly71Arg,Het,,中间代谢型,常规用药,常规用药,FDA PGx,,rs4148323,chr2:233760498:G>A"	E-D25554453405.drug.tsv
"E-D25554453405,irinotecan,伊立替康,600.64,""12,20"",0.62,UGT1A1,*1/*6,c.211G>A,p.Gly71Arg,Het,剂量指导,中间代谢型,常规用药,该基因-药物相互作用无需采取任何措施。,DPWG,,rs4148323,chr2:233760498:G>A"	E-D25554453405.drug.tsv
"E-D25554453405,nilotinib,尼洛替尼,600.64,""12,20"",0.62,UGT1A1,*1/*6,c.211G>A,p.Gly71Arg,Het,,中间代谢型,常规用药,常规用药,FDA PGx,,rs4148323,chr2:233760498:G>A"	E-D25554453405.drug.tsv
"E-D25554453405,pazopanib,帕唑帕尼,600.64,""12,20"",0.62,UGT1A1,*1/*6,c.211G>A,p.Gly71Arg,Het,,中间代谢型,常规用药,常规用药,FDA PGx,,rs4148323,chr2:233760498:G>A"	E-D25554453405.drug.tsv
"E-D25554453405,raltegravir,拉替拉韦,600.64,""12,20"",0.62,UGT1A1,*1/*6,c.211G>A,p.Gly71Arg,Het,,中间代谢型,常规用药,常规用药,FDA PGx,,rs4148323,chr2:233760498:G>A"	E-D25554453405.drug.tsv
"E-D25554453405,sacituzumab govitecan,戈沙妥珠单抗,600.64,""12,20"",0.62,UGT1A1,*1/*6,c.211G>A,p.Gly71Arg,Het,,中间代谢型,常规用药,常规用药,FDA Label,,rs4148323,chr2:233760498:G>A"	E-D25554453405.drug.tsv
"E-D25554453405,acenocoumarol,醋硝香豆素,1672.06,""0,49"",1.0,VKORC1,rs9923231 variant (T)/rs9923231 variant (T),c.-1639G>A,,Hom,剂量指导,.,降低剂量,需由国家INR监测服务（抗凝门诊）进行监测。,DPWG,,rs9923231,chr16:31096368:C>T"	E-D25554453405.drug.tsv
"E-D25554453405,phenprocoumon,苯丙香豆素,1672.06,""0,49"",1.0,VKORC1,rs9923231 variant (T)/rs9923231 variant (T),c.-1639G>A,,Hom,剂量指导,.,降低剂量,需由抗凝门诊进行监测。,DPWG,,rs9923231,chr16:31096368:C>T"	E-D25554453405.drug.tsv
"E-D25554453405,warfarin,华法林,1672.06,""0,49"",1.0,VKORC1,rs9923231 variant (T)/rs9923231 variant (T),c.-1639G>A,,Hom,剂量指导,.,降低剂量,使用60%的标准初始剂量。,CPIC,,rs9923231,chr16:31096368:C>T"	E-D25554453405.drug.tsv
"E-S23991594005,allopurinol,别嘌醇,2192.06,""0,58"",1.0,ABCG2,rs2231142 variant (T)/rs2231142 variant (T),c.421C>A,p.Gln141Lys,Hom,,功能缺失,常规用药,常规用药,DPWG,,rs2231142,chr4:88131171:G>T"	E-S23991594005.drug.tsv
"E-S23991594005,rosuvastatin,瑞舒伐他汀,2192.06,""0,58"",1.0,ABCG2,rs2231142 variant (T)/rs2231142 variant (T),c.421C>A,p.Gln141Lys,Hom,剂量指导,功能缺失,降低剂量或换药,瑞舒伐他汀的起始剂量不应高于10毫克；如需更高剂量，应考虑换用其他他汀类药物或联合治疗。,CPIC,,rs2231142,chr4:88131171:G>T"	E-S23991594005.drug.tsv
E-S23991594005,desflurane,地氟烷,.,.,.,CACNA1S,Reference/Reference,.,.,Hom,预测毒副作用,易感性不确定,换药或遵医嘱用药,临床发现、家族史、进一步的基因检测和其他实验室数据应指导卤代挥发性麻醉剂或去极化肌松药的使用。,CPIC,,.,.	E-S23991594005.drug.tsv
E-S23991594005,enflurane,恩氟烷,.,.,.,CACNA1S,Reference/Reference,.,.,Hom,预测毒副作用,易感性不确定,换药或遵医嘱用药,临床发现、家族史、进一步的基因检测和其他实验室数据应指导卤代挥发性麻醉剂或去极化肌松药的使用。,CPIC,,.,.	E-S23991594005.drug.tsv
E-S23991594005,halothane,氟烷,.,.,.,CACNA1S,Reference/Reference,.,.,Hom,预测毒副作用,易感性不确定,换药或遵医嘱用药,临床发现、家族史、进一步的基因检测和其他实验室数据应指导卤代挥发性麻醉剂或去极化肌松药的使用。,CPIC,,.,.	E-S23991594005.drug.tsv
E-S23991594005,isoflurane,异氟烷,.,.,.,CACNA1S,Reference/Reference,.,.,Hom,预测毒副作用,易感性不确定,换药或遵医嘱用药,临床发现、家族史、进一步的基因检测和其他实验室数据应指导卤代挥发性麻醉剂或去极化肌松药的使用。,CPIC,,.,.	E-S23991594005.drug.tsv
E-S23991594005,methoxyflurane,甲氧氟烷,.,.,.,CACNA1S,Reference/Reference,.,.,Hom,预测毒副作用,易感性不确定,换药或遵医嘱用药,临床发现、家族史、进一步的基因检测和其他实验室数据应指导卤代挥发性麻醉剂或去极化肌松药的使用。,CPIC,,.,.	E-S23991594005.drug.tsv
E-S23991594005,sevoflurane,七氟烷,.,.,.,CACNA1S,Reference/Reference,.,.,Hom,预测毒副作用,易感性不确定,换药或遵医嘱用药,临床发现、家族史、进一步的基因检测和其他实验室数据应指导卤代挥发性麻醉剂或去极化肌松药的使用。,CPIC,,.,.	E-S23991594005.drug.tsv
E-S23991594005,succinylcholine,琥珀胆碱,.,.,.,CACNA1S,Reference/Reference,.,.,Hom,预测毒副作用,易感性不确定,换药或遵医嘱用药,临床发现、家族史、进一步的基因检测和其他实验室数据应指导卤代挥发性麻醉剂或去极化肌松药的使用。,CPIC,,.,.	E-S23991594005.drug.tsv
E-S23991594005,ivacaftor,依伐卡托,.,.,.,CFTR,Reference/Reference,.,.,Hom,预测疗效,CF患者中对伊伐卡托无反应,换药,不推荐使用伊伐卡托。,CPIC,,.,.	E-S23991594005.drug.tsv
E-S23991594005,efavirenz,依非韦伦,.,.,.,CYP2B6,*1/*1,.,.,Hom,剂量指导,正常代谢型,常规用药,以标准剂量（600毫克/天）开始依法韦仑治疗。,CPIC,,.,.	E-S23991594005.drug.tsv
E-S23991594005,sertraline,舍曲林,.,.,.,CYP2B6,*1/*1,.,.,Hom,剂量指导,正常代谢型,常规用药,以推荐的起始剂量开始治疗。,CPIC,,.,.	E-S23991594005.drug.tsv
"E-S23991594005,abrocitinib,阿布昔替尼,1108.06,""0,36"",1.0,CYP2C19,*1/*1,c.991A>G,p.Ile331Val,Hom,,正常代谢型,常规用药,常规用药,FDA Label,,rs3758581,chr10:94842866:A>G"	E-S23991594005.drug.tsv
"E-S23991594005,amitriptyline,阿米替林,1108.06,""0,36"",1.0,CYP2C19,*1/*1,c.991A>G,p.Ile331Val,Hom,剂量指导,正常代谢型,常规用药,无推荐建议。,CPIC,,rs3758581,chr10:94842866:A>G"	E-S23991594005.drug.tsv
"E-S23991594005,belzutifan,贝组替凡,1108.06,""0,36"",1.0,CYP2C19,*1/*1,c.991A>G,p.Ile331Val,Hom,,正常代谢型,常规用药,常规用药,FDA Label,,rs3758581,chr10:94842866:A>G"	E-S23991594005.drug.tsv
"E-S23991594005,brivaracetam,布瓦西坦,1108.06,""0,36"",1.0,CYP2C19,*1/*1,c.991A>G,p.Ile331Val,Hom,,正常代谢型,常规用药,常规用药,FDA Label,,rs3758581,chr10:94842866:A>G"	E-S23991594005.drug.tsv
"E-S23991594005,carisoprodol,卡立普多,1108.06,""0,36"",1.0,CYP2C19,*1/*1,c.991A>G,p.Ile331Val,Hom,,正常代谢型,常规用药,常规用药,FDA Label,,rs3758581,chr10:94842866:A>G"	E-S23991594005.drug.tsv
"E-S23991594005,citalopram,西酞普兰,1108.06,""0,36"",1.0,CYP2C19,*1/*1,c.991A>G,p.Ile331Val,Hom,剂量指导,正常代谢型,常规用药,以推荐的起始剂量开始治疗。,CPIC,,rs3758581,chr10:94842866:A>G"	E-S23991594005.drug.tsv
"E-S23991594005,clobazam,氯巴占,1108.06,""0,36"",1.0,CYP2C19,*1/*1,c.991A>G,p.Ile331Val,Hom,,正常代谢型,常规用药,常规用药,FDA Label,,rs3758581,chr10:94842866:A>G"	E-S23991594005.drug.tsv
"E-S23991594005,clomipramine,氯米帕明,1108.06,""0,36"",1.0,CYP2C19,*1/*1,c.991A>G,p.Ile331Val,Hom,剂量指导,正常代谢型,常规用药,无推荐建议。,CPIC,,rs3758581,chr10:94842866:A>G"	E-S23991594005.drug.tsv
"E-S23991594005,clopidogrel,氯吡格雷,1108.06,""0,36"",1.0,CYP2C19,*1/*1,c.991A>G,p.Ile331Val,Hom,""剂量指导, 预测疗效"",正常代谢型,常规用药,若考虑使用氯吡格雷，应采用75毫克/天的标准剂量。,CPIC,,rs3758581,chr10:94842866:A>G"	E-S23991594005.drug.tsv
"E-S23991594005,dexlansoprazole,右兰索拉唑,1108.06,""0,36"",1.0,CYP2C19,*1/*1,c.991A>G,p.Ile331Val,Hom,剂量指导,正常代谢型,常规用药或增加剂量,以标准剂量开始治疗，但对于幽门螺杆菌感染和糜烂性食管炎，可考虑将剂量增加50-100%。,CPIC,,rs3758581,chr10:94842866:A>G"	E-S23991594005.drug.tsv
"E-S23991594005,diazepam,地西泮,1108.06,""0,36"",1.0,CYP2C19,*1/*1,c.991A>G,p.Ile331Val,Hom,,正常代谢型,常规用药,常规用药,FDA PGx,,rs3758581,chr10:94842866:A>G"	E-S23991594005.drug.tsv
"E-S23991594005,doxepin,多塞平,1108.06,""0,36"",1.0,CYP2C19,*1/*1,c.991A>G,p.Ile331Val,Hom,剂量指导,正常代谢型,常规用药,无推荐建议。,CPIC,,rs3758581,chr10:94842866:A>G"	E-S23991594005.drug.tsv
"E-S23991594005,escitalopram,艾司西酞普兰,1108.06,""0,36"",1.0,CYP2C19,*1/*1,c.991A>G,p.Ile331Val,Hom,剂量指导,正常代谢型,常规用药,以推荐的起始剂量开始治疗。,CPIC,,rs3758581,chr10:94842866:A>G"	E-S23991594005.drug.tsv
"E-S23991594005,esomeprazole,艾司奥美拉唑,1108.06,""0,36"",1.0,CYP2C19,*1/*1,c.991A>G,p.Ile331Val,Hom,,正常代谢型,常规用药,常规用药,FDA PGx,,rs3758581,chr10:94842866:A>G"	E-S23991594005.drug.tsv
"E-S23991594005,flibanserin,氟班色林,1108.06,""0,36"",1.0,CYP2C19,*1/*1,c.991A>G,p.Ile331Val,Hom,,正常代谢型,常规用药,常规用药,FDA Label,,rs3758581,chr10:94842866:A>G"	E-S23991594005.drug.tsv
"E-S23991594005,imipramine,丙米嗪,1108.06,""0,36"",1.0,CYP2C19,*1/*1,c.991A>G,p.Ile331Val,Hom,剂量指导,正常代谢型,常规用药,无推荐建议。,CPIC,,rs3758581,chr10:94842866:A>G"	E-S23991594005.drug.tsv
"E-S23991594005,lansoprazole,兰索拉唑,1108.06,""0,36"",1.0,CYP2C19,*1/*1,c.991A>G,p.Ile331Val,Hom,剂量指导,正常代谢型,常规用药或增加剂量,以标准剂量开始治疗，但对于幽门螺杆菌感染和糜烂性食管炎，可考虑将剂量增加50-100%。,CPIC,,rs3758581,chr10:94842866:A>G"	E-S23991594005.drug.tsv
"E-S23991594005,omeprazole,奥美拉唑,1108.06,""0,36"",1.0,CYP2C19,*1/*1,c.991A>G,p.Ile331Val,Hom,剂量指导,正常代谢型,常规用药或增加剂量,以标准剂量开始治疗，但对于幽门螺杆菌感染和糜烂性食管炎，可考虑将剂量增加50-100%。,CPIC,,rs3758581,chr10:94842866:A>G"	E-S23991594005.drug.tsv
"E-S23991594005,pantoprazole,泮托拉唑,1108.06,""0,36"",1.0,CYP2C19,*1/*1,c.991A>G,p.Ile331Val,Hom,剂量指导,正常代谢型,常规用药或增加剂量,以标准剂量开始治疗，但对于幽门螺杆菌感染和糜烂性食管炎，可考虑将剂量增加50-100%。,CPIC,,rs3758581,chr10:94842866:A>G"	E-S23991594005.drug.tsv
"E-S23991594005,rabeprazole,雷贝拉唑,1108.06,""0,36"",1.0,CYP2C19,*1/*1,c.991A>G,p.Ile331Val,Hom,,正常代谢型,常规用药,常规用药,FDA PGx,,rs3758581,chr10:94842866:A>G"	E-S23991594005.drug.tsv
"E-S23991594005,sertraline,舍曲林,1108.06,""0,36"",1.0,CYP2C19,*1/*1,c.991A>G,p.Ile331Val,Hom,剂量指导,正常代谢型,常规用药,以推荐的起始剂量开始治疗。,CPIC,,rs3758581,chr10:94842866:A>G"	E-S23991594005.drug.tsv
"E-S23991594005,trimipramine,曲米帕明,1108.06,""0,36"",1.0,CYP2C19,*1/*1,c.991A>G,p.Ile331Val,Hom,剂量指导,正常代谢型,常规用药,无推荐建议。,CPIC,,rs3758581,chr10:94842866:A>G"	E-S23991594005.drug.tsv
"E-S23991594005,voriconazole,伏立康唑,1108.06,""0,36"",1.0,CYP2C19,*1/*1,c.991A>G,p.Ile331Val,Hom,剂量指导,正常代谢型,常规用药,以推荐的标准治疗剂量开始治疗。,CPIC,,rs3758581,chr10:94842866:A>G"	E-S23991594005.drug.tsv
E-S23991594005,avatrombopag,阿伐曲泊帕,.,.,.,CYP2C9,*1/*1,.,.,Hom,,正常代谢型,常规用药,常规用药,FDA PGx,,.,.	E-S23991594005.drug.tsv
E-S23991594005,celecoxib,塞来昔布,.,.,.,CYP2C9,*1/*1,.,.,Hom,剂量指导,正常代谢型,常规用药或降低剂量,以推荐的起始剂量开始治疗，并遵循个体化治疗目标，使用最低有效剂量和最短持续时间。,CPIC,,.,.	E-S23991594005.drug.tsv
E-S23991594005,erdafitinib,厄达替尼,.,.,.,CYP2C9,*1/*1,.,.,Hom,,正常代谢型,常规用药,常规用药,FDA Label,,.,.	E-S23991594005.drug.tsv
E-S23991594005,flurbiprofen,氟比洛芬,.,.,.,CYP2C9,*1/*1,.,.,Hom,剂量指导,正常代谢型,常规用药或降低剂量,以推荐的起始剂量开始治疗，并遵循个体化治疗目标，使用最低有效剂量和最短持续时间。,CPIC,,.,.	E-S23991594005.drug.tsv
"E-S23991594005,fluvastatin,氟伐他汀,.,.,.,CYP2C9,*1/*1,.,.,Hom,""剂量指导, 不良反应预测"",正常代谢型,遵医嘱用药,按期望的起始剂量处方氟伐他汀，并注意当剂量超过40毫克/天时肌病风险可能增加。,CPIC,,.,."	E-S23991594005.drug.tsv
E-S23991594005,fosphenytoin,磷苯妥英,.,.,.,CYP2C9,*1/*1,.,.,Hom,剂量指导,正常代谢型,常规用药,无需调整常规给药策略，但后续剂量应根据药物监测和临床反应调整。,CPIC,,.,.	E-S23991594005.drug.tsv
E-S23991594005,ibuprofen,布洛芬,.,.,.,CYP2C9,*1/*1,.,.,Hom,剂量指导,正常代谢型,常规用药或降低剂量,以推荐的起始剂量开始治疗，并遵循个体化治疗目标，使用最低有效剂量和最短持续时间。,CPIC,,.,.	E-S23991594005.drug.tsv
E-S23991594005,lornoxicam,氯诺昔康,.,.,.,CYP2C9,*1/*1,.,.,Hom,剂量指导,正常代谢型,常规用药或降低剂量,以推荐的起始剂量开始治疗，并遵循个体化治疗目标，使用最低有效剂量和最短持续时间。,CPIC,,.,.	E-S23991594005.drug.tsv
E-S23991594005,meloxicam,美洛昔康,.,.,.,CYP2C9,*1/*1,.,.,Hom,剂量指导,正常代谢型,常规用药或降低剂量,以推荐的起始剂量开始治疗，并遵循个体化治疗目标，使用最低有效剂量和最短持续时间。,CPIC,,.,.	E-S23991594005.drug.tsv
E-S23991594005,nateglinide,那格列奈,.,.,.,CYP2C9,*1/*1,.,.,Hom,,正常代谢型,常规用药,常规用药,FDA PGx,,.,.	E-S23991594005.drug.tsv
E-S23991594005,phenytoin,苯妥英,.,.,.,CYP2C9,*1/*1,.,.,Hom,剂量指导,正常代谢型,常规用药,无需调整常规给药策略，但后续剂量应根据药物监测和临床反应调整。,CPIC,,.,.	E-S23991594005.drug.tsv
E-S23991594005,piroxicam,吡罗昔康,.,.,.,CYP2C9,*1/*1,.,.,Hom,剂量指导,正常代谢型,常规用药或降低剂量,以推荐的起始剂量开始治疗，并遵循个体化治疗目标，使用最低有效剂量和最短持续时间。,CPIC,,.,.	E-S23991594005.drug.tsv
E-S23991594005,siponimod,西尼莫德,.,.,.,CYP2C9,*1/*1,.,.,Hom,剂量指导,正常代谢型,常规用药,指南未对正常代谢者的西尼莫德使用提供推荐。,DPWG,,.,.	E-S23991594005.drug.tsv
E-S23991594005,tenoxicam,替诺昔康,.,.,.,CYP2C9,*1/*1,.,.,Hom,剂量指导,正常代谢型,常规用药或降低剂量,以推荐的起始剂量开始治疗，并遵循个体化治疗目标，使用最低有效剂量和最短持续时间。,CPIC,,.,.	E-S23991594005.drug.tsv
E-S23991594005,warfarin,华法林,.,.,.,CYP2C9,*1/*1,.,.,Hom,剂量指导,正常代谢型,常规用药,该指南未对正常代谢者使用华法林提供推荐。,CPIC,,.,.	E-S23991594005.drug.tsv
"E-S23991594005,amitriptyline,阿米替林,""1898.64,1319.64"",""19,40;23,60"",0.72;0.68,CYP2D6,*1/*36 + *36 + *10,""c.408G>C,c.1304G>C"",""p.Ser435Thr,p.Val136Val"",Het,剂量指导,不确定,常规用药,无推荐建议。,CPIC,,""rs1058164,rs1135840"",""chr22:42130692:G>A,chr22:42129130:C>G"""	E-S23991594005.drug.tsv
"E-S23991594005,amoxapine,阿莫沙平,""1898.64,1319.64"",""19,40;23,60"",0.72;0.68,CYP2D6,*1/*36 + *36 + *10,""c.408G>C,c.1304G>C"",""p.Ser435Thr,p.Val136Val"",Het,,不确定,常规用药,常规用药,FDA PGx,,""rs1058164,rs1135840"",""chr22:42130692:G>A,chr22:42129130:C>G"""	E-S23991594005.drug.tsv
"E-S23991594005,aripiprazole,阿立哌唑,""1898.64,1319.64"",""19,40;23,60"",0.72;0.68,CYP2D6,*1/*36 + *36 + *10,""c.408G>C,c.1304G>C"",""p.Ser435Thr,p.Val136Val"",Het,,不确定,常规用药,常规用药,DPWG,,""rs1058164,rs1135840"",""chr22:42130692:G>A,chr22:42129130:C>G"""	E-S23991594005.drug.tsv
"E-S23991594005,aripiprazole lauroxil,阿立哌唑月桂酰氧基甲酯,""1898.64,1319.64"",""19,40;23,60"",0.72;0.68,CYP2D6,*1/*36 + *36 + *10,""c.408G>C,c.1304G>C"",""p.Ser435Thr,p.Val136Val"",Het,,不确定,常规用药,常规用药,FDA Label,,""rs1058164,rs1135840"",""chr22:42130692:G>A,chr22:42129130:C>G"""	E-S23991594005.drug.tsv
"E-S23991594005,atomoxetine,托莫西汀,""1898.64,1319.64"",""19,40;23,60"",0.72;0.68,CYP2D6,*1/*36 + *36 + *10,""c.408G>C,c.1304G>C"",""p.Ser435Thr,p.Val136Val"",Het,剂量指导,不确定,常规用药,无推荐建议。,CPIC,,""rs1058164,rs1135840"",""chr22:42130692:G>A,chr22:42129130:C>G"""	E-S23991594005.drug.tsv
"E-S23991594005,brexpiprazole,布瑞哌唑,""1898.64,1319.64"",""19,40;23,60"",0.72;0.68,CYP2D6,*1/*36 + *36 + *10,""c.408G>C,c.1304G>C"",""p.Ser435Thr,p.Val136Val"",Het,,不确定,常规用药,常规用药,DPWG,,""rs1058164,rs1135840"",""chr22:42130692:G>A,chr22:42129130:C>G"""	E-S23991594005.drug.tsv
"E-S23991594005,carvedilol,卡维地洛,""1898.64,1319.64"",""19,40;23,60"",0.72;0.68,CYP2D6,*1/*36 + *36 + *10,""c.408G>C,c.1304G>C"",""p.Ser435Thr,p.Val136Val"",Het,,不确定,常规用药,常规用药,FDA PGx,,""rs1058164,rs1135840"",""chr22:42130692:G>A,chr22:42129130:C>G"""	E-S23991594005.drug.tsv
"E-S23991594005,cevimeline,西维美林,""1898.64,1319.64"",""19,40;23,60"",0.72;0.68,CYP2D6,*1/*36 + *36 + *10,""c.408G>C,c.1304G>C"",""p.Ser435Thr,p.Val136Val"",Het,,不确定,常规用药,常规用药,FDA Label,,""rs1058164,rs1135840"",""chr22:42130692:G>A,chr22:42129130:C>G"""	E-S23991594005.drug.tsv
"E-S23991594005,clomipramine,氯米帕明,""1898.64,1319.64"",""19,40;23,60"",0.72;0.68,CYP2D6,*1/*36 + *36 + *10,""c.408G>C,c.1304G>C"",""p.Ser435Thr,p.Val136Val"",Het,剂量指导,不确定,常规用药,无推荐建议。,CPIC,,""rs1058164,rs1135840"",""chr22:42130692:G>A,chr22:42129130:C>G"""	E-S23991594005.drug.tsv
"E-S23991594005,clozapine,氯氮平,""1898.64,1319.64"",""19,40;23,60"",0.72;0.68,CYP2D6,*1/*36 + *36 + *10,""c.408G>C,c.1304G>C"",""p.Ser435Thr,p.Val136Val"",Het,,不确定,常规用药,常规用药,FDA Label,,""rs1058164,rs1135840"",""chr22:42130692:G>A,chr22:42129130:C>G"""	E-S23991594005.drug.tsv
"E-S23991594005,codeine,可待因,""1898.64,1319.64"",""19,40;23,60"",0.72;0.68,CYP2D6,*1/*36 + *36 + *10,""c.408G>C,c.1304G>C"",""p.Ser435Thr,p.Val136Val"",Het,剂量指导,不确定,常规用药,无推荐建议。,CPIC,,""rs1058164,rs1135840"",""chr22:42130692:G>A,chr22:42129130:C>G"""	E-S23991594005.drug.tsv
"E-S23991594005,darifenacin,达非那新,""1898.64,1319.64"",""19,40;23,60"",0.72;0.68,CYP2D6,*1/*36 + *36 + *10,""c.408G>C,c.1304G>C"",""p.Ser435Thr,p.Val136Val"",Het,,不确定,常规用药,常规用药,FDA PGx,,""rs1058164,rs1135840"",""chr22:42130692:G>A,chr22:42129130:C>G"""	E-S23991594005.drug.tsv
"E-S23991594005,desipramine,地昔帕明,""1898.64,1319.64"",""19,40;23,60"",0.72;0.68,CYP2D6,*1/*36 + *36 + *10,""c.408G>C,c.1304G>C"",""p.Ser435Thr,p.Val136Val"",Het,剂量指导,不确定,常规用药,无推荐建议。,CPIC,,""rs1058164,rs1135840"",""chr22:42130692:G>A,chr22:42129130:C>G"""	E-S23991594005.drug.tsv
"E-S23991594005,deutetrabenazine,氘丁苯那嗪,""1898.64,1319.64"",""19,40;23,60"",0.72;0.68,CYP2D6,*1/*36 + *36 + *10,""c.408G>C,c.1304G>C"",""p.Ser435Thr,p.Val136Val"",Het,,不确定,常规用药,常规用药,FDA Label,,""rs1058164,rs1135840"",""chr22:42130692:G>A,chr22:42129130:C>G"""	E-S23991594005.drug.tsv
"E-S23991594005,donepezil,多奈哌齐,""1898.64,1319.64"",""19,40;23,60"",0.72;0.68,CYP2D6,*1/*36 + *36 + *10,""c.408G>C,c.1304G>C"",""p.Ser435Thr,p.Val136Val"",Het,,不确定,常规用药,常规用药,FDA PGx,,""rs1058164,rs1135840"",""chr22:42130692:G>A,chr22:42129130:C>G"""	E-S23991594005.drug.tsv
"E-S23991594005,doxepin,多塞平,""1898.64,1319.64"",""19,40;23,60"",0.72;0.68,CYP2D6,*1/*36 + *36 + *10,""c.408G>C,c.1304G>C"",""p.Ser435Thr,p.Val136Val"",Het,剂量指导,不确定,常规用药,无推荐建议。,CPIC,,""rs1058164,rs1135840"",""chr22:42130692:G>A,chr22:42129130:C>G"""	E-S23991594005.drug.tsv
"E-S23991594005,eliglustat,依利格鲁司,""1898.64,1319.64"",""19,40;23,60"",0.72;0.68,CYP2D6,*1/*36 + *36 + *10,""c.408G>C,c.1304G>C"",""p.Ser435Thr,p.Val136Val"",Het,,不确定,常规用药,常规用药,DPWG,,""rs1058164,rs1135840"",""chr22:42130692:G>A,chr22:42129130:C>G"""	E-S23991594005.drug.tsv
"E-S23991594005,fesoterodine,非索罗定,""1898.64,1319.64"",""19,40;23,60"",0.72;0.68,CYP2D6,*1/*36 + *36 + *10,""c.408G>C,c.1304G>C"",""p.Ser435Thr,p.Val136Val"",Het,,不确定,常规用药,常规用药,FDA PGx,,""rs1058164,rs1135840"",""chr22:42130692:G>A,chr22:42129130:C>G"""	E-S23991594005.drug.tsv
"E-S23991594005,flecainide,氟卡尼,""1898.64,1319.64"",""19,40;23,60"",0.72;0.68,CYP2D6,*1/*36 + *36 + *10,""c.408G>C,c.1304G>C"",""p.Ser435Thr,p.Val136Val"",Het,,不确定,常规用药,常规用药,DPWG,,""rs1058164,rs1135840"",""chr22:42130692:G>A,chr22:42129130:C>G"""	E-S23991594005.drug.tsv
"E-S23991594005,fluoxetine,氟西汀,""1898.64,1319.64"",""19,40;23,60"",0.72;0.68,CYP2D6,*1/*36 + *36 + *10,""c.408G>C,c.1304G>C"",""p.Ser435Thr,p.Val136Val"",Het,,不确定,常规用药,常规用药,FDA Label,,""rs1058164,rs1135840"",""chr22:42130692:G>A,chr22:42129130:C>G"""	E-S23991594005.drug.tsv
"E-S23991594005,fluvoxamine,氟伏沙明,""1898.64,1319.64"",""19,40;23,60"",0.72;0.68,CYP2D6,*1/*36 + *36 + *10,""c.408G>C,c.1304G>C"",""p.Ser435Thr,p.Val136Val"",Het,剂量指导,不确定,常规用药,无推荐建议。,CPIC,,""rs1058164,rs1135840"",""chr22:42130692:G>A,chr22:42129130:C>G"""	E-S23991594005.drug.tsv
"E-S23991594005,galantamine,加兰他敏,""1898.64,1319.64"",""19,40;23,60"",0.72;0.68,CYP2D6,*1/*36 + *36 + *10,""c.408G>C,c.1304G>C"",""p.Ser435Thr,p.Val136Val"",Het,,不确定,常规用药,常规用药,FDA PGx,,""rs1058164,rs1135840"",""chr22:42130692:G>A,chr22:42129130:C>G"""	E-S23991594005.drug.tsv
"E-S23991594005,gefitinib,吉非替尼,""1898.64,1319.64"",""19,40;23,60"",0.72;0.68,CYP2D6,*1/*36 + *36 + *10,""c.408G>C,c.1304G>C"",""p.Ser435Thr,p.Val136Val"",Het,,不确定,常规用药,常规用药,FDA Label,,""rs1058164,rs1135840"",""chr22:42130692:G>A,chr22:42129130:C>G"""	E-S23991594005.drug.tsv
"E-S23991594005,haloperidol,氟哌啶醇,""1898.64,1319.64"",""19,40;23,60"",0.72;0.68,CYP2D6,*1/*36 + *36 + *10,""c.408G>C,c.1304G>C"",""p.Ser435Thr,p.Val136Val"",Het,,不确定,常规用药,常规用药,DPWG,,""rs1058164,rs1135840"",""chr22:42130692:G>A,chr22:42129130:C>G"""	E-S23991594005.drug.tsv
"E-S23991594005,iloperidone,伊潘立酮,""1898.64,1319.64"",""19,40;23,60"",0.72;0.68,CYP2D6,*1/*36 + *36 + *10,""c.408G>C,c.1304G>C"",""p.Ser435Thr,p.Val136Val"",Het,,不确定,常规用药,常规用药,FDA Label,,""rs1058164,rs1135840"",""chr22:42130692:G>A,chr22:42129130:C>G"""	E-S23991594005.drug.tsv
"E-S23991594005,imipramine,丙米嗪,""1898.64,1319.64"",""19,40;23,60"",0.72;0.68,CYP2D6,*1/*36 + *36 + *10,""c.408G>C,c.1304G>C"",""p.Ser435Thr,p.Val136Val"",Het,剂量指导,不确定,常规用药,无推荐建议。,CPIC,,""rs1058164,rs1135840"",""chr22:42130692:G>A,chr22:42129130:C>G"""	E-S23991594005.drug.tsv
"E-S23991594005,lofexidine,洛非西定,""1898.64,1319.64"",""19,40;23,60"",0.72;0.68,CYP2D6,*1/*36 + *36 + *10,""c.408G>C,c.1304G>C"",""p.Ser435Thr,p.Val136Val"",Het,,不确定,常规用药,常规用药,FDA Label,,""rs1058164,rs1135840"",""chr22:42130692:G>A,chr22:42129130:C>G"""	E-S23991594005.drug.tsv
"E-S23991594005,meclizine,美克洛嗪,""1898.64,1319.64"",""19,40;23,60"",0.72;0.68,CYP2D6,*1/*36 + *36 + *10,""c.408G>C,c.1304G>C"",""p.Ser435Thr,p.Val136Val"",Het,,不确定,常规用药,常规用药,FDA Label,,""rs1058164,rs1135840"",""chr22:42130692:G>A,chr22:42129130:C>G"""	E-S23991594005.drug.tsv
"E-S23991594005,metoclopramide,甲氧氯普胺,""1898.64,1319.64"",""19,40;23,60"",0.72;0.68,CYP2D6,*1/*36 + *36 + *10,""c.408G>C,c.1304G>C"",""p.Ser435Thr,p.Val136Val"",Het,,不确定,常规用药,常规用药,FDA Label,,""rs1058164,rs1135840"",""chr22:42130692:G>A,chr22:42129130:C>G"""	E-S23991594005.drug.tsv
"E-S23991594005,metoprolol,美托洛尔,""1898.64,1319.64"",""19,40;23,60"",0.72;0.68,CYP2D6,*1/*36 + *36 + *10,""c.408G>C,c.1304G>C"",""p.Ser435Thr,p.Val136Val"",Het,剂量指导,不确定,常规用药,无推荐建议。,CPIC,,""rs1058164,rs1135840"",""chr22:42130692:G>A,chr22:42129130:C>G"""	E-S23991594005.drug.tsv
"E-S23991594005,mirabegron,米拉贝隆,""1898.64,1319.64"",""19,40;23,60"",0.72;0.68,CYP2D6,*1/*36 + *36 + *10,""c.408G>C,c.1304G>C"",""p.Ser435Thr,p.Val136Val"",Het,,不确定,常规用药,常规用药,FDA PGx,,""rs1058164,rs1135840"",""chr22:42130692:G>A,chr22:42129130:C>G"""	E-S23991594005.drug.tsv
"E-S23991594005,nebivolol,奈必洛尔,""1898.64,1319.64"",""19,40;23,60"",0.72;0.68,CYP2D6,*1/*36 + *36 + *10,""c.408G>C,c.1304G>C"",""p.Ser435Thr,p.Val136Val"",Het,,不确定,常规用药,常规用药,FDA PGx,,""rs1058164,rs1135840"",""chr22:42130692:G>A,chr22:42129130:C>G"""	E-S23991594005.drug.tsv
"E-S23991594005,nortriptyline,去甲替林,""1898.64,1319.64"",""19,40;23,60"",0.72;0.68,CYP2D6,*1/*36 + *36 + *10,""c.408G>C,c.1304G>C"",""p.Ser435Thr,p.Val136Val"",Het,剂量指导,不确定,常规用药,无推荐建议。,CPIC,,""rs1058164,rs1135840"",""chr22:42130692:G>A,chr22:42129130:C>G"""	E-S23991594005.drug.tsv
"E-S23991594005,ondansetron,昂丹司琼,""1898.64,1319.64"",""19,40;23,60"",0.72;0.68,CYP2D6,*1/*36 + *36 + *10,""c.408G>C,c.1304G>C"",""p.Ser435Thr,p.Val136Val"",Het,剂量指导,不确定,常规用药,无推荐建议。,CPIC,,""rs1058164,rs1135840"",""chr22:42130692:G>A,chr22:42129130:C>G"""	E-S23991594005.drug.tsv
"E-S23991594005,paroxetine,帕罗西汀,""1898.64,1319.64"",""19,40;23,60"",0.72;0.68,CYP2D6,*1/*36 + *36 + *10,""c.408G>C,c.1304G>C"",""p.Ser435Thr,p.Val136Val"",Het,剂量指导,不确定,常规用药,无推荐建议。,CPIC,,""rs1058164,rs1135840"",""chr22:42130692:G>A,chr22:42129130:C>G"""	E-S23991594005.drug.tsv
"E-S23991594005,perphenazine,奋乃静,""1898.64,1319.64"",""19,40;23,60"",0.72;0.68,CYP2D6,*1/*36 + *36 + *10,""c.408G>C,c.1304G>C"",""p.Ser435Thr,p.Val136Val"",Het,,不确定,常规用药,常规用药,FDA PGx,,""rs1058164,rs1135840"",""chr22:42130692:G>A,chr22:42129130:C>G"""	E-S23991594005.drug.tsv
"E-S23991594005,pimozide,匹莫齐特,""1898.64,1319.64"",""19,40;23,60"",0.72;0.68,CYP2D6,*1/*36 + *36 + *10,""c.408G>C,c.1304G>C"",""p.Ser435Thr,p.Val136Val"",Het,,不确定,常规用药,常规用药,DPWG,,""rs1058164,rs1135840"",""chr22:42130692:G>A,chr22:42129130:C>G"""	E-S23991594005.drug.tsv
"E-S23991594005,pitolisant,替洛利生,""1898.64,1319.64"",""19,40;23,60"",0.72;0.68,CYP2D6,*1/*36 + *36 + *10,""c.408G>C,c.1304G>C"",""p.Ser435Thr,p.Val136Val"",Het,,不确定,常规用药,常规用药,FDA Label,,""rs1058164,rs1135840"",""chr22:42130692:G>A,chr22:42129130:C>G"""	E-S23991594005.drug.tsv
"E-S23991594005,propafenone,普罗帕酮,""1898.64,1319.64"",""19,40;23,60"",0.72;0.68,CYP2D6,*1/*36 + *36 + *10,""c.408G>C,c.1304G>C"",""p.Ser435Thr,p.Val136Val"",Het,,不确定,常规用药,常规用药,DPWG,,""rs1058164,rs1135840"",""chr22:42130692:G>A,chr22:42129130:C>G"""	E-S23991594005.drug.tsv
"E-S23991594005,propranolol,普萘洛尔,""1898.64,1319.64"",""19,40;23,60"",0.72;0.68,CYP2D6,*1/*36 + *36 + *10,""c.408G>C,c.1304G>C"",""p.Ser435Thr,p.Val136Val"",Het,,不确定,常规用药,常规用药,FDA PGx,,""rs1058164,rs1135840"",""chr22:42130692:G>A,chr22:42129130:C>G"""	E-S23991594005.drug.tsv
"E-S23991594005,protriptyline,普罗替林,""1898.64,1319.64"",""19,40;23,60"",0.72;0.68,CYP2D6,*1/*36 + *36 + *10,""c.408G>C,c.1304G>C"",""p.Ser435Thr,p.Val136Val"",Het,,不确定,常规用药,常规用药,FDA PGx,,""rs1058164,rs1135840"",""chr22:42130692:G>A,chr22:42129130:C>G"""	E-S23991594005.drug.tsv
"E-S23991594005,risperidone,利培酮,""1898.64,1319.64"",""19,40;23,60"",0.72;0.68,CYP2D6,*1/*36 + *36 + *10,""c.408G>C,c.1304G>C"",""p.Ser435Thr,p.Val136Val"",Het,,不确定,常规用药,常规用药,DPWG,,""rs1058164,rs1135840"",""chr22:42130692:G>A,chr22:42129130:C>G"""	E-S23991594005.drug.tsv
"E-S23991594005,tamoxifen,他莫昔芬,""1898.64,1319.64"",""19,40;23,60"",0.72;0.68,CYP2D6,*1/*36 + *36 + *10,""c.408G>C,c.1304G>C"",""p.Ser435Thr,p.Val136Val"",Het,剂量指导,不确定,常规用药,无推荐建议。,CPIC,,""rs1058164,rs1135840"",""chr22:42130692:G>A,chr22:42129130:C>G"""	E-S23991594005.drug.tsv
"E-S23991594005,tamsulosin,坦索罗辛,""1898.64,1319.64"",""19,40;23,60"",0.72;0.68,CYP2D6,*1/*36 + *36 + *10,""c.408G>C,c.1304G>C"",""p.Ser435Thr,p.Val136Val"",Het,,不确定,常规用药,常规用药,FDA Label,,""rs1058164,rs1135840"",""chr22:42130692:G>A,chr22:42129130:C>G"""	E-S23991594005.drug.tsv
"E-S23991594005,tetrabenazine,丁苯那嗪,""1898.64,1319.64"",""19,40;23,60"",0.72;0.68,CYP2D6,*1/*36 + *36 + *10,""c.408G>C,c.1304G>C"",""p.Ser435Thr,p.Val136Val"",Het,,不确定,常规用药,常规用药,FDA Label,,""rs1058164,rs1135840"",""chr22:42130692:G>A,chr22:42129130:C>G"""	E-S23991594005.drug.tsv
"E-S23991594005,thioridazine,硫利达嗪,""1898.64,1319.64"",""19,40;23,60"",0.72;0.68,CYP2D6,*1/*36 + *36 + *10,""c.408G>C,c.1304G>C"",""p.Ser435Thr,p.Val136Val"",Het,,不确定,常规用药,常规用药,FDA Label,,""rs1058164,rs1135840"",""chr22:42130692:G>A,chr22:42129130:C>G"""	E-S23991594005.drug.tsv
"E-S23991594005,tolterodine,托特罗定,""1898.64,1319.64"",""19,40;23,60"",0.72;0.68,CYP2D6,*1/*36 + *36 + *10,""c.408G>C,c.1304G>C"",""p.Ser435Thr,p.Val136Val"",Het,,不确定,常规用药,常规用药,FDA PGx,,""rs1058164,rs1135840"",""chr22:42130692:G>A,chr22:42129130:C>G"""	E-S23991594005.drug.tsv
"E-S23991594005,tramadol,曲马多,""1898.64,1319.64"",""19,40;23,60"",0.72;0.68,CYP2D6,*1/*36 + *36 + *10,""c.408G>C,c.1304G>C"",""p.Ser435Thr,p.Val136Val"",Het,剂量指导,不确定,常规用药,无推荐建议。,CPIC,,""rs1058164,rs1135840"",""chr22:42130692:G>A,chr22:42129130:C>G"""	E-S23991594005.drug.tsv
"E-S23991594005,trimipramine,曲米帕明,""1898.64,1319.64"",""19,40;23,60"",0.72;0.68,CYP2D6,*1/*36 + *36 + *10,""c.408G>C,c.1304G>C"",""p.Ser435Thr,p.Val136Val"",Het,剂量指导,不确定,常规用药,无推荐建议。,CPIC,,""rs1058164,rs1135840"",""chr22:42130692:G>A,chr22:42129130:C>G"""	E-S23991594005.drug.tsv
"E-S23991594005,tropisetron,托烷司琼,""1898.64,1319.64"",""19,40;23,60"",0.72;0.68,CYP2D6,*1/*36 + *36 + *10,""c.408G>C,c.1304G>C"",""p.Ser435Thr,p.Val136Val"",Het,剂量指导,不确定,常规用药,无推荐建议。,CPIC,,""rs1058164,rs1135840"",""chr22:42130692:G>A,chr22:42129130:C>G"""	E-S23991594005.drug.tsv
"E-S23991594005,valbenazine,缬苯那嗪,""1898.64,1319.64"",""19,40;23,60"",0.72;0.68,CYP2D6,*1/*36 + *36 + *10,""c.408G>C,c.1304G>C"",""p.Ser435Thr,p.Val136Val"",Het,,不确定,常规用药,常规用药,FDA Label,,""rs1058164,rs1135840"",""chr22:42130692:G>A,chr22:42129130:C>G"""	E-S23991594005.drug.tsv
"E-S23991594005,venlafaxine,文拉法辛,""1898.64,1319.64"",""19,40;23,60"",0.72;0.68,CYP2D6,*1/*36 + *36 + *10,""c.408G>C,c.1304G>C"",""p.Ser435Thr,p.Val136Val"",Het,剂量指导,不确定,常规用药,无推荐建议。,CPIC,,""rs1058164,rs1135840"",""chr22:42130692:G>A,chr22:42129130:C>G"""	E-S23991594005.drug.tsv
"E-S23991594005,viloxazine,维洛沙嗪,""1898.64,1319.64"",""19,40;23,60"",0.72;0.68,CYP2D6,*1/*36 + *36 + *10,""c.408G>C,c.1304G>C"",""p.Ser435Thr,p.Val136Val"",Het,,不确定,常规用药,常规用药,FDA PGx,,""rs1058164,rs1135840"",""chr22:42130692:G>A,chr22:42129130:C>G"""	E-S23991594005.drug.tsv
"E-S23991594005,vortioxetine,伏硫西汀,""1898.64,1319.64"",""19,40;23,60"",0.72;0.68,CYP2D6,*1/*36 + *36 + *10,""c.408G>C,c.1304G>C"",""p.Ser435Thr,p.Val136Val"",Het,剂量指导,不确定,常规用药,无推荐建议。,CPIC,,""rs1058164,rs1135840"",""chr22:42130692:G>A,chr22:42129130:C>G"""	E-S23991594005.drug.tsv
"E-S23991594005,zuclopenthixol,珠氯噻醇,""1898.64,1319.64"",""19,40;23,60"",0.72;0.68,CYP2D6,*1/*36 + *36 + *10,""c.408G>C,c.1304G>C"",""p.Ser435Thr,p.Val136Val"",Het,,不确定,常规用药,常规用药,DPWG,,""rs1058164,rs1135840"",""chr22:42130692:G>A,chr22:42129130:C>G"""	E-S23991594005.drug.tsv
E-S23991594005,quetiapine,喹硫平,.,.,.,CYP3A4,*1/*1,.,.,Hom,剂量指导,正常代谢型,常规用药,该指南未对正常代谢者使用喹硫平提供建议。,DPWG,,.,.	E-S23991594005.drug.tsv
"E-S23991594005,tacrolimus,他克莫司,648.64,""24,22"",0.48,CYP3A5,*1/*3,c.*467-1A>G,,Het,""剂量指导, 预测疗效"",中间代谢型,增加剂量,将起始剂量增加至推荐剂量的1.5到2倍，并使用治疗药物监测指导剂量调整。,CPIC,,rs776746,chr7:99672916:T>C"	E-S23991594005.drug.tsv
"E-S23991594005,warfarin,华法林,157.64,""31,9"",0.22,CYP4F2,*1/*17,c.1414A>G,p.Thr472Ala,Het,剂量指导,.,降低剂量,未找到指南。,CPIC,,rs4020346,chr19:15878920:T>C"	E-S23991594005.drug.tsv
"E-S23991594005,capecitabine,卡培他滨,""1139.64,625.64"",""26,22;23,36"",0.46;0.61,DPYD,c.85T>C (*9A)/c.1896T>C,""c.1896T>C,c.85T>C"",""p.Cys29Arg,p.Phe632Phe"",Het,剂量指导,.,遵医嘱用药,根据基因型，没有迹象表明需要改变剂量或疗法，应按标签推荐使用。,CPIC,,""rs17376848,rs1801265"",""chr1:97883329:A>G,chr1:97450068:A>G"""	E-S23991594005.drug.tsv
"E-S23991594005,flucytosine,氟胞嘧啶,""1139.64,625.64"",""26,22;23,36"",0.46;0.61,DPYD,c.85T>C (*9A)/c.1896T>C,""c.1896T>C,c.85T>C"",""p.Cys29Arg,p.Phe632Phe"",Het,剂量指导,.,常规用药,指南未对DPYD活性评分为2的患者使用氟胞嘧啶提供推荐。,DPWG,,""rs17376848,rs1801265"",""chr1:97883329:A>G,chr1:97450068:A>G"""	E-S23991594005.drug.tsv
"E-S23991594005,fluorouracil,氟尿嘧啶,""1139.64,625.64"",""26,22;23,36"",0.46;0.61,DPYD,c.85T>C (*9A)/c.1896T>C,""c.1896T>C,c.85T>C"",""p.Cys29Arg,p.Phe632Phe"",Het,剂量指导,.,遵医嘱用药,根据基因型，没有迹象表明需要改变剂量或疗法，应按标签推荐使用。,CPIC,,""rs17376848,rs1801265"",""chr1:97883329:A>G,chr1:97450068:A>G"""	E-S23991594005.drug.tsv
"E-S23991594005,tegafur,替加氟,""1139.64,625.64"",""26,22;23,36"",0.46;0.61,DPYD,c.85T>C (*9A)/c.1896T>C,""c.1896T>C,c.85T>C"",""p.Cys29Arg,p.Phe632Phe"",Het,剂量指导,.,常规用药,该指南未对DPYD活性评分为2的患者使用替加氟提供建议。,DPWG,,""rs17376848,rs1801265"",""chr1:97883329:A>G,chr1:97450068:A>G"""	E-S23991594005.drug.tsv
E-S23991594005,bupivacaine,布比卡因,.,.,.,G6PD,B (reference)/B (reference),.,.,Hom,,.,常规用药,常规用药,FDA Label,,.,.	E-S23991594005.drug.tsv
E-S23991594005,chloroquine,氯喹,.,.,.,G6PD,B (reference)/B (reference),.,.,Hom,,.,常规用药,常规用药,FDA Label,,.,.	E-S23991594005.drug.tsv
E-S23991594005,chlorpropamide,氯磺丙脲,.,.,.,G6PD,B (reference)/B (reference),.,.,Hom,,.,常规用药,常规用药,FDA Label,,.,.	E-S23991594005.drug.tsv
E-S23991594005,dabrafenib,达拉非尼,.,.,.,G6PD,B (reference)/B (reference),.,.,Hom,,.,常规用药,常规用药,FDA Label,,.,.	E-S23991594005.drug.tsv
E-S23991594005,dapsone,氨苯砜,.,.,.,G6PD,B (reference)/B (reference),.,.,Hom,不良反应预测,.,常规用药,根据G6PD状态，没有理由避免使用该药物。,CPIC,,.,.	E-S23991594005.drug.tsv
E-S23991594005,flutamide,氟他胺,.,.,.,G6PD,B (reference)/B (reference),.,.,Hom,,.,常规用药,常规用药,FDA Label,,.,.	E-S23991594005.drug.tsv
E-S23991594005,glimepiride,格列美脲,.,.,.,G6PD,B (reference)/B (reference),.,.,Hom,,.,常规用药,常规用药,FDA Label,,.,.	E-S23991594005.drug.tsv
E-S23991594005,glipizide,格列吡嗪,.,.,.,G6PD,B (reference)/B (reference),.,.,Hom,,.,常规用药,常规用药,FDA Label,,.,.	E-S23991594005.drug.tsv
E-S23991594005,glyburide,格列本脲,.,.,.,G6PD,B (reference)/B (reference),.,.,Hom,,.,常规用药,常规用药,FDA Label,,.,.	E-S23991594005.drug.tsv
E-S23991594005,hydroxychloroquine,羟氯喹,.,.,.,G6PD,B (reference)/B (reference),.,.,Hom,,.,常规用药,常规用药,FDA Label,,.,.	E-S23991594005.drug.tsv
E-S23991594005,mepivacaine,甲哌卡因,.,.,.,G6PD,B (reference)/B (reference),.,.,Hom,,.,常规用药,常规用药,FDA Label,,.,.	E-S23991594005.drug.tsv
E-S23991594005,methylene blue,亚甲蓝,.,.,.,G6PD,B (reference)/B (reference),.,.,Hom,不良反应预测,.,常规用药,根据G6PD状态，没有理由避免使用该药物。,CPIC,,.,.	E-S23991594005.drug.tsv
E-S23991594005,moviprep,复方聚乙二醇电解质,.,.,.,G6PD,B (reference)/B (reference),.,.,Hom,,.,常规用药,常规用药,FDA Label,,.,.	E-S23991594005.drug.tsv
E-S23991594005,nalidixic acid,萘啶酸,.,.,.,G6PD,B (reference)/B (reference),.,.,Hom,,.,常规用药,常规用药,FDA Label,,.,.	E-S23991594005.drug.tsv
E-S23991594005,nitrofurantoin,呋喃妥因,.,.,.,G6PD,B (reference)/B (reference),.,.,Hom,不良反应预测,.,常规用药,根据G6PD状态，没有理由避免使用该药物。,CPIC,,.,.	E-S23991594005.drug.tsv
E-S23991594005,pegloticase,聚乙二醇化尿酸酶,.,.,.,G6PD,B (reference)/B (reference),.,.,Hom,不良反应预测,.,常规用药,根据G6PD状态，没有理由避免使用该药物。,CPIC,,.,.	E-S23991594005.drug.tsv
E-S23991594005,primaquine,伯氨喹,.,.,.,G6PD,B (reference)/B (reference),.,.,Hom,不良反应预测,.,常规用药,根据G6PD状态，没有理由避免使用该药物。,CPIC,,.,.	E-S23991594005.drug.tsv
E-S23991594005,rasburicase,拉布立酶,.,.,.,G6PD,B (reference)/B (reference),.,.,Hom,不良反应预测,.,常规用药,根据G6PD状态，没有理由避免使用该药物。,CPIC,,.,.	E-S23991594005.drug.tsv
E-S23991594005,sodium ascorbate,抗坏血酸钠,.,.,.,G6PD,B (reference)/B (reference),.,.,Hom,,.,常规用药,常规用药,FDA Label,,.,.	E-S23991594005.drug.tsv
E-S23991594005,sodium nitrite,亚硝酸钠,.,.,.,G6PD,B (reference)/B (reference),.,.,Hom,,.,常规用药,常规用药,FDA Label,,.,.	E-S23991594005.drug.tsv
E-S23991594005,sulfasalazine,柳氮磺吡啶,.,.,.,G6PD,B (reference)/B (reference),.,.,Hom,,.,常规用药,常规用药,FDA Label,,.,.	E-S23991594005.drug.tsv
E-S23991594005,tafenoquine,他非诺喹,.,.,.,G6PD,B (reference)/B (reference),.,.,Hom,不良反应预测,.,常规用药,根据G6PD状态，没有理由避免使用该药物。,CPIC,,.,.	E-S23991594005.drug.tsv
E-S23991594005,tolazamide,妥拉磺脲,.,.,.,G6PD,B (reference)/B (reference),.,.,Hom,,.,常规用药,常规用药,FDA Label,,.,.	E-S23991594005.drug.tsv
E-S23991594005,tolbutamide,甲苯磺丁脲,.,.,.,G6PD,B (reference)/B (reference),.,.,Hom,,.,常规用药,常规用药,FDA Label,,.,.	E-S23991594005.drug.tsv
E-S23991594005,toluidine blue,甲苯胺蓝,.,.,.,G6PD,B (reference)/B (reference),.,.,Hom,不良反应预测,.,常规用药,根据G6PD状态，没有理由避免使用该药物。,CPIC,,.,.	E-S23991594005.drug.tsv
E-S23991594005,carbamazepine,卡马西平,.,.,.,HLA-A,*11:01/*30:01,.,.,Het,剂量指导,.,常规用药,按照标准给药指南使用卡马西平。,CPIC,,.,.	E-S23991594005.drug.tsv
E-S23991594005,abacavir,阿巴卡韦,.,.,.,HLA-B,*13:02/*18:01,.,.,Het,剂量指导,.,常规用药,按照标准给药指南使用阿巴卡韦。,CPIC,,.,.	E-S23991594005.drug.tsv
E-S23991594005,allopurinol,别嘌醇,.,.,.,HLA-B,*13:02/*18:01,.,.,Het,剂量指导,.,常规用药,按照标准给药指南使用别嘌醇。,CPIC,,.,.	E-S23991594005.drug.tsv
E-S23991594005,carbamazepine,卡马西平,.,.,.,HLA-B,*13:02/*18:01,.,.,Het,剂量指导,.,常规用药,按照标准给药指南使用卡马西平。,CPIC,,.,.	E-S23991594005.drug.tsv
E-S23991594005,flucloxacillin,氟氯西林,.,.,.,HLA-B,*13:02/*18:01,.,.,Het,,.,常规用药,常规用药,DPWG,,.,.	E-S23991594005.drug.tsv
E-S23991594005,fosphenytoin,磷苯妥英,.,.,.,HLA-B,*13:02/*18:01,.,.,Het,剂量指导,.,常规用药,无需调整常规给药策略，但后续剂量应根据药物监测和临床反应调整。,CPIC,,.,.	E-S23991594005.drug.tsv
E-S23991594005,lamotrigine,拉莫三嗪,.,.,.,HLA-B,*13:02/*18:01,.,.,Het,剂量指导,.,常规用药,指南未对HLA-B*15:02阴性的患者使用拉莫三嗪提供推荐。,DPWG,,.,.	E-S23991594005.drug.tsv
E-S23991594005,oxcarbazepine,奥卡西平,.,.,.,HLA-B,*13:02/*18:01,.,.,Het,剂量指导,.,常规用药,按照标准给药指南使用奥卡西平。,CPIC,,.,.	E-S23991594005.drug.tsv
E-S23991594005,pazopanib,帕唑帕尼,.,.,.,HLA-B,*13:02/*18:01,.,.,Het,,.,常规用药,常规用药,FDA PGx,,.,.	E-S23991594005.drug.tsv
E-S23991594005,phenytoin,苯妥英,.,.,.,HLA-B,*13:02/*18:01,.,.,Het,剂量指导,.,常规用药,无需调整常规给药策略，但后续剂量应根据药物监测和临床反应调整。,CPIC,,.,.	E-S23991594005.drug.tsv
"E-S23991594005,peginterferon alfa-2a,聚乙二醇干扰素α-2a,389.64,""10,14"",0.58,IFNL3,rs12979860 reference (C)/rs12979860 variant (T),c.-3070G>A,,Het,,.,常规用药,常规用药,CPIC,,rs12979860,chr22:42126611:C>G"	E-S23991594005.drug.tsv
"E-S23991594005,peginterferon alfa-2b,聚乙二醇干扰素α-2b,389.64,""10,14"",0.58,IFNL3,rs12979860 reference (C)/rs12979860 variant (T),c.-3070G>A,,Het,,.,常规用药,常规用药,CPIC,,rs12979860,chr22:42126611:C>G"	E-S23991594005.drug.tsv
"E-S23991594005,ribavirin,利巴韦林,389.64,""10,14"",0.58,IFNL3,rs12979860 reference (C)/rs12979860 variant (T),c.-3070G>A,,Het,,.,常规用药,常规用药,CPIC,,rs12979860,chr22:42126611:C>G"	E-S23991594005.drug.tsv
"E-S23991594005,amikacin,阿米卡星,.,.,.,MT-RNR1,Reference,.,.,.,""剂量指导, 预测毒副作用"",氨基糖苷类药物诱导听力损失风险正常,常规用药,以标准剂量使用氨基糖苷类抗生素，疗程尽可能短，并进行治疗剂量监测和定期听力评估。,CPIC,,.,."	E-S23991594005.drug.tsv
"E-S23991594005,dibekacin,地贝卡星,.,.,.,MT-RNR1,Reference,.,.,.,""剂量指导, 预测毒副作用"",氨基糖苷类药物诱导听力损失风险正常,常规用药,以标准剂量使用氨基糖苷类抗生素，疗程尽可能短，并进行治疗剂量监测和定期听力评估。,CPIC,,.,."	E-S23991594005.drug.tsv
"E-S23991594005,gentamicin,庆大霉素,.,.,.,MT-RNR1,Reference,.,.,.,""剂量指导, 预测毒副作用"",氨基糖苷类药物诱导听力损失风险正常,常规用药,以标准剂量使用氨基糖苷类抗生素，疗程尽可能短，并进行治疗剂量监测和定期听力评估。,CPIC,,.,."	E-S23991594005.drug.tsv
"E-S23991594005,kanamycin,卡那霉素,.,.,.,MT-RNR1,Reference,.,.,.,""剂量指导, 预测毒副作用"",氨基糖苷类药物诱导听力损失风险正常,常规用药,以标准剂量使用氨基糖苷类抗生素，疗程尽可能短，并进行治疗剂量监测和定期听力评估。,CPIC,,.,."	E-S23991594005.drug.tsv
"E-S23991594005,neomycin,新霉素,.,.,.,MT-RNR1,Reference,.,.,.,""剂量指导, 预测毒副作用"",氨基糖苷类药物诱导听力损失风险正常,常规用药,以标准剂量使用氨基糖苷类抗生素，疗程尽可能短，并进行治疗剂量监测和定期听力评估。,CPIC,,.,."	E-S23991594005.drug.tsv
"E-S23991594005,netilmicin,奈替米星,.,.,.,MT-RNR1,Reference,.,.,.,""剂量指导, 预测毒副作用"",氨基糖苷类药物诱导听力损失风险正常,常规用药,以标准剂量使用氨基糖苷类抗生素，疗程尽可能短，并进行治疗剂量监测和定期听力评估。,CPIC,,.,."	E-S23991594005.drug.tsv
"E-S23991594005,paromomycin,巴龙霉素,.,.,.,MT-RNR1,Reference,.,.,.,""剂量指导, 预测毒副作用"",氨基糖苷类药物诱导听力损失风险正常,常规用药,以标准剂量使用氨基糖苷类抗生素，疗程尽可能短，并进行治疗剂量监测和定期听力评估。,CPIC,,.,."	E-S23991594005.drug.tsv
"E-S23991594005,plazomicin,普拉佐米星,.,.,.,MT-RNR1,Reference,.,.,.,""剂量指导, 预测毒副作用"",氨基糖苷类药物诱导听力损失风险正常,常规用药,以标准剂量使用氨基糖苷类抗生素，疗程尽可能短，并进行治疗剂量监测和定期听力评估。,CPIC,,.,."	E-S23991594005.drug.tsv
"E-S23991594005,ribostamycin,核糖霉素,.,.,.,MT-RNR1,Reference,.,.,.,""剂量指导, 预测毒副作用"",氨基糖苷类药物诱导听力损失风险正常,常规用药,以标准剂量使用氨基糖苷类抗生素，疗程尽可能短，并进行治疗剂量监测和定期听力评估。,CPIC,,.,."	E-S23991594005.drug.tsv
"E-S23991594005,streptomycin,链霉素,.,.,.,MT-RNR1,Reference,.,.,.,""剂量指导, 预测毒副作用"",氨基糖苷类药物诱导听力损失风险正常,常规用药,以标准剂量使用氨基糖苷类抗生素，疗程尽可能短，并进行治疗剂量监测和定期听力评估。,CPIC,,.,."	E-S23991594005.drug.tsv
"E-S23991594005,tobramycin,妥布霉素,.,.,.,MT-RNR1,Reference,.,.,.,""剂量指导, 预测毒副作用"",氨基糖苷类药物诱导听力损失风险正常,常规用药,以标准剂量使用氨基糖苷类抗生素，疗程尽可能短，并进行治疗剂量监测和定期听力评估。,CPIC,,.,."	E-S23991594005.drug.tsv
E-S23991594005,azathioprine,硫唑嘌呤,.,.,.,NUDT15,*1/*1,.,.,Hom,剂量指导,正常代谢型,遵医嘱用药,硫唑嘌呤应以正常剂量开始并根据指南调整，每次调整后需2周达到稳态。,CPIC,,.,.	E-S23991594005.drug.tsv
E-S23991594005,mercaptopurine,巯嘌呤,.,.,.,NUDT15,*1/*1,.,.,Hom,剂量指导,正常代谢型,常规用药,以正常起始剂量开始使用巯嘌呤，并同等调整所有骨髓抑制性治疗。,CPIC,,.,.	E-S23991594005.drug.tsv
E-S23991594005,thioguanine,硫鸟嘌呤,.,.,.,NUDT15,*1/*1,.,.,Hom,剂量指导,正常代谢型,常规用药,以正常起始剂量开始使用硫鸟嘌呤，并同等调整所有骨髓抑制性治疗。,CPIC,,.,.	E-S23991594005.drug.tsv
"E-S23991594005,desflurane,地氟烷,400.64,""13,16"",0.55,RYR1,Reference/Reference,c.152C>A,p.Thr51Asn,Hom,预测毒副作用,易感性不确定,换药或遵医嘱用药,临床发现、家族史、进一步的基因检测和其他实验室数据应指导卤代挥发性麻醉剂或去极化肌松药的使用。,CPIC,,rs193922749,chr19:39248147:C>T"	E-S23991594005.drug.tsv
"E-S23991594005,enflurane,恩氟烷,400.64,""13,16"",0.55,RYR1,Reference/Reference,c.152C>A,p.Thr51Asn,Hom,预测毒副作用,易感性不确定,换药或遵医嘱用药,临床发现、家族史、进一步的基因检测和其他实验室数据应指导卤代挥发性麻醉剂或去极化肌松药的使用。,CPIC,,rs193922749,chr19:39248147:C>T"	E-S23991594005.drug.tsv
"E-S23991594005,halothane,氟烷,400.64,""13,16"",0.55,RYR1,Reference/Reference,c.152C>A,p.Thr51Asn,Hom,预测毒副作用,易感性不确定,换药或遵医嘱用药,临床发现、家族史、进一步的基因检测和其他实验室数据应指导卤代挥发性麻醉剂或去极化肌松药的使用。,CPIC,,rs193922749,chr19:39248147:C>T"	E-S23991594005.drug.tsv
"E-S23991594005,isoflurane,异氟烷,400.64,""13,16"",0.55,RYR1,Reference/Reference,c.152C>A,p.Thr51Asn,Hom,预测毒副作用,易感性不确定,换药或遵医嘱用药,临床发现、家族史、进一步的基因检测和其他实验室数据应指导卤代挥发性麻醉剂或去极化肌松药的使用。,CPIC,,rs193922749,chr19:39248147:C>T"	E-S23991594005.drug.tsv
"E-S23991594005,methoxyflurane,甲氧氟烷,400.64,""13,16"",0.55,RYR1,Reference/Reference,c.152C>A,p.Thr51Asn,Hom,预测毒副作用,易感性不确定,换药或遵医嘱用药,临床发现、家族史、进一步的基因检测和其他实验室数据应指导卤代挥发性麻醉剂或去极化肌松药的使用。,CPIC,,rs193922749,chr19:39248147:C>T"	E-S23991594005.drug.tsv
"E-S23991594005,sevoflurane,七氟烷,400.64,""13,16"",0.55,RYR1,Reference/Reference,c.152C>A,p.Thr51Asn,Hom,预测毒副作用,易感性不确定,换药或遵医嘱用药,临床发现、家族史、进一步的基因检测和其他实验室数据应指导卤代挥发性麻醉剂或去极化肌松药的使用。,CPIC,,rs193922749,chr19:39248147:C>T"	E-S23991594005.drug.tsv
"E-S23991594005,succinylcholine,琥珀胆碱,400.64,""13,16"",0.55,RYR1,Reference/Reference,c.152C>A,p.Thr51Asn,Hom,预测毒副作用,易感性不确定,换药或遵医嘱用药,临床发现、家族史、进一步的基因检测和其他实验室数据应指导卤代挥发性麻醉剂或去极化肌松药的使用。,CPIC,,rs193922749,chr19:39248147:C>T"	E-S23991594005.drug.tsv
"E-S23991594005,atorvastatin,阿托伐他汀,""780.64,684.64"",""22,29;28,26"",0.57;0.48,SLCO1B1,*1/*15,""c.388A>G,c.521T>C"",""p.Asn130Asp,p.Val174Ala"",Het,""剂量指导, 不良反应预测"",功能降低,降低剂量,阿托伐他汀的起始剂量不应超过40毫克，如需更高剂量以达疗效，应考虑联合治疗。,CPIC,,""rs4149056,rs2306283"",""chr12:21178615:T>C,chr12:21176804:A>G"""	E-S23991594005.drug.tsv
"E-S23991594005,elagolix,艾拉戈利,""780.64,684.64"",""22,29;28,26"",0.57;0.48,SLCO1B1,*1/*15,""c.388A>G,c.521T>C"",""p.Asn130Asp,p.Val174Ala"",Het,,功能降低,常规用药,常规用药,FDA PGx,,""rs4149056,rs2306283"",""chr12:21178615:T>C,chr12:21176804:A>G"""	E-S23991594005.drug.tsv
"E-S23991594005,fluvastatin,氟伐他汀,""780.64,684.64"",""22,29;28,26"",0.57;0.48,SLCO1B1,*1/*15,""c.388A>G,c.521T>C"",""p.Asn130Asp,p.Val174Ala"",Het,""剂量指导, 不良反应预测"",功能降低,遵医嘱用药,按期望的起始剂量处方氟伐他汀，并注意当剂量超过40毫克/天时肌病风险可能增加。,CPIC,,""rs4149056,rs2306283"",""chr12:21178615:T>C,chr12:21176804:A>G"""	E-S23991594005.drug.tsv
"E-S23991594005,lovastatin,洛伐他汀,""780.64,684.64"",""22,29;28,26"",0.57;0.48,SLCO1B1,*1/*15,""c.388A>G,c.521T>C"",""p.Asn130Asp,p.Val174Ala"",Het,""剂量指导, 不良反应预测"",功能降低,降低剂量或换药,处方替代的他汀类药物，若必须使用洛伐他汀，则日剂量限制在20毫克以内。,CPIC,,""rs4149056,rs2306283"",""chr12:21178615:T>C,chr12:21176804:A>G"""	E-S23991594005.drug.tsv
"E-S23991594005,pitavastatin,匹伐他汀,""780.64,684.64"",""22,29;28,26"",0.57;0.48,SLCO1B1,*1/*15,""c.388A>G,c.521T>C"",""p.Asn130Asp,p.Val174Ala"",Het,""剂量指导, 不良反应预测"",功能降低,降低剂量或换药,匹伐他汀的起始剂量不应超过2毫克，如需更高剂量以达疗效，应考虑替代或联合疗法。,CPIC,,""rs4149056,rs2306283"",""chr12:21178615:T>C,chr12:21176804:A>G"""	E-S23991594005.drug.tsv
"E-S23991594005,pravastatin,普伐他汀,""780.64,684.64"",""22,29;28,26"",0.57;0.48,SLCO1B1,*1/*15,""c.388A>G,c.521T>C"",""p.Asn130Asp,p.Val174Ala"",Het,""剂量指导, 不良反应预测"",功能降低,遵医嘱用药,普伐他汀应从期望剂量开始并根据指南调整，每日剂量大于40毫克时需警惕肌病风险增加。,CPIC,,""rs4149056,rs2306283"",""chr12:21178615:T>C,chr12:21176804:A>G"""	E-S23991594005.drug.tsv
"E-S23991594005,rosuvastatin,瑞舒伐他汀,""780.64,684.64"",""22,29;28,26"",0.57;0.48,SLCO1B1,*1/*15,""c.388A>G,c.521T>C"",""p.Asn130Asp,p.Val174Ala"",Het,剂量指导,功能降低,降低剂量或换药,瑞舒伐他汀的起始剂量不应高于10毫克；如需更高剂量，应考虑换用其他他汀类药物或联合治疗。,CPIC,,""rs4149056,rs2306283"",""chr12:21178615:T>C,chr12:21176804:A>G"""	E-S23991594005.drug.tsv
"E-S23991594005,simvastatin,辛伐他汀,""780.64,684.64"",""22,29;28,26"",0.57;0.48,SLCO1B1,*1/*15,""c.388A>G,c.521T>C"",""p.Asn130Asp,p.Val174Ala"",Het,""剂量指导, 不良反应预测"",功能降低,降低剂量或换药,建议处方替代他汀类药物；若必须使用辛伐他汀，剂量应限制在每天20毫克以下。,CPIC,,""rs4149056,rs2306283"",""chr12:21178615:T>C,chr12:21176804:A>G"""	E-S23991594005.drug.tsv
E-S23991594005,azathioprine,硫唑嘌呤,.,.,.,TPMT,*1/*1,.,.,Hom,剂量指导,正常代谢型,遵医嘱用药,硫唑嘌呤应以正常剂量开始并根据指南调整，每次调整后需2周达到稳态。,CPIC,,.,.	E-S23991594005.drug.tsv
E-S23991594005,mercaptopurine,巯嘌呤,.,.,.,TPMT,*1/*1,.,.,Hom,剂量指导,正常代谢型,常规用药,以正常起始剂量开始使用巯嘌呤，并同等调整所有骨髓抑制性治疗。,CPIC,,.,.	E-S23991594005.drug.tsv
E-S23991594005,thioguanine,硫鸟嘌呤,.,.,.,TPMT,*1/*1,.,.,Hom,剂量指导,正常代谢型,常规用药,以正常起始剂量开始使用硫鸟嘌呤，并同等调整所有骨髓抑制性治疗。,CPIC,,.,.	E-S23991594005.drug.tsv
E-S23991594005,atazanavir,阿扎那韦,.,.,.,UGT1A1,*1/*1,.,.,Hom,不良反应预测,正常代谢型,常规用药，监测胆红素,无需根据UGT1A1基因检测结果避免使用阿扎那韦，但应告知患者其基因型导致因黄疸停药的可能性很低。,CPIC,,.,.	E-S23991594005.drug.tsv
E-S23991594005,belinostat,贝利司他,.,.,.,UGT1A1,*1/*1,.,.,Hom,,正常代谢型,常规用药,常规用药,FDA Label,,.,.	E-S23991594005.drug.tsv
E-S23991594005,dolutegravir,多替拉韦,.,.,.,UGT1A1,*1/*1,.,.,Hom,,正常代谢型,常规用药,常规用药,FDA PGx,,.,.	E-S23991594005.drug.tsv
E-S23991594005,irinotecan,伊立替康,.,.,.,UGT1A1,*1/*1,.,.,Hom,剂量指导,正常代谢型,常规用药,该指南未对正常代谢者使用伊立替康提供建议。,DPWG,,.,.	E-S23991594005.drug.tsv
E-S23991594005,nilotinib,尼洛替尼,.,.,.,UGT1A1,*1/*1,.,.,Hom,,正常代谢型,常规用药,常规用药,FDA PGx,,.,.	E-S23991594005.drug.tsv
E-S23991594005,pazopanib,帕唑帕尼,.,.,.,UGT1A1,*1/*1,.,.,Hom,,正常代谢型,常规用药,常规用药,FDA PGx,,.,.	E-S23991594005.drug.tsv
E-S23991594005,raltegravir,拉替拉韦,.,.,.,UGT1A1,*1/*1,.,.,Hom,,正常代谢型,常规用药,常规用药,FDA PGx,,.,.	E-S23991594005.drug.tsv
E-S23991594005,sacituzumab govitecan,戈沙妥珠单抗,.,.,.,UGT1A1,*1/*1,.,.,Hom,,正常代谢型,常规用药,常规用药,FDA Label,,.,.	E-S23991594005.drug.tsv
"E-S23991594005,acenocoumarol,醋硝香豆素,1271.64,""28,38"",0.58,VKORC1,rs9923231 reference (C)/rs9923231 variant (T),c.-1639G>A,,Het,剂量指导,.,常规用药,该基因-药物相互作用无需采取任何措施。,DPWG,,rs9923231,chr16:31096368:C>T"	E-S23991594005.drug.tsv
"E-S23991594005,phenprocoumon,苯丙香豆素,1271.64,""28,38"",0.58,VKORC1,rs9923231 reference (C)/rs9923231 variant (T),c.-1639G>A,,Het,剂量指导,.,常规用药,该基因-药物相互作用无需采取任何措施。,DPWG,,rs9923231,chr16:31096368:C>T"	E-S23991594005.drug.tsv
"E-S23991594005,warfarin,华法林,1271.64,""28,38"",0.58,VKORC1,rs9923231 reference (C)/rs9923231 variant (T),c.-1639G>A,,Het,剂量指导,.,常规用药,该基因-药物相互作用无需采取任何措施。,CPIC,,rs9923231,chr16:31096368:C>T"	E-S23991594005.drug.tsv
