sample_id,ABCG2_x,CACNA1S_x,CFTR,CYP2B6_x,CYP2C19_x,CYP2C9_x,CYP2D6_x,CYP3A4,CYP3A5_x,CYP4F2_x,DPYD_x,G6PD_x,HLA-A_x,HLA-B_x,IFNL3_x,MT-RNR1_x,NUDT15_x,RYR1_x,SLCO1B1_x,TPMT_x,UGT1A1_x,VKORC1_x,sample_id_x,biosample_id,sample_id_y,CYP2C19_y,G6PD_y,CYP2D6_y,VKORC1_y,CYP2C9_y,CYP4F2_y,ALDH2,NAT2,SLCO1B1_y,APOE,NAT1,F2,F5,MT-RNR1_y,HLA-B_y,IFNL3_y,TPMT_y,NUDT15_y,DPYD_y,UGT1A1_y,CYP3A5_y,BCHE,CACNA1S_y,RYR1_y,HLA-A_y,CYP2B6_y,ABCG2_y
1900488749C,rs2231142 reference (G)/rs2231142 reference (G),Reference/Reference,Reference/Reference,*1/*6,*1/*2,*1/*1,*10/*36 + *10,*1/*1,*1/*1,*1/*17,c.85T>C (*9A) (heterozygous),B (reference)/B (reference),*02:01/*11:01,*07:02/*15:01,rs12979860 reference (C)/rs12979860 reference (C),Reference,*1/*1,Reference/Reference,*15/*37,*1/*1,*1/*1,rs9923231 variant (T)/rs9923231 variant (T),1900488749C,E-B19604489183,E-B19604489183,*1/*2,.,*10/*10,AA(rs9923231),*1/*1,.,.,*6/*7,TC(rs4149056),.,*4/*4,.,.,.,*48:03/*55:02,.,*1/*1,*1/*1,*1/*1,*1/*1,*1/*1,GA(rs1803274),.,.,*02:06/*11:01,*1/*6,.
1900610963C,rs2231142 reference (G)/rs2231142 reference (G),Reference/Reference,Reference/Reference,*1/*6,*1/*38,*1/*3,*10/*36 + *10,*1/*1,*3/*3,*1/*17,c.85T>C (*9A) (heterozygous),B (reference)/B (reference),*02:01/*11:01,*07:02/*15:01,rs12979860 reference (C)/rs12979860 reference (C),Reference,*1/*6,Reference/Reference,*1/*37,*1/*1,*1/*1,rs9923231 variant (T)/rs9923231 variant (T),1900610963C,E-B19966536638,E-B19966536638,*1/*1,.,*1/*10,AA(rs9923231),*1/*3,.,GA(rs671),*4/*4,.,.,*4/*4,.,.,.,*15:18/*51:01,.,*1/*1,*1/*1,*1/*1,*1/*1,*3/*3,.,.,.,*02:01/*24:02,*1/*6,.
1900646106C,rs2231142 reference (G)/rs2231142 variant (T),Reference/Reference,Reference/Reference,*1/*1,*1/*1,*1/*1,*10/*36 + *10,*1/*1,*3/*3,*4/*17,c.1896T>C (heterozygous),B (reference)/B (reference),*02:01/*11:01,*07:02/*15:01,rs12979860 reference (C)/rs12979860 reference (C),Reference,*1/*1,Reference/Reference,*37/*45,*1/*1,*1/*6,rs9923231 variant (T)/rs9923231 variant (T),1900646106C,E-B19435249735,E-B19435249735,*1/*1,.,*10/*10,AA(rs9923231),*1/*1,GA(rs2108622),.,*4/*5,.,.,*4/*4,.,.,.,*15:01/*27:04,.,*1/*1,*1/*1,*1/*1,*1/*6,*3/*3,.,.,.,*02:07/*11:02,*1/*1,CA(rs2231142)
1900499393C,rs2231142 variant (T)/rs2231142 variant (T),Reference/Reference,Reference/Reference,*1/*1,*1/*2,*1/*1,*10/*36 + *10,*1/*1,*1/*3,*4/*17,c.85T>C (*9A)/c.1627A>G (*5),B (reference)/B (reference),*02:01/*11:01,*07:02/*15:01,rs12979860 reference (C)/rs12979860 reference (C),Reference,,Reference/Reference,*1/*16,*1/*1,*1/*6,rs9923231 variant (T)/rs9923231 variant (T),1900499393C,E-B19351031756,E-B19351031756,*1/*2,.,*10/*14,AA(rs9923231),*1/*1,GA(rs2108622),.,*4/*4,.,.,*4/*4,.,.,.,*15:02/*40:01,.,*1/*1,*1/*3,*1/*1,*1/*6,*1/*3,.,.,.,*02:07/*11:01,*1/*1,AA(rs2231142)
1900581556C,rs2231142 variant (T)/rs2231142 variant (T),Reference/Reference,Reference/Reference,*1/*1,*1/*2,*1/*1,*10/*36 + *10,*1/*1,*3/*3,*1/*1,Reference/Reference,B (reference)/B (reference),*02:01/*11:01,*07:02/*15:01,rs12979860 reference (C)/rs12979860 reference (C),Reference,*1/*1,Reference/Reference,*1/*37,*1/*1,*1/*1,rs9923231 variant (T)/rs9923231 variant (T),1900581556C,E-B19836771714,E-B19836771714,*1/*2,.,*1/*10,AA(rs9923231),*1/*1,.,.,*4/*6,.,.,*4/*4,.,.,.,*07:05/*54:01,.,*1/*1,*1/*1,*1/*1,*1/*1,*3/*3,AA(rs1803274),.,.,*29:01/*68:01,*1/*1,AA(rs2231142)
1900490795C,rs2231142 reference (G)/rs2231142 reference (G),Reference/Reference,Reference/Reference,*4/*6,*1/*2,*1/*1,*10/*36 + *10,*1/*1,*1/*3,*3/*17,c.1627A>G (*5) (heterozygous),B (reference)/B (reference),*02:01/*11:01,*07:02/*15:01,rs12979860 reference (C)/rs12979860 reference (C),Reference,*1/*1,Reference/Reference,*1/*37,*1/*6,*1/*1,rs9923231 variant (T)/rs9923231 variant (T),1900490795C,E-B19659534749,E-B19659534749,*1/*2,.,*1/*10,AA(rs9923231),*1/*1,GA(rs2108622),GA(rs671),*4/*7,.,.,*4/*4,.,.,.,*40:06/*46:01,.,*1/*1,*1/*1,*1/*1,*1/*1,*1/*3,.,.,.,*11:01/*26:01,*4/*6,.
1900581206C,rs2231142 reference (G)/rs2231142 variant (T),Reference/Reference,Reference/Reference,*1/*1,*1/*1,*1/*1,*10/*36 + *10,*1/*1,*3/*3,*1/*17,c.85T>C (*9A) (heterozygous),B (reference)/B (reference),*02:01/*11:01,*07:02/*15:01,rs12979860 reference (C)/rs12979860 variant (T),Reference,,Reference/Reference,*37/*37,*1/*1,*1/*1,rs9923231 reference (C)/rs9923231 variant (T),1900581206C,E-B19361153034,E-B19361153034,*1/*1,.,*10/*10,GA(rs9923231),*1/*1,.,.,*4/*6,.,.,*4/*4,.,.,.,*13:02/*40:01,GA(rs12979860),*1/*1,*1/*3,*1/*1,*1/*1,*3/*3,.,.,.,*02:01/*30:01,*1/*1,CA(rs2231142)
1900495842C,rs2231142 reference (G)/rs2231142 reference (G),Reference/Reference,Reference/Reference,*1/*1,*1/*1,*1/*1,*10/*36 + *10,*1/*1,*3/*3,*3/*17,c.1627A>G (*5) (heterozygous),B (reference)/B (reference),*02:01/*11:01,*07:02/*15:01,rs12979860 reference (C)/rs12979860 reference (C),Reference,,c.11266C>G (heterozygous),*37/*37,*1/*1,*1/*1,rs9923231 variant (T)/rs9923231 variant (T),1900495842C,E-B19744234405,E-B19744234405,*1/*1,.,*10/*10,AA(rs9923231),*1/*1,GA(rs2108622),AA(rs671),*4/*4,.,.,*4/*4,.,.,.,*13:01/*51:02,.,*1/*1,*1/*3,*1/*1,*1/*1,*3/*3,.,.,.,*11:01/*31:01,*1/*1,.
1900581089C,rs2231142 reference (G)/rs2231142 reference (G),Reference/Reference,Reference/Reference,*1/*1,*1/*1,*1/*1,*10/*36 + *10,*1/*1,*1/*3,*1/*17,c.1627A>G (*5) (heterozygous),B (reference)/B (reference),*02:01/*11:01,*07:02/*15:01,rs12979860 reference (C)/rs12979860 reference (C),Reference,*1/*1,Reference/Reference,Unknown/Unknown,*1/*1,*1/*1,rs9923231 variant (T)/rs9923231 variant (T),1900581089C,E-B19241349900,E-B19241349900,*1/*1,.,*1/*10,AA(rs9923231),*1/*1,.,.,*4/*4,.,.,*4/*4,.,.,.,*15:01/*40:01,.,*1/*1,*1/*1,*1/*1,*1/*1,*1/*3,GA(rs1803274),.,.,*02:07/*11:01,*1/*1,.
1900611527C,rs2231142 reference (G)/rs2231142 variant (T),Reference/Reference,Reference/Reference,*1/*1,*1/*3,*1/*1,*10/*36 + *10,*1/*1,*1/*3,*1/*17,Reference/Reference,B (reference)/B (reference),*02:01/*11:01,*07:02/*15:01,rs12979860 reference (C)/rs12979860 reference (C),Reference,*1/*1,Reference/Reference,*15/*15,*1/*1,*1/*80+*28,rs9923231 variant (T)/rs9923231 variant (T),1900611527C,E-B19947245495,E-B19947245495,*1/*3,.,*1/*10,AA(rs9923231),*1/*1,.,.,*4/*6,CC(rs4149056),.,*4/*4,.,.,.,*13:01/*13:01,.,*1/*1,*1/*1,*1/*1,*1/*28,*1/*3,.,.,.,*11:01/*11:01,*1/*1,CA(rs2231142)
1900492809C,rs2231142 variant (T)/rs2231142 variant (T),Reference/Reference,Reference/Reference,*1/*9,*2/*3,*1/*1,*10/*36 + *10,*1/*1,*1/*3,*1/*17,c.1627A>G (*5) (heterozygous),B (reference)/Quing Yan,*02:01/*11:01,*07:02/*15:01,rs12979860 reference (C)/rs12979860 reference (C),Reference,*1/*1,Reference/Reference,*37/*37,*1/*1,*1/*1,rs9923231 variant (T)/rs9923231 variant (T),1900492809C,E-B19535837291,E-B19535837291,*2/*3,GT(rs137852341),*1/*10,AA(rs9923231),*1/*1,.,.,*4/*4,.,.,*4/*4,.,.,.,*15:02/*15:02,.,*1/*1,*1/*1,*1/*1,*1/*1,*1/*3,.,.,.,*11:01/*11:01,*1/*9,AA(rs2231142)
1900617694C,rs2231142 reference (G)/rs2231142 reference (G),Reference/Reference,Reference/Reference,,*2/*2,*1/*1,*10/*36 + *10,*1/*1,*1/*3,*1/*17,c.85T>C (*9A)/c.1627A>G (*5),B (reference)/B (reference),*02:01/*11:01,*07:02/*15:01,rs12979860 reference (C)/rs12979860 reference (C),Reference,,Reference/Reference,*37/*37,*1/*1,*1/*1,rs9923231 variant (T)/rs9923231 variant (T),1900617694C,E-B19244040423,E-B19244040423,*2/*2,.,*10/*10,AA(rs9923231),*1/*1,.,.,*6/*7,.,.,*4/*4,.,.,.,*51:01/*57:01,.,*1/*1,*1/*3,*1/*1,*1/*1,*1/*3,.,.,.,*02:01/*24:02,*1/*9,.
1900498055C,rs2231142 reference (G)/rs2231142 variant (T),Reference/Reference,Reference/Reference,*1/*9,*2/*2,*1/*1,*10/*36 + *10,*1/*1,*3/*3,*1/*17,Reference/Reference,B (reference)/B (reference),*02:01/*11:01,*07:02/*15:01,rs12979860 reference (C)/rs12979860 reference (C),Reference,*1/*1,c.11266C>G (heterozygous),*37/*37,*1/*1,*1/*80+*28,rs9923231 variant (T)/rs9923231 variant (T),1900498055C,E-B19579337983,E-B19579337983,*2/*2,.,*10/*10,AA(rs9923231),*1/*1,.,.,*4/*4,.,.,*4/*4,.,.,.,*40:01/*40:02,.,*1/*1,*1/*1,*1/*1,*1/*28,*3/*3,.,.,.,*02:03/*24:02,*1/*9,CA(rs2231142)
1900497337C,rs2231142 reference (G)/rs2231142 variant (T),Reference/Reference,Reference/Reference,*1/*6,*1/*1,*1/*1,*10/*36 + *10,*1/*1,*1/*3,*1/*17,c.85T>C (*9A) (heterozygous),B (reference)/B (reference),*02:01/*11:01,*07:02/*15:01,rs12979860 reference (C)/rs12979860 reference (C),Reference,*1/*1,c.5317C>T (heterozygous),*37/*37,*1/*1,*1/*1,rs9923231 variant (T)/rs9923231 variant (T),1900497337C,E-B19463744584,E-B19463744584,*1/*1,.,*10/*10,AA(rs9923231),*1/*1,.,.,*4/*6,.,.,*4/*4,.,.,.,*40:01/*67:01,.,*1/*1,*1/*1,*1/*1,*1/*1,*1/*3,.,.,.,*02:01/*24:02,*1/*9,CA(rs2231142)
1900430213C,rs2231142 reference (G)/rs2231142 variant (T),Reference/Reference,Reference/Reference,*1/*1,*1/*3,*1/*1,*10/*36 + *10,*1/*18,*1/*1,*1/*1,[c.85T>C (*9A) + c.1627A>G (*5)] (heterozygous),B (reference)/B (reference),*02:01/*11:01,*07:02/*15:01,rs12979860 reference (C)/rs12979860 reference (C),Reference,*1/*1,Reference/Reference,*37/*37,*1/*1,*1/*1,rs9923231 variant (T)/rs9923231 variant (T),1900430213C,E-B19331790409,E-B19331790409,*1/*3,.,*10/*10,AA(rs9923231),*1/*1,.,.,*6/*6,.,.,*4/*4,.,.,.,*15:02/*48:01,.,*1/*1,*1/*1,*1/*1,*1/*1,*1/*1,.,.,.,*24:02/*24:02,*1/*1,CA(rs2231142)
1900611731C,rs2231142 reference (G)/rs2231142 reference (G),Reference/Reference,Reference/Reference,*1/*6,*1/*2,*1/*1,*10/*36 + *10,*1/*1,*1/*3,*3/*17,c.1896T>C/[c.1627A>G (*5) + c.1896T>C],B (reference)/B (reference),*02:01/*11:01,*07:02/*15:01,rs12979860 reference (C)/rs12979860 reference (C),Reference,*1/*1,Reference/Reference,*1/*37,*1/*1,*1/*6,rs9923231 variant (T)/rs9923231 variant (T),1900611731C,E-B19688963250,E-B19688963250,*1/*2,.,*1/*10,AA(rs9923231),*1/*1,GA(rs2108622),.,*4/*4,.,.,*4/*4,.,.,.,*35:01/*37:01,.,*1/*1,*1/*1,*1/*1,*1/*6,*1/*3,.,.,.,*02:01/*68:01,*1/*6,.
1900488739C,rs2231142 reference (G)/rs2231142 variant (T),Reference/Reference,Reference/Reference,*1/*1,*1/*2,*1/*1,*10/*36 + *10,*1/*1,*1/*3,*1/*3,Reference/Reference,B (reference)/B (reference),*02:01/*11:01,*07:02/*15:01,rs12979860 reference (C)/rs12979860 reference (C),Reference,*1/*1,Reference/Reference,*1/*1,*1/*1,*1/*6,rs9923231 variant (T)/rs9923231 variant (T),1900488739C,E-B19894620930,E-B19894620930,*1/*2,.,*10/*10,AA(rs9923231),*1/*1,GA(rs2108622),GA(rs671),*4/*6,.,.,*4/*4,.,.,.,*46:01/*46:01,.,*1/*1,*1/*1,*1/*1,*1/*6,*1/*3,.,.,.,*11:01/*24:02,*1/*1,CA(rs2231142)
1900578884C,rs2231142 reference (G)/rs2231142 reference (G),Reference/Reference,Reference/Reference,*1/*1,*1/*1,*1/*1,*10/*36 + *10,*1/*1,*1/*3,*1/*3,[c.85T>C (*9A) + c.1896T>C] (heterozygous),B (reference)/B (reference),*02:01/*11:01,*07:02/*15:01,rs12979860 reference (C)/rs12979860 reference (C),Reference,*1/*1,c.5317C>T/c.5317C>T,*1/*37,*1/*1,*6/*80+*28,rs9923231 variant (T)/rs9923231 variant (T),1900578884C,E-B19735153709,E-B19735153709,*1/*1,.,*10/*10,AA(rs9923231),*1/*1,GA(rs2108622),.,*4/*6,.,.,*4/*4,.,.,.,*15:02/*40:01,.,*1/*1,*1/*1,*1/*1,*6/*28,*1/*3,.,.,.,*01:01/*31:01,*1/*1,.
1900611760C,rs2231142 reference (G)/rs2231142 variant (T),Reference/Reference,Reference/Reference,*1/*6,*2/*3,*1/*1,*10/*36 + *10,*1/*1,*3/*3,*1/*17,[c.85T>C (*9A) + c.1896T>C] (heterozygous),B (reference)/B (reference),*02:01/*11:01,*07:02/*15:01,rs12979860 reference (C)/rs12979860 reference (C),Reference,*1/*1,Reference/Reference,*1/*37,*1/*1,*1/*6,rs9923231 variant (T)/rs9923231 variant (T),1900611760C,E-B19771089521,E-B19771089521,*2/*3,.,*1/*1,AA(rs9923231),*1/*1,.,.,*4/*6,.,.,*4/*4,.,.,.,*27:04/*52:01,.,*1/*1,*1/*1,*1/*1,*1/*6,*3/*3,.,.,.,*11:01/*11:02,*1/*6,CA(rs2231142)
1900649742C,rs2231142 reference (G)/rs2231142 reference (G),Reference/Reference,Reference/Reference,*1/*6,*1/*1,*1/*1,*10/*36 + *10,*1/*1,*3/*3,*4/*17,Reference/Reference,B (reference)/B (reference),*02:01/*11:01,*07:02/*15:01,rs12979860 reference (C)/rs12979860 reference (C),Reference,*1/*1,Reference/Reference,*15/*37,*1/*1,*1/*1,rs9923231 variant (T)/rs9923231 variant (T),1900649742C,E-B19975790125,E-B19975790125,*1/*1,.,*10/*10,AA(rs9923231),*1/*1,GA(rs2108622),.,*4/*6,TC(rs4149056),.,*4/*4,.,.,.,*13:02/*35:01,.,*1/*1,*1/*1,*1/*1,*1/*1,*3/*3,GA(rs1803274),.,.,*24:02/*30:01,*1/*6,.
1900578449C,rs2231142 reference (G)/rs2231142 variant (T),Reference/Reference,Reference/Reference,*6/*6,*1/*2,*1/*1,*10/*36 + *10,*1/*1,*1/*3,*1/*3,c.1627A>G (*5)/[c.1627A>G (*5) + c.1896T>C],B (reference)/B (reference),*02:01/*11:01,*07:02/*15:01,rs12979860 reference (C)/rs12979860 reference (C),Reference,*1/*1,Reference/Reference,*15/*37,*1/*1,*1/*1,rs9923231 reference (C)/rs9923231 variant (T),1900578449C,E-B19197903627,E-B19197903627,*1/*1,.,*10/*10,GA(rs9923231),*1/*1,GA(rs2108622),.,*4/*7,TC(rs4149056),.,*4/*4,.,.,.,*15:18/*40:02,.,*1/*1,*1/*1,*1/*1,*1/*1,*1/*3,.,.,.,*02:01/*02:01,*6/*6,CA(rs2231142)
1900496442C,rs2231142 reference (G)/rs2231142 variant (T),Reference/Reference,Reference/Reference,*1/*1,*3/*17,*1/*1,*10/*36 + *10,*1/*1,*1/*3,*1/*17,Reference/Reference,B (reference)/B (reference),*02:01/*11:01,*07:02/*15:01,rs12979860 reference (C)/rs12979860 reference (C),Reference,*1/*1,Reference/Reference,*37/*37,*1/*1,*1/*1,rs9923231 reference (C)/rs9923231 variant (T),1900496442C,E-B19211762882,E-B19211762882,*3/*17,.,*10/*10,GA(rs9923231),*1/*1,.,GA(rs671),*6/*7,.,.,*4/*4,.,.,.,*40:01/*40:02,.,*1/*1,*1/*1,*1/*1,*1/*1,*1/*3,.,.,.,*02:01/*02:06,*1/*1,CA(rs2231142)
1900618776C,rs2231142 reference (G)/rs2231142 reference (G),Reference/Reference,Reference/Reference,*1/*6,*1/*2,*1/*1,*10/*36 + *10,*1/*18,*1/*3,*3/*17,c.1627A>G (*5)/c.1627A>G (*5),"Kaiping, Anant, Dhon, Sapporo-like, Wosera/Kaiping, Anant, Dhon, Sapporo-like, Wosera",*02:01/*11:01,*07:02/*15:01,rs12979860 reference (C)/rs12979860 variant (T),Reference,*1/*2,Reference/Reference,*37/*37,*1/*1,*1/*80+*28,rs9923231 variant (T)/rs9923231 variant (T),1900618776C,E-B19956936809,E-B19956936809,*1/*2,AA(rs72554664),*10/*10,AA(rs9923231),*1/*1,GA(rs2108622),.,*4/*6,.,.,*4/*4,.,.,.,*13:01/*15:02,GA(rs12979860),*1/*1,*1/*2,*1/*1,*1/*28,*1/*3,.,.,.,*11:01/*11:01,*1/*6,.
1900496489C,rs2231142 reference (G)/rs2231142 variant (T),Reference/Reference,Reference/Reference,*1/*6,*1/*2,*1/*1,*10/*36 + *10,*1/*1,*1/*3,*1/*4,c.85T>C (*9A) (heterozygous),B (reference)/B (reference),*02:01/*11:01,*07:02/*15:01,rs12979860 reference (C)/rs12979860 reference (C),Reference,,c.5317C>T (heterozygous),*1/*37,*1/*1,*1/*6,rs9923231 variant (T)/rs9923231 variant (T),1900496489C,E-B19924249517,E-B19924249517,*1/*2,.,*1/*1,AA(rs9923231),*1/*1,GA(rs2108622),.,*4/*6,.,.,*4/*4,.,.,.,*15:01/*44:02,.,*1/*1,*1/*3,*1/*1,*1/*6,*1/*3,GA(rs1803274),.,.,*02:03/*24:02,*1/*6,CA(rs2231142)
1900495641C,rs2231142 reference (G)/rs2231142 variant (T),Reference/Reference,Reference/Reference,*1/*4,*1/*1,*1/*1,*10/*36 + *10,*1/*1,*3/*3,*1/*4,Reference/Reference,B (reference)/B (reference),*02:01/*11:01,*07:02/*15:01,rs12979860 reference (C)/rs12979860 reference (C),Reference,*1/*1,Reference/Reference,*37/*37,*1/*1,*1/*80+*28,rs9923231 variant (T)/rs9923231 variant (T),1900495641C,E-B19120465765,E-B19120465765,*1/*1,.,*1/*10,AA(rs9923231),*1/*1,GA(rs2108622),GA(rs671),*4/*6,.,.,*4/*4,.,.,.,*13:01/*40:01,.,*1/*1,*1/*1,*1/*1,*1/*28,*3/*3,.,.,.,*24:02/*24:02,*1/*4,CA(rs2231142)
1900611785C,rs2231142 reference (G)/rs2231142 reference (G),Reference/Reference,Reference/Reference,*1/*2,*3/*3,*1/*1,*10/*36 + *10,*1/*4,*3/*3,*4/*17,Reference/Reference,"B (reference)/Canton, Taiwan-Hakka, Gifu-like, Agrigento-like",*02:01/*11:01,*07:02/*15:01,rs12979860 reference (C)/rs12979860 reference (C),Reference,*1/*1,Reference/Reference,*37/*45,*1/*1,*1/*80+*28,rs9923231 variant (T)/rs9923231 variant (T),1900611785C,E-B19464685009,E-B19464685009,*3/*3,GT(rs72554665),*1/*10,AA(rs9923231),*1/*1,GA(rs2108622),.,*4/*4,.,.,*4/*4,.,.,.,*39:01/*40:01,.,*1/*1,*1/*1,*1/*1,*1/*28,*3/*3,GA(rs1803274),.,.,*11:01/*24:02,*1/*1,.
1900598063C,rs2231142 reference (G)/rs2231142 variant (T),Reference/Reference,Reference/Reference,*1/*6,*1/*3,*1/*1,*10/*36 + *10,*1/*1,*1/*3,*1/*17,[c.85T>C (*9A) + c.496A>G + c.1896T>C] (heterozygous),B (reference)/Chinese-5,*02:01/*11:01,*07:02/*15:01,rs12979860 reference (C)/rs12979860 reference (C),Reference,*1/*5,Reference/Reference,*37/*37,*1/*1,*1/*80+*28,rs9923231 variant (T)/rs9923231 variant (T),1900598063C,E-B19478382161,E-B19478382161,*1/*3,CT(rs137852342),*10/*10,AA(rs9923231),*1/*1,.,AA(rs671),*6/*6,.,.,*4/*4,.,.,.,*35:01/*55:02,.,*1/*1,*1/*1,*1/*1,*1/*28,*1/*3,.,.,.,*11:02/*33:03,*1/*6,CA(rs2231142)
1900496473C,rs2231142 reference (G)/rs2231142 variant (T),Reference/Reference,Reference/Reference,*1/*4,*1/*2,*1/*1,*10/*36 + *10,*1/*1,*3/*3,*1/*1,Reference/Reference,B (reference)/B (reference),*02:01/*11:01,*07:02/*15:01,rs12979860 reference (C)/rs12979860 reference (C),Reference,*1/*1,Reference/Reference,*37/*37,*1/*1,*1/*6,rs9923231 variant (T)/rs9923231 variant (T),1900496473C,E-B19796787957,E-B19796787957,*1/*2,.,*10/*10,AA(rs9923231),*1/*1,.,.,*4/*6,.,.,*4/*4,.,.,.,*40:06/*44:03,.,*1/*1,*1/*1,*1/*1,*1/*6,*3/*3,GA(rs1803274),.,.,*24:20/*26:01,*1/*4,CA(rs2231142)
1900618789C,rs2231142 reference (G)/rs2231142 variant (T),Reference/Reference,Reference/Reference,*1/*4,*38/*38,*3/*3,*10/*36 + *10,*1/*1,*1/*3,*3/*17,c.1627A>G (*5) (heterozygous),B (reference)/B (reference),*02:01/*11:01,*07:02/*15:01,rs12979860 reference (C)/rs12979860 reference (C),Reference,,Reference/Reference,*37/*37,*1/*1,*1/*6,rs9923231 variant (T)/rs9923231 variant (T),1900618789C,E-B19317757075,E-B19317757075,*1/*1,.,*1/*10,AA(rs9923231),*3/*3,GA(rs2108622),GA(rs671),*4/*4,.,.,*4/*4,.,.,.,*40:01/*54:01,.,*1/*1,*1/*3,*1/*1,*1/*6,*1/*3,.,.,.,*02:01/*24:02,*1/*4,CA(rs2231142)
1900495859C,rs2231142 reference (G)/rs2231142 reference (G),Reference/Reference,Reference/Reference,*1/*1,*1/*1,*1/*1,*10/*36 + *10,*1/*1,*3/*3,*4/*17,c.85T>C (*9A)/c.1896T>C,B (reference)/B (reference),*02:01/*11:01,*07:02/*15:01,rs12979860 reference (C)/rs12979860 reference (C),Reference,*1/*1,Reference/Reference,*37/*37,*1/*1,*1/*1,rs9923231 reference (C)/rs9923231 variant (T),1900495859C,E-B19228593397,E-B19228593397,*1/*1,.,*1/*1,GA(rs9923231),*1/*1,GA(rs2108622),.,*5/*7,.,.,*4/*4,.,.,.,*40:01/*46:01,.,*1/*1,*1/*1,*1/*1,*1/*1,*3/*3,GA(rs1803274),.,.,*24:02/*24:20,*1/*1,.
1900490749C,rs2231142 reference (G)/rs2231142 variant (T),Reference/Reference,Reference/Reference,*6/*6,*2/*2,*1/*1,*10/*36 + *10,*1/*1,*3/*3,*1/*1,Reference/Reference,B (reference)/B (reference),*02:01/*11:01,*07:02/*15:01,rs12979860 reference (C)/rs12979860 reference (C),Reference,*1/*1,Reference/Reference,*1/*1,*1/*1,*1/*80+*28,rs9923231 variant (T)/rs9923231 variant (T),1900490749C,E-B19644529637,E-B19644529637,*2/*2,.,*1/*10,AA(rs9923231),*1/*1,.,GA(rs671),*4/*7,.,.,*4/*4,.,.,.,*15:02/*58:01,.,*1/*1,*1/*1,*1/*1,*1/*28,*3/*3,.,.,.,*11:01/*33:03,*9/*9,CA(rs2231142)
1900498095C,rs2231142 reference (G)/rs2231142 reference (G),Reference/Reference,Reference/Reference,*1/*6,*2/*2,*1/*1,*10/*36 + *10,*1/*1,*1/*3,*4/*17,c.85T>C (*9A)/c.1627A>G (*5),B (reference)/B (reference),*02:01/*11:01,*07:02/*15:01,rs12979860 reference (C)/rs12979860 reference (C),Reference,*1/*1,Reference/Reference,*1/*15,*1/*1,*1/*6,rs9923231 reference (C)/rs9923231 variant (T),1900498095C,E-B19431301721,E-B19431301721,*2/*2,.,*1/*10,GA(rs9923231),*1/*1,GA(rs2108622),.,*4/*5,TC(rs4149056),.,*4/*4,.,.,.,*38:02/*40:06,.,*1/*1,*1/*1,*1/*1,*1/*6,*1/*3,.,.,.,*02:03/*24:02,*1/*6,.
1900611401C,rs2231142 reference (G)/rs2231142 reference (G),Reference/Reference,Reference/Reference,*1/*1,*1/*3,*1/*1,*10/*36 + *10,*1/*1,*3/*3,*1/*17,c.85T>C (*9A) (heterozygous),B (reference)/B (reference),*02:01/*11:01,*07:02/*15:01,rs12979860 reference (C)/rs12979860 reference (C),Reference,*1/*1,Reference/Reference,*1/*37,*1/*1,*6/*6,rs9923231 variant (T)/rs9923231 variant (T),1900611401C,E-B19570168219,E-B19570168219,*1/*3,.,*1/*10,AA(rs9923231),*1/*1,.,.,*4/*4,.,.,*4/*4,.,.,.,*40:02/*46:01,.,*1/*1,*1/*1,*1/*1,*6/*6,*3/*3,.,.,.,*02:01/*33:03,*1/*1,.
1900495645C,rs2231142 reference (G)/rs2231142 reference (G),Reference/Reference,Reference/Reference,*1/*6,*1/*2,*1/*1,*10/*36 + *10,*1/*1,*3/*3,*1/*17,c.1627A>G (*5)/[c.85T>C (*9A) + c.1627A>G (*5)],B (reference)/B (reference),*02:01/*11:01,*07:02/*15:01,rs12979860 reference (C)/rs12979860 variant (T),Reference,*1/*1,Reference/Reference,*37/*37,*1/*1,*1/*1,rs9923231 reference (C)/rs9923231 variant (T),1900495645C,E-B19276182140,E-B19276182140,*1/*2,.,*10/*10,GA(rs9923231),*1/*1,.,GA(rs671),*4/*4,.,.,*4/*4,.,.,.,*40:01/*58:01,GA(rs12979860),*1/*1,*1/*1,*1/*1,*1/*1,*3/*3,.,.,.,*11:01/*24:02,*1/*6,.
1900428898C,rs2231142 reference (G)/rs2231142 reference (G),Reference/Reference,Reference/Reference,*1/*1,*1/*2,*1/*1,*10/*36 + *10,*1/*1,*3/*3,*1/*17,c.1896T>C (heterozygous),B (reference)/B (reference),*02:01/*11:01,*07:02/*15:01,rs12979860 reference (C)/rs12979860 variant (T),Reference,,Reference/Reference,*1/*15,*1/*1,*1/*6,rs9923231 variant (T)/rs9923231 variant (T),1900428898C,E-B19370271207,E-B19370271207,*1/*2,.,*1/*10,AA(rs9923231),*1/*1,.,.,*6/*7,TC(rs4149056),.,*4/*4,.,.,.,*15:02/*56:01,GA(rs12979860),*1/*1,*1/*3,*1/*1,*1/*6,*3/*3,GA(rs1803274),.,.,*11:01/*33:03,*1/*1,.
1900497367C,rs2231142 reference (G)/rs2231142 reference (G),Reference/Reference,Reference/Reference,*1/*4,*1/*1,*1/*1,*10/*36 + *10,*1/*1,*3/*3,*4/*17,[c.1627A>G (*5) + c.1896T>C] (heterozygous),B (reference)/B (reference),*02:01/*11:01,*07:02/*15:01,rs12979860 reference (C)/rs12979860 reference (C),Reference,*1/*1,Reference/Reference,*37/*37,*1/*1,*1/*1,rs9923231 variant (T)/rs9923231 variant (T),1900497367C,E-B19401090269,E-B19401090269,*1/*1,.,*1/*10,AA(rs9923231),*1/*1,GA(rs2108622),GA(rs671),*4/*7,.,.,*4/*4,.,.,.,*40:01/*46:01,.,*1/*1,*1/*1,*1/*1,*1/*1,*3/*3,.,.,.,*02:07/*24:02,*1/*4,.
1900646144C,rs2231142 reference (G)/rs2231142 reference (G),Reference/Reference,Reference/Reference,*1/*1,*1/*2,*1/*1,*10/*36 + *10,*1/*1,*1/*3,*1/*3,[c.85T>C (*9A) + c.1627A>G (*5)] (heterozygous),B (reference)/B (reference),*02:01/*11:01,*07:02/*15:01,rs12979860 reference (C)/rs12979860 reference (C),Reference,*1/*6,Reference/Reference,*1/*15,*1/*1,*1/*1,rs9923231 reference (C)/rs9923231 variant (T),1900646144C,E-B19383142617,E-B19383142617,*1/*2,.,*1/*10,GA(rs9923231),*1/*1,GA(rs2108622),GA(rs671),*4/*4,TC(rs4149056),.,*4/*4,.,.,.,*40:01/*46:01,.,*1/*1,*1/*1,*1/*1,*1/*1,*1/*3,.,.,.,*02:07/*11:01,*1/*1,.
1900649744C,rs2231142 reference (G)/rs2231142 reference (G),Reference/Reference,Reference/Reference,*1/*2,*1/*38,*1/*3,*10/*36 + *10,*1/*1,*1/*3,*1/*3,c.1627A>G (*5) (heterozygous),B (reference)/B (reference),*02:01/*11:01,*07:02/*15:01,rs12979860 reference (C)/rs12979860 reference (C),Reference,*1/*1,Reference/Reference,*15/*37,*1/*1,*1/*1,rs9923231 variant (T)/rs9923231 variant (T),1900649744C,E-B19473573615,E-B19473573615,*1/*1,.,*1/*10,AA(rs9923231),*1/*3,GA(rs2108622),.,*4/*4,TC(rs4149056),.,*4/*4,.,.,.,*08:01/*13:02,.,*1/*1,*1/*1,*1/*1,*1/*1,*1/*3,GA(rs1803274),.,.,*24:02/*33:119,*1/*1,.
1900618748C,rs2231142 reference (G)/rs2231142 variant (T),Reference/Reference,Reference/Reference,*1/*1,*2/*3,*1/*1,*10/*36 + *10,*1/*6,*3/*3,*1/*3,[c.85T>C (*9A) + c.1627A>G (*5)] (heterozygous),B (reference)/B (reference),*02:01/*11:01,*07:02/*15:01,rs12979860 reference (C)/rs12979860 reference (C),Reference,*1/*1,Reference/Reference,*1/*37,*1/*1,*1/*80+*28,rs9923231 variant (T)/rs9923231 variant (T),1900618748C,E-B19124324220,E-B19124324220,*2/*3,.,*1/*14,AA(rs9923231),*1/*1,GA(rs2108622),.,*4/*6,.,.,*4/*4,.,.,.,*15:01/*46:01,.,*1/*1,*1/*1,*1/*1,*1/*28,*3/*3,.,.,.,*02:07/*24:02,*1/*1,CA(rs2231142)
1900611427C,rs2231142 reference (G)/rs2231142 variant (T),Reference/Reference,Reference/Reference,*4/*4,*2/*2,*1/*1,*10/*36 + *10,*1/*1,*1/*3,*1/*1,Reference/Reference,B (reference)/B (reference),*02:01/*11:01,*07:02/*15:01,rs12979860 reference (C)/rs12979860 reference (C),Reference,*1/*5,Reference/Reference,*37/*37,*1/*1,*6/*6,rs9923231 variant (T)/rs9923231 variant (T),1900611427C,E-B19136473243,E-B19136473243,*2/*2,.,*10/*10,AA(rs9923231),*1/*1,.,.,*4/*5,.,.,*4/*4,.,.,.,*27:05/*46:01,.,*1/*1,*1/*1,*1/*1,*6/*6,*1/*3,.,.,.,*24:02/*26:01,*4/*4,CA(rs2231142)
1900581236C,rs2231142 variant (T)/rs2231142 variant (T),Reference/Reference,Reference/Reference,*1/*2,*1/*1,*1/*1,*10/*36 + *10,*1/*1,*3/*3,*4/*17,c.1627A>G (*5) (heterozygous),B (reference)/B (reference),*02:01/*11:01,*07:02/*15:01,rs12979860 reference (C)/rs12979860 reference (C),Reference,*1/*5,Reference/Reference,*1/*37,*1/*1,*1/*80+*28,rs9923231 reference (C)/rs9923231 variant (T),1900581236C,E-B19377198890,E-B19377198890,*1/*1,.,*10/*10,GA(rs9923231),*1/*1,GA(rs2108622),.,*4/*6,.,.,*4/*4,.,.,.,*51:01/*51:01,.,*1/*1,*1/*1,*1/*1,*1/*28,*3/*3,.,.,.,*11:01/*11:02,*1/*1,AA(rs2231142)
1900496420C,rs2231142 reference (G)/rs2231142 reference (G),Reference/Reference,Reference/Reference,*6/*6,*2/*3,*1/*1,*10/*36 + *10,*1/*1,*3/*3,*1/*17,c.1627A>G (*5)/c.2194G>A (*6),B (reference)/B (reference),*02:01/*11:01,*07:02/*15:01,rs12979860 reference (C)/rs12979860 reference (C),Reference,*1/*1,c.11266C>G (heterozygous),*37/*37,*1/*1,*1/*1,rs9923231 variant (T)/rs9923231 variant (T),1900496420C,E-B19942878920,E-B19942878920,*2/*3,.,*10/*10,AA(rs9923231),*1/*1,.,.,*4/*6,.,.,*4/*4,.,.,.,*35:01/*58:01,.,*1/*1,*1/*1,*1/*1,*1/*1,*3/*3,.,.,.,*24:02/*33:03,*6/*6,.
1900610835C,rs2231142 reference (G)/rs2231142 variant (T),Reference/Reference,Reference/Reference,*1/*1,*1/*2,*1/*1,*10/*36 + *10,*1/*1,*1/*3,*1/*17,c.1896T>C (heterozygous),B (reference)/B (reference),*02:01/*11:01,*07:02/*15:01,rs12979860 reference (C)/rs12979860 reference (C),Reference,,Reference/Reference,*1/*37,*1/*1,*1/*1,rs9923231 variant (T)/rs9923231 variant (T),1900610835C,E-B19494390484,E-B19494390484,*1/*2,.,*1/*10,AA(rs9923231),*1/*1,.,.,*4/*4,.,.,*4/*4,.,.,.,*15:01/*15:27,.,*1/*1,*3/*3,*1/*1,*1/*1,*1/*3,.,.,.,*24:02/*31:01,*1/*1,CA(rs2231142)
1900649781C,rs2231142 reference (G)/rs2231142 reference (G),Reference/Reference,Reference/Reference,*1/*1,*1/*1,*1/*1,*10/*36 + *10,*1/*1,*1/*3,*1/*17,Reference/Reference,B (reference)/B (reference),*02:01/*11:01,*07:02/*15:01,rs12979860 reference (C)/rs12979860 reference (C),Reference,*1/*1,c.11266C>G (heterozygous),*37/*37,*1/*1,*1/*1,rs9923231 variant (T)/rs9923231 variant (T),1900649781C,E-B19598628003,E-B19598628003,*1/*1,.,*10/*10,AA(rs9923231),*1/*1,.,GA(rs671),*4/*4,.,.,*4/*4,.,.,.,*15:02/*39:01,.,*1/*1,*1/*1,*1/*1,*1/*1,*1/*3,CT(rs745364489),.,.,*11:01/*11:01,*1/*1,.
1900499332C,rs2231142 reference (G)/rs2231142 reference (G),Reference/Reference,Reference/Reference,*1/*1,*1/*38,*1/*1,*10/*36 + *10,*1/*1,*3/*3,*1/*3,c.1627A>G (*5) (heterozygous),B (reference)/B (reference),*02:01/*11:01,*07:02/*15:01,rs12979860 reference (C)/rs12979860 reference (C),Reference,*1/*1,Reference/Reference,*37/*37,*1/*1,*1/*1,rs9923231 variant (T)/rs9923231 variant (T),1900499332C,E-B19983106324,E-B19983106324,*1/*1,.,*1/*10,AA(rs9923231),*1/*1,GA(rs2108622),GA(rs671),*4/*6,.,.,*4/*4,.,.,.,*40:01/*40:01,.,*1/*1,*1/*1,*1/*1,*1/*1,*3/*3,.,.,.,*02:01/*11:01,*1/*1,.
1900649718C,rs2231142 reference (G)/rs2231142 reference (G),Reference/Reference,Reference/Reference,*1/*1,*1/*2,*1/*1,*10/*36 + *10,*1/*1,*3/*3,*1/*1,Reference/Reference,B (reference)/B (reference),*02:01/*11:01,*07:02/*15:01,rs12979860 reference (C)/rs12979860 variant (T),Reference,*1/*2,Reference/Reference,*15/*37,*1/*1,*1/*80+*28,rs9923231 variant (T)/rs9923231 variant (T),1900649718C,E-B19207655309,E-B19207655309,*1/*2,.,*10/*10,AA(rs9923231),*1/*1,.,.,*4/*4,TC(rs4149056),.,*4/*4,.,.,.,*13:02/*40:01,GA(rs12979860),*1/*1,*1/*2,*1/*1,*1/*28,*3/*3,GA(rs1803274),.,.,*11:01/*30:01,*1/*1,.
1900619128C,rs2231142 reference (G)/rs2231142 reference (G),Reference/Reference,Reference/Reference,*1/*6,*1/*2,*1/*1,*10/*36 + *10,*1/*1,*3/*3,*4/*17,c.1627A>G (*5) (heterozygous),B (reference)/B (reference),*02:01/*11:01,*07:02/*15:01,rs12979860 reference (C)/rs12979860 reference (C),Reference,*1/*1,c.11266C>G (heterozygous),*37/*37,*1/*1,*1/*1,rs9923231 variant (T)/rs9923231 variant (T),1900619128C,E-B19615192674,E-B19615192674,*1/*2,.,*1/*10,AA(rs9923231),*1/*1,GA(rs2108622),.,*4/*6,.,.,*4/*4,.,.,.,*37:01/*44:03,.,*1/*1,*1/*1,*1/*1,*1/*1,*3/*3,.,.,.,*01:01/*23:01,*1/*6,.
1900578862C,rs2231142 reference (G)/rs2231142 variant (T),Reference/Reference,Reference/Reference,*1/*6,*1/*1,*1/*1,*10/*36 + *10,*1/*1,*3/*3,*1/*17,Reference/Reference,B (reference)/B (reference),*02:01/*11:01,*07:02/*15:01,rs12979860 reference (C)/rs12979860 variant (T),Reference,,c.11266C>G (heterozygous),*37/*37,*1/*1,*1/*1,rs9923231 variant (T)/rs9923231 variant (T),1900578862C,E-B19591173320,E-B19591173320,*1/*1,.,*1/*1,AA(rs9923231),*1/*1,.,GA(rs671),*4/*4,.,.,*4/*4,.,.,GG(rs28358569),*13:01/*55:02,GA(rs12979860),*1/*1,*1/*3,*1/*1,*1/*1,*3/*3,.,.,.,*01:01/*11:02,*1/*6,CA(rs2231142)
1900646176C,rs2231142 reference (G)/rs2231142 reference (G),Reference/Reference,Reference/Reference,*1/*6,*1/*1,*1/*1,*10/*36 + *10,*1/*1,*1/*3,*1/*4,[c.1627A>G (*5) + c.1896T>C] (heterozygous),B (reference)/B (reference),*02:01/*11:01,*07:02/*15:01,rs12979860 reference (C)/rs12979860 variant (T),Reference,*1/*1,c.6178G>T (heterozygous),*1/*37,*1/*1,*1/*6,rs9923231 reference (C)/rs9923231 variant (T),1900646176C,E-B19712758256,E-B19712758256,*1/*1,.,*1/*10,GA(rs9923231),*1/*1,GA(rs2108622),GA(rs671),*4/*6,.,.,*4/*4,.,.,.,*15:01/*46:01,GA(rs12979860),*1/*1,*1/*1,*1/*1,*1/*6,*1/*3,.,.,.,*02:07/*11:01,*1/*6,.
1900610846C,rs2231142 reference (G)/rs2231142 reference (G),Reference/Reference,Reference/Reference,*1/*1,*1/*1,*1/*1,*10/*36 + *10,*1/*1,*3/*3,*1/*1,c.1896T>C (heterozygous),B (reference)/B (reference),*02:01/*11:01,*07:02/*15:01,rs12979860 reference (C)/rs12979860 reference (C),Reference,*1/*1,Reference/Reference,*15/*37,*1/*1,*1/*80+*28,rs9923231 variant (T)/rs9923231 variant (T),1900610846C,E-B19983478056,E-B19983478056,*1/*1,.,*1/*1,AA(rs9923231),*1/*1,.,.,*4/*4,TC(rs4149056),.,*4/*4,.,.,.,*15:18/*46:01,.,*1/*1,*1/*1,*1/*1,*1/*28,*3/*3,.,.,.,*02:07/*02:07,*1/*1,.
1900618800C,rs2231142 reference (G)/rs2231142 reference (G),Reference/Reference,Reference/Reference,*1/*6,*1/*1,*1/*1,*10/*36 + *10,*1/*1,*1/*3,*3/*4,c.1896T>C (heterozygous),"B (reference)/Viangchan, Jammu",*02:01/*11:01,*07:02/*15:01,rs12979860 reference (C)/rs12979860 reference (C),Reference,*1/*1,c.11266C>G (heterozygous),*1/*37,*1/*1,*1/*6,rs9923231 variant (T)/rs9923231 variant (T),1900618800C,E-B19911495372,E-B19911495372,*1/*1,GA(rs137852327),*10/*10,AA(rs9923231),*1/*1,AA(rs2108622),.,*4/*6,.,.,*4/*4,.,.,.,*15:19/*56:01,.,*1/*1,*1/*1,*1/*1,*1/*6,*1/*3,.,.,.,*02:03/*02:03,*1/*6,.
1900617603C,rs2231142 reference (G)/rs2231142 variant (T),Reference/Reference,Reference/Reference,*4/*6,*17/*38,*1/*3,*10/*36 + *10,*1/*1,*3/*3,*4/*17,Reference/Reference,B (reference)/B (reference),*02:01/*11:01,*07:02/*15:01,rs12979860 reference (C)/rs12979860 reference (C),Reference,,Reference/Reference,*1/*15,*1/*1,*6/*80+*28,rs9923231 reference (C)/rs9923231 variant (T),1900617603C,E-B19490728665,E-B19490728665,*1/*17,.,*10/*14,GA(rs9923231),*1/*3,GA(rs2108622),.,*4/*5,TC(rs4149056),.,*4/*4,.,.,.,*46:01/*67:01,.,*1/*1,*1/*3,*1/*1,*6/*28,*3/*3,.,.,.,*02:01/*24:02,*4/*6,CA(rs2231142)
1900611443C,rs2231142 reference (G)/rs2231142 variant (T),Reference/Reference,Reference/Reference,*1/*6,*1/*1,*1/*1,*10/*36 + *10,*1/*1,*3/*3,*3/*17,Reference/Reference,B (reference)/B (reference),*02:01/*11:01,*07:02/*15:01,rs12979860 reference (C)/rs12979860 variant (T),Reference,*1/*1,Reference/Reference,*37/*37,*1/*1,*1/*1,rs9923231 variant (T)/rs9923231 variant (T),1900611443C,E-B19828920076,E-B19828920076,*1/*1,.,*1/*10,AA(rs9923231),*1/*1,GA(rs2108622),GA(rs671),*6/*7,.,.,*4/*4,.,.,.,*27:04/*40:01,GA(rs12979860),*1/*1,*1/*1,*1/*1,*1/*1,*3/*3,.,.,.,*11:01/*11:02,*1/*6,CA(rs2231142)
1900611422C,rs2231142 reference (G)/rs2231142 reference (G),Reference/Reference,Reference/Reference,*1/*1,*1/*1,*1/*1,*10/*36 + *10,*1/*1,*1/*3,*1/*1,[c.85T>C (*9A) + c.496A>G + c.1896T>C] (heterozygous),B (reference)/B (reference),*02:01/*11:01,*07:02/*15:01,rs12979860 reference (C)/rs12979860 reference (C),Reference,,Reference/Reference,*29/*37,*1/*1,*1/*1,rs9923231 variant (T)/rs9923231 variant (T),1900611422C,E-B19954233665,E-B19954233665,*1/*1,.,*1/*10,AA(rs9923231),*1/*1,.,GA(rs671),*4/*6,.,.,*4/*4,.,.,.,*40:01/*46:01,.,*1/*1,*1/*3,*1/*1,*1/*1,*1/*3,.,.,.,*02:07/*24:02,*1/*1,.
1900492528C,rs2231142 reference (G)/rs2231142 variant (T),Reference/Reference,Reference/Reference,*1/*1,*1/*1,*1/*1,*10/*36 + *10,*1/*1,*3/*3,*3/*17,c.1627A>G (*5)/c.1627A>G (*5),B (reference)/B (reference),*02:01/*11:01,*07:02/*15:01,rs12979860 reference (C)/rs12979860 reference (C),Reference,*1/*1,Reference/Reference,*37/*37,*1/*1,*1/*1,rs9923231 reference (C)/rs9923231 variant (T),1900492528C,E-B19141808925,E-B19141808925,*1/*1,.,*10/*10,GA(rs9923231),*1/*1,GA(rs2108622),GA(rs671),*4/*6,.,.,*4/*4,.,.,.,*46:01/*54:01,.,*1/*1,*1/*1,*1/*1,*1/*1,*3/*3,.,.,.,*02:07/*24:02,*1/*1,CA(rs2231142)
1900496872C,rs2231142 reference (G)/rs2231142 reference (G),Reference/Reference,Reference/Reference,*1/*6,*1/*3,*1/*1,*10/*36 + *10,*1/*1,*3/*3,*1/*17,c.1627A>G (*5) (heterozygous),B (reference)/B (reference),*02:01/*11:01,*07:02/*15:01,rs12979860 reference (C)/rs12979860 reference (C),Reference,,Reference/Reference,*15/*37,*1/*1,*1/*80+*28,rs9923231 variant (T)/rs9923231 variant (T),1900496872C,E-B19618343648,E-B19618343648,*1/*3,.,*1/*10,AA(rs9923231),*1/*1,.,GA(rs671),*4/*6,TC(rs4149056),.,*4/*4,.,.,.,*51:02/*55:02,.,*1/*1,*1/*3,*1/*1,*1/*28,*3/*3,.,.,.,*24:02/*33:03,*1/*6,.
1900488282C,rs2231142 reference (G)/rs2231142 variant (T),Reference/Reference,Reference/Reference,*1/*1,*2/*38,*1/*3,*10/*36 + *10,*1/*1,*1/*3,*1/*3,c.1896T>C/[c.1627A>G (*5) + c.1896T>C],B (reference)/B (reference),*02:01/*11:01,*07:02/*15:01,rs12979860 reference (C)/rs12979860 reference (C),Reference,*1/*1,Reference/Reference,*37/*37,*1/*1,*1/*6,rs9923231 variant (T)/rs9923231 variant (T),1900488282C,E-B19337890317,E-B19337890317,*1/*2,.,*1/*10,AA(rs9923231),*1/*3,GA(rs2108622),AA(rs671),*4/*6,.,.,*4/*4,.,.,.,*15:02/*46:01,.,*1/*1,*1/*1,*1/*1,*1/*6,*1/*3,.,.,.,*11:01/*11:01,*1/*1,CA(rs2231142)
1900649757C,rs2231142 reference (G)/rs2231142 reference (G),Reference/Reference,Reference/Reference,*6/*6,*1/*1,*1/*1,*10/*36 + *10,*1/*1,*1/*1,*1/*1,c.1627A>G (*5) (heterozygous),B (reference)/B (reference),*02:01/*11:01,*07:02/*15:01,rs12979860 reference (C)/rs12979860 reference (C),Reference,*1/*1,Reference/Reference,*1/*37,*1/*1,*80+*28/*80+*28,rs9923231 reference (C)/rs9923231 variant (T),1900649757C,E-B19930494834,E-B19930494834,*1/*1,.,*1/*1,GA(rs9923231),*1/*1,.,.,*4/*6,.,.,*4/*4,.,.,.,*37:01/*55:02,.,*1/*1,*1/*1,*1/*1,*28/*28,*1/*1,GA(rs1803274),.,.,*11:01/*68:01,*6/*6,.
1900493045C,rs2231142 reference (G)/rs2231142 reference (G),Reference/Reference,Reference/Reference,*1/*1,*1/*2,*1/*1,*10/*36 + *10,*1/*1,*1/*3,*1/*1,[c.85T>C (*9A) + c.1627A>G (*5)] (heterozygous),B (reference)/B (reference),*02:01/*11:01,*07:02/*15:01,rs12979860 reference (C)/rs12979860 reference (C),Reference,*1/*1,Reference/Reference,*1/*1,*1/*1,*1/*80+*28,rs9923231 variant (T)/rs9923231 variant (T),1900493045C,E-B19139131574,E-B19139131574,*1/*2,.,*1/*10,AA(rs9923231),*1/*1,.,.,*4/*7,.,.,*4/*4,.,.,.,*40:01/*46:01,.,*1/*1,*1/*1,*1/*1,*1/*28,*1/*3,.,.,.,*02:01/*02:06,*1/*1,.
1900617679C,rs2231142 reference (G)/rs2231142 reference (G),Reference/Reference,Reference/Reference,*1/*1,*1/*2,*1/*1,*10/*36 + *10,*1/*1,*1/*1,*3/*17,Reference/Reference,B (reference)/B (reference),*02:01/*11:01,*07:02/*15:01,rs12979860 reference (C)/rs12979860 reference (C),Reference,*1/*6,Reference/Reference,*1/*37,*1/*1,*1/*1,rs9923231 variant (T)/rs9923231 variant (T),1900617679C,E-B19710835715,E-B19710835715,*1/*2,.,*1/*10,AA(rs9923231),*1/*1,GA(rs2108622),GA(rs671),*4/*6,.,.,*4/*4,.,.,.,*15:02/*40:06,.,*1/*1,*1/*1,*1/*1,*1/*1,*1/*1,.,.,.,*02:06/*11:01,*1/*1,.
1900610856C,rs2231142 variant (T)/rs2231142 variant (T),Reference/Reference,Reference/Reference,*1/*1,*2/*2,*1/*1,*10/*36 + *10,*1/*1,*1/*3,*1/*17,Reference/Reference,B (reference)/B (reference),*02:01/*11:01,*07:02/*15:01,rs12979860 reference (C)/rs12979860 reference (C),Reference,*1/*1,Reference/Reference,*37/*37,*1/*1,*1/*6,rs9923231 variant (T)/rs9923231 variant (T),1900610856C,E-B19100982536,E-B19100982536,*2/*2,.,*1/*1,AA(rs9923231),*1/*1,.,GA(rs671),*4/*4,.,.,*4/*4,.,.,.,*40:01/*58:01,.,*1/*1,*1/*1,*1/*1,*1/*6,*1/*3,.,.,.,*11:01/*24:02,*1/*1,AA(rs2231142)
1900618788C,rs2231142 reference (G)/rs2231142 variant (T),Reference/Reference,Reference/Reference,*1/*6,*1/*2,*1/*1,*10/*36 + *10,*1/*1,*1/*1,*3/*17,Reference/Reference,B (reference)/B (reference),*02:01/*11:01,*07:02/*15:01,rs12979860 reference (C)/rs12979860 reference (C),Reference,,Reference/Reference,*37/*37,*1/*1,*1/*1,rs9923231 variant (T)/rs9923231 variant (T),1900618788C,E-B19837586373,E-B19837586373,*1/*2,.,*1/*10,AA(rs9923231),*1/*1,GA(rs2108622),.,*4/*6,.,.,*4/*4,.,.,.,*15:27/*40:06,.,*1/*1,*1/*3,*1/*1,*1/*1,*1/*1,.,.,.,*02:06/*24:20,*1/*6,CA(rs2231142)
1900649772C,rs2231142 reference (G)/rs2231142 variant (T),Reference/Reference,Reference/Reference,*2/*6,*1/*3,*1/*1,*10/*36 + *10,*1/*1,*1/*3,*1/*3,Reference/Reference,B (reference)/B (reference),*02:01/*11:01,*07:02/*15:01,rs12979860 reference (C)/rs12979860 reference (C),Reference,*1/*1,Reference/Reference,*37/*37,*1/*1,*1/*6,rs9923231 variant (T)/rs9923231 variant (T),1900649772C,E-B19317147309,E-B19317147309,*1/*3,.,*1/*10,AA(rs9923231),*1/*1,GA(rs2108622),.,*4/*4,.,.,*4/*4,.,.,.,*35:03/*58:01,.,*1/*1,*1/*1,*1/*1,*1/*6,*1/*3,GA(rs1803274),.,.,*03:01/*33:03,*1/*6,CA(rs2231142)
1900598056C,rs2231142 reference (G)/rs2231142 reference (G),Reference/Reference,Reference/Reference,*1/*1,*2/*2,*1/*1,*10/*36 + *10,*1/*1,*3/*3,*3/*17,c.1896T>C (heterozygous),B (reference)/B (reference),*02:01/*11:01,*07:02/*15:01,rs12979860 reference (C)/rs12979860 reference (C),Reference,,Reference/Reference,*15/*37,*1/*1,*1/*6,rs9923231 variant (T)/rs9923231 variant (T),1900598056C,E-B19157259268,E-B19157259268,*2/*2,.,*1/*1,AA(rs9923231),*1/*1,GA(rs2108622),GA(rs671),*4/*6,TC(rs4149056),.,*4/*4,.,.,.,*40:01/*40:06,.,*1/*1,*1/*3,*1/*1,*1/*6,*3/*3,.,.,.,*02:06/*11:01,*1/*1,.
1900618756C,rs2231142 reference (G)/rs2231142 variant (T),Reference/Reference,Reference/Reference,*1/*6,*1/*2,*1/*1,*10/*36 + *10,*1/*1,*1/*3,*1/*4,Reference/Reference,B (reference)/B (reference),*02:01/*11:01,*07:02/*15:01,rs12979860 reference (C)/rs12979860 reference (C),Reference,*1/*1,Reference/Reference,*37/*37,*1/*1,Unknown/Unknown,rs9923231 variant (T)/rs9923231 variant (T),1900618756C,E-B19437653151,E-B19437653151,*1/*2,.,*10/*10,AA(rs9923231),*1/*1,GA(rs2108622),GA(rs671),*4/*4,.,.,*4/*4,.,.,.,*13:01/*15:02,.,*1/*1,*1/*1,*1/*1,*27/*28,*1/*3,.,.,.,*02:03/*11:01,*1/*6,CA(rs2231142)
1900610925C,rs2231142 reference (G)/rs2231142 reference (G),Reference/Reference,Reference/Reference,*2/*2,*1/*2,*1/*1,*10/*36 + *10,*1/*1,*3/*3,*1/*17,c.1627A>G (*5) (heterozygous),B (reference)/B (reference),*02:01/*11:01,*07:02/*15:01,rs12979860 reference (C)/rs12979860 reference (C),Reference,*1/*1,Reference/Reference,*15/*15,*1/*1,*1/*1,rs9923231 variant (T)/rs9923231 variant (T),1900610925C,E-B19340677005,E-B19340677005,*1/*2,.,*1/*1,AA(rs9923231),*1/*1,.,.,*4/*6,CC(rs4149056),.,*4/*4,.,.,.,*27:06/*44:03,.,*1/*1,*1/*1,*1/*1,*1/*1,*3/*3,GA(rs1803274),.,.,*24:07/*33:03,*1/*1,.
1900649773C,rs2231142 variant (T)/rs2231142 variant (T),Reference/Reference,Reference/Reference,*2/*6,*1/*1,*1/*1,*10/*36 + *10,*1/*1,*3/*3,*1/*1,[c.85T>C (*9A) + c.1627A>G (*5)] (heterozygous),B (reference)/B (reference),*02:01/*11:01,*07:02/*15:01,rs12979860 reference (C)/rs12979860 reference (C),Reference,*1/*1,Reference/Reference,*1/*37,*1/*1,*1/*1,rs9923231 variant (T)/rs9923231 variant (T),1900649773C,E-B19582440901,E-B19582440901,*1/*1,.,*1/*10,AA(rs9923231),*1/*1,.,.,*4/*4,.,.,*4/*4,.,.,.,*44:02/*46:01,.,*1/*1,*1/*1,*1/*1,*1/*1,*3/*3,GA(rs1803274),.,.,*02:07/*24:02,*1/*9,AA(rs2231142)
1900578890C,rs2231142 reference (G)/rs2231142 reference (G),Reference/Reference,Reference/Reference,*1/*6,*1/*1,*1/*1,*10/*36 + *10,*1/*1,*3/*3,*1/*17,Reference/Reference,B (reference)/B (reference),*02:01/*11:01,*07:02/*15:01,rs12979860 reference (C)/rs12979860 reference (C),Reference,*1/*2,Reference/Reference,*1/*37,*1/*1,*1/*6,rs9923231 variant (T)/rs9923231 variant (T),1900578890C,E-B19401948208,E-B19401948208,*1/*1,.,*10/*10,AA(rs9923231),*1/*1,.,.,*6/*7,.,.,*4/*4,.,.,.,*40:01/*40:01,.,*1/*1,*1/*2,*1/*1,*1/*6,*3/*3,.,.,.,*02:03/*24:02,*1/*6,.
1900618771C,rs2231142 reference (G)/rs2231142 reference (G),Reference/Reference,Reference/Reference,*1/*4,*2/*2,*1/*1,*10/*36 + *10,*1/*1,*3/*3,*1/*17,c.1896T>C (heterozygous),B (reference)/B (reference),*02:01/*11:01,*07:02/*15:01,rs12979860 reference (C)/rs12979860 reference (C),Reference,*1/*1,Reference/Reference,*37/*37,*1/*1,*1/*1,rs9923231 variant (T)/rs9923231 variant (T),1900618771C,E-B19556149219,E-B19556149219,*2/*2,.,*10/*10,AA(rs9923231),*1/*1,.,.,*4/*7,.,.,*4/*4,.,.,.,*15:11/*46:01,.,*1/*1,*1/*1,*1/*1,*1/*1,*3/*3,.,.,.,*02:01/*02:01,*1/*4,.
1900495606C,rs2231142 reference (G)/rs2231142 reference (G),Reference/Reference,Reference/Reference,*1/*6,*1/*2,*1/*1,*10/*36 + *10,*1/*1,*3/*3,*1/*1,c.1627A>G (*5)/c.1896T>C,B (reference)/B (reference),*02:01/*11:01,*07:02/*15:01,rs12979860 reference (C)/rs12979860 reference (C),Reference,*1/*1,Reference/Reference,*37/*37,*1/*1,*1/*1,rs9923231 reference (C)/rs9923231 variant (T),1900495606C,E-B19664105827,E-B19664105827,*1/*2,.,*1/*10,GA(rs9923231),*1/*1,.,.,*6/*7,.,.,*4/*4,.,.,.,*15:11/*46:01,.,*1/*1,*1/*1,*1/*1,*1/*1,*3/*3,.,.,.,*02:06/*02:07,*1/*6,.
1900495873C,rs2231142 reference (G)/rs2231142 variant (T),Reference/Reference,Reference/Reference,*1/*4,*1/*2,*1/*1,*10/*36 + *10,*1/*1,*1/*1,*1/*1,Reference/Reference,B (reference)/B (reference),*02:01/*11:01,*07:02/*15:01,rs12979860 reference (C)/rs12979860 reference (C),Reference,*1/*1,Reference/Reference,*37/*37,*1/*1,*1/*1,rs9923231 reference (C)/rs9923231 variant (T),1900495873C,E-B19447555905,E-B19447555905,*1/*2,.,*1/*1,GA(rs9923231),*1/*1,.,.,*4/*7,.,.,*4/*4,.,.,.,*40:01/*51:02,.,*1/*1,*1/*1,*1/*1,*1/*1,*1/*1,.,.,.,*11:01/*24:02,*1/*4,CA(rs2231142)
1900498064C,rs2231142 reference (G)/rs2231142 reference (G),Reference/Reference,Reference/Reference,*1/*1,*1/*1,*1/*1,*10/*36 + *10,*1/*1,*1/*3,*4/*17,Reference/Reference,B (reference)/B (reference),*02:01/*11:01,*07:02/*15:01,rs12979860 reference (C)/rs12979860 reference (C),Reference,*1/*1,Reference/Reference,*1/*37,*1/*1,*1/*6,rs9923231 reference (C)/rs9923231 variant (T),1900498064C,E-B19690525867,E-B19690525867,*1/*1,.,*1/*10,GA(rs9923231),*1/*1,GA(rs2108622),GA(rs671),*4/*6,.,.,*4/*4,.,.,.,*46:01/*52:01,.,*1/*1,*1/*1,*1/*1,*1/*6,*1/*3,.,.,.,*02:01/*11:02,*1/*1,.
1900496406C,rs2231142 reference (G)/rs2231142 variant (T),Reference/Reference,Reference/Reference,*1/*2,*1/*1,*1/*1,*10/*36 + *10,*1/*1,*1/*3,*1/*4,c.1627A>G (*5) (heterozygous),B (reference)/B (reference),*02:01/*11:01,*07:02/*15:01,rs12979860 reference (C)/rs12979860 reference (C),Reference,*1/*1,Reference/Reference,*37/*37,*1/*1,*1/*6,rs9923231 variant (T)/rs9923231 variant (T),1900496406C,E-B19988949790,E-B19988949790,*1/*1,.,*1/*1,AA(rs9923231),*1/*1,GA(rs2108622),GA(rs671),*4/*4,.,.,*4/*4,.,.,.,*13:01/*58:01,.,*1/*1,*1/*1,*1/*1,*1/*6,*1/*3,GA(rs1803274),.,.,*24:02/*33:03,*1/*1,CA(rs2231142)
1900610829C,rs2231142 reference (G)/rs2231142 variant (T),Reference/Reference,Reference/Reference,*1/*2,*2/*17,*1/*29,*10/*36 + *10,*1/*1,*1/*3,*1/*17,c.1627A>G (*5)/c.1627A>G (*5),B (reference)/B (reference),*02:01/*11:01,*07:02/*15:01,rs12979860 reference (C)/rs12979860 reference (C),Reference,*1/*1,c.11266C>G (heterozygous),*1/*37,*1/*1,*1/*6,rs9923231 variant (T)/rs9923231 variant (T),1900610829C,E-B19373658233,E-B19373658233,*2/*17,.,*10/*10,AA(rs9923231),*1/*29,.,GA(rs671),*4/*7,.,.,*4/*4,.,.,.,*15:27/*40:01,.,*1/*1,*1/*1,*1/*1,*1/*6,*1/*3,.,.,.,*02:06/*31:01,*1/*1,CA(rs2231142)
1900617671C,rs2231142 variant (T)/rs2231142 variant (T),Reference/Reference,Reference/Reference,*1/*1,*1/*2,*1/*1,*10/*36 + *10,*1/*1,*3/*3,*3/*17,Reference/Reference,B (reference)/B (reference),*02:01/*11:01,*07:02/*15:01,rs12979860 reference (C)/rs12979860 reference (C),Reference,,Reference/Reference,*37/*37,*1/*1,*1/*1,rs9923231 variant (T)/rs9923231 variant (T),1900617671C,E-B19246271376,E-B19246271376,*1/*2,.,*1/*1,AA(rs9923231),*1/*1,GA(rs2108622),.,*4/*4,.,.,*4/*4,.,.,.,*38:02/*58:01,.,*1/*1,*1/*3,*1/*1,*1/*1,*3/*3,GA(rs1803274),.,.,*24:02/*33:03,*1/*1,AA(rs2231142)
1900649713C,rs2231142 reference (G)/rs2231142 reference (G),Reference/Reference,Reference/Reference,*1/*1,*1/*2,*1/*1,*10/*36 + *10,*1/*1,*1/*3,*1/*3,Reference/Reference,B (reference)/B (reference),*02:01/*11:01,*07:02/*15:01,rs12979860 reference (C)/rs12979860 variant (T),Reference,*1/*1,Reference/Reference,*37/*37,*1/*1,*1/*1,rs9923231 variant (T)/rs9923231 variant (T),1900649713C,E-B19254842628,E-B19254842628,*1/*2,.,*1/*10,AA(rs9923231),*1/*1,GA(rs2108622),GA(rs671),*6/*7,.,.,*4/*4,.,.,.,*40:01/*40:01,GA(rs12979860),*1/*1,*1/*1,*1/*1,*1/*1,*1/*3,.,.,.,*11:01/*11:01,*1/*1,.
1900579449C,rs2231142 reference (G)/rs2231142 variant (T),Reference/Reference,Reference/Reference,*1/*4,*1/*2,*1/*42,*10/*36 + *10,*1/*1,*3/*3,*3/*17,[c.1627A>G (*5) + c.1896T>C] (heterozygous),B (reference)/B (reference),*02:01/*11:01,*07:02/*15:01,rs12979860 reference (C)/rs12979860 reference (C),Reference,*1/*1,Reference/Reference,*37/*37,*1/*1,*80+*28/*80+*28,rs9923231 variant (T)/rs9923231 variant (T),1900579449C,E-B19129622865,E-B19129622865,*1/*2,.,*10/*10,AA(rs9923231),*1/*42,GA(rs2108622),GA(rs671),*4/*7,.,.,*4/*4,.,.,.,*27:05/*40:06,.,*1/*1,*1/*1,*1/*1,*28/*28,*3/*3,GA(rs1803274),.,.,*24:02/*24:02,*1/*4,CA(rs2231142)
1900649794C,rs2231142 reference (G)/rs2231142 reference (G),Reference/Reference,Reference/Reference,*1/*6,*1/*1,*1/*1,*10/*36 + *10,*1/*1,*1/*3,*1/*1,Reference/Reference,B (reference)/B (reference),*02:01/*11:01,*07:02/*15:01,rs12979860 reference (C)/rs12979860 reference (C),Reference,,Reference/Reference,*37/*37,*1/*1,*1/*1,rs9923231 reference (C)/rs9923231 variant (T),1900649794C,E-B19297280187,E-B19297280187,*1/*1,.,*1/*1,GA(rs9923231),*1/*1,.,.,*4/*4,.,.,*4/*4,.,.,.,*40:01/*46:01,.,*1/*1,*1/*3,*1/*1,*1/*1,*1/*3,.,.,.,*24:02/*24:02,*1/*6,.
1900491233C,rs2231142 reference (G)/rs2231142 variant (T),Reference/Reference,Reference/Reference,*1/*6,*1/*3,*1/*1,*10/*36 + *10,*1/*1,*1/*3,*1/*1,Reference/Reference,B (reference)/B (reference),*02:01/*11:01,*07:02/*15:01,rs12979860 reference (C)/rs12979860 reference (C),Reference,,Reference/Reference,*37/*37,*1/*1,*1/*28,rs9923231 variant (T)/rs9923231 variant (T),1900491233C,E-B19798001832,E-B19798001832,*1/*3,.,*1/*10,AA(rs9923231),*1/*1,.,AA(rs671),*4/*4,.,.,*4/*4,.,.,.,*46:01/*55:02,.,*1/*1,*1/*3,*1/*1,*1/*28,*1/*3,.,.,.,*24:02/*24:02,*1/*6,CA(rs2231142)
1900489743C,rs2231142 reference (G)/rs2231142 variant (T),Reference/Reference,Reference/Reference,*1/*6,*1/*2,*1/*1,*10/*36 + *10,*1/*1,*3/*3,*1/*1,c.1896T>C (heterozygous),B (reference)/B (reference),*02:01/*11:01,*07:02/*15:01,rs12979860 reference (C)/rs12979860 reference (C),Reference,*1/*1,Reference/Reference,*1/*15,*1/*1,*1/*1,rs9923231 variant (T)/rs9923231 variant (T),1900489743C,E-B19654234610,E-B19654234610,*1/*2,.,*1/*1,AA(rs9923231),*1/*1,.,GA(rs671),*4/*6,TC(rs4149056),.,*4/*4,.,.,.,*40:01/*46:01,.,*1/*1,*1/*1,*1/*1,*1/*1,*3/*3,.,.,.,*02:06/*11:01,*1/*6,CA(rs2231142)
1900493035C,rs2231142 reference (G)/rs2231142 reference (G),Reference/Reference,Reference/Reference,*1/*4,*1/*1,*1/*1,*10/*36 + *10,*1/*1,*1/*3,*4/*17,c.85T>C (*9A) (heterozygous),B (reference)/B (reference),*02:01/*11:01,*07:02/*15:01,rs12979860 reference (C)/rs12979860 reference (C),Reference,*1/*1,Reference/Reference,*1/*1,*1/*1,*1/*6,rs9923231 variant (T)/rs9923231 variant (T),1900493035C,E-B19264272554,E-B19264272554,*1/*1,.,*1/*10,AA(rs9923231),*1/*1,GA(rs2108622),GA(rs671),*4/*6,.,.,*4/*4,.,.,.,*40:02/*46:01,.,*1/*1,*1/*1,*1/*1,*1/*6,*1/*3,.,.,.,*24:02/*26:01,*1/*4,.
1900490779C,rs2231142 reference (G)/rs2231142 reference (G),Reference/Reference,Reference/Reference,*43/*48,*1/*2,*1/*1,*10/*36 + *10,*1/*1,*3/*3,*1/*3,[c.1627A>G (*5) + c.1896T>C] (heterozygous),B (reference)/B (reference),*02:01/*11:01,*07:02/*15:01,rs12979860 reference (C)/rs12979860 reference (C),Reference,,Reference/Reference,*1/*37,*1/*1,*1/*1,rs9923231 variant (T)/rs9923231 variant (T),1900490779C,E-B19738748083,E-B19738748083,*1/*2,.,*1/*1,AA(rs9923231),*1/*1,GA(rs2108622),GA(rs671),*4/*7,.,.,*4/*4,.,.,.,*46:01/*51:01,.,*1/*1,*1/*3,*1/*1,*1/*1,*3/*3,.,.,.,*02:03/*24:20,*1/*6,.
1900611438C,rs2231142 reference (G)/rs2231142 variant (T),Reference/Reference,Reference/Reference,*1/*1,*1/*2,*1/*1,*10/*36 + *10,*1/*1,*3/*3,*1/*1,Reference/Reference,B (reference)/B (reference),*02:01/*11:01,*07:02/*15:01,rs12979860 reference (C)/rs12979860 reference (C),Reference,,Reference/Reference,*1/*37,*1/*1,*1/*6,rs9923231 variant (T)/rs9923231 variant (T),1900611438C,E-B19506860253,E-B19506860253,*1/*2,.,*10/*10,AA(rs9923231),*1/*1,.,.,*4/*7,.,.,*4/*4,.,.,.,*35:01/*58:01,.,*1/*1,*1/*3,*1/*1,*1/*6,*3/*3,.,.,.,*11:01/*33:51,*1/*1,CA(rs2231142)
1900496899C,rs2231142 variant (T)/rs2231142 variant (T),Reference/Reference,Reference/Reference,*1/*1,*1/*2,*1/*1,*10/*36 + *10,*1/*1,*1/*3,*1/*17,c.2194G>A (*6) (heterozygous),B (reference)/B (reference),*02:01/*11:01,*07:02/*15:01,rs12979860 reference (C)/rs12979860 reference (C),Reference,*1/*1,Reference/Reference,*1/*37,*1/*1,*1/*80+*28,rs9923231 variant (T)/rs9923231 variant (T),1900496899C,E-B19434345029,E-B19434345029,*1/*2,.,*10/*10,AA(rs9923231),*1/*1,.,AA(rs671),*4/*4,.,.,*4/*4,.,.,.,*51:01/*58:01,.,*1/*1,*1/*1,*1/*1,*1/*28,*1/*3,GA(rs1803274),.,.,*24:02/*33:119,*1/*1,AA(rs2231142)
1900493003C,rs2231142 reference (G)/rs2231142 variant (T),Reference/Reference,Reference/Reference,*1/*1,*1/*1,*1/*1,*10/*36 + *10,*1/*1,*3/*3,*1/*1,Reference/Reference,B (reference)/B (reference),*02:01/*11:01,*07:02/*15:01,rs12979860 reference (C)/rs12979860 reference (C),Reference,*1/*1,Reference/Reference,*1/*37,*1/*1,*1/*6,rs9923231 variant (T)/rs9923231 variant (T),1900493003C,E-B19265535376,E-B19265535376,*1/*1,.,*1/*1,AA(rs9923231),*1/*1,.,.,*4/*6,.,.,*4/*4,.,.,.,*13:02/*46:01,.,*1/*1,*1/*1,*1/*1,*1/*6,*3/*3,.,.,.,*02:07/*30:01,*1/*1,CA(rs2231142)
1900488800C,rs2231142 reference (G)/rs2231142 variant (T),Reference/Reference,Reference/Reference,,*2/*2,*1/*1,*10/*36 + *10,*1/*1,*3/*3,*1/*17,c.85T>C (*9A) (heterozygous),B (reference)/B (reference),*02:01/*11:01,*07:02/*15:01,rs12979860 reference (C)/rs12979860 reference (C),Reference,*1/*1,Reference/Reference,*15/*37,*1/*1,*1/*1,rs9923231 variant (T)/rs9923231 variant (T),1900488800C,E-B19880744673,E-B19880744673,*2/*2,.,*10/*10,AA(rs9923231),*1/*1,.,GA(rs671),*4/*7,TC(rs4149056),.,*4/*4,.,.,.,*46:01/*58:01,.,*1/*1,*1/*1,*1/*1,*1/*1,*3/*3,GA(rs1803274),.,.,*02:07/*33:03,*1/*9,CA(rs2231142)
1900497395C,rs2231142 variant (T)/rs2231142 variant (T),Reference/Reference,Reference/Reference,*1/*1,*1/*2,*1/*1,*10/*36 + *10,*1/*1,*3/*3,*3/*17,c.1627A>G (*5) (heterozygous),B (reference)/B (reference),*02:01/*11:01,*07:02/*15:01,rs12979860 reference (C)/rs12979860 reference (C),Reference,*1/*1,Reference/Reference,*1/*37,*1/*1,*1/*80+*28,rs9923231 reference (C)/rs9923231 variant (T),1900497395C,E-B19945368090,E-B19945368090,*1/*2,.,*1/*10,GA(rs9923231),*1/*1,GA(rs2108622),.,*4/*6,.,.,*4/*4,.,.,.,*40:02/*46:01,.,*1/*1,*1/*1,*1/*1,*1/*28,*3/*3,.,.,.,*02:07/*02:07,*1/*1,AA(rs2231142)
1900617656C,rs2231142 reference (G)/rs2231142 reference (G),Reference/Reference,Reference/Reference,*1/*1,*1/*3,*1/*1,*10/*36 + *10,*1/*1,*3/*3,*1/*4,Reference/Reference,B (reference)/B (reference),*02:01/*11:01,*07:02/*15:01,rs12979860 reference (C)/rs12979860 variant (T),Reference,*1/*1,Reference/Reference,*1/*1,*1/*1,*1/*6,rs9923231 variant (T)/rs9923231 variant (T),1900617656C,E-B19217170494,E-B19217170494,*1/*3,.,*10/*10,AA(rs9923231),*1/*1,GA(rs2108622),AA(rs671),*6/*6,.,.,*4/*4,.,.,.,*40:01/*40:06,GA(rs12979860),*1/*1,*1/*1,*1/*1,*1/*6,*3/*3,.,.,.,*02:10/*33:03,*1/*1,.
1900611303C,rs2231142 reference (G)/rs2231142 reference (G),Reference/Reference,Reference/Reference,*1/*1,*1/*2,*1/*1,*10/*36 + *10,*1/*1,*1/*3,*3/*17,c.85T>C (*9A)/c.1627A>G (*5),B (reference)/B (reference),*02:01/*11:01,*07:02/*15:01,rs12979860 reference (C)/rs12979860 reference (C),Reference,,Reference/Reference,*1/*15,*1/*1,*1/*1,rs9923231 variant (T)/rs9923231 variant (T),1900611303C,E-B19248836813,E-B19248836813,*1/*2,.,*10/*10,AA(rs9923231),*1/*1,GA(rs2108622),.,*4/*5,TC(rs4149056),.,*4/*4,.,.,.,*40:02/*46:01,.,*1/*1,*3/*3,*1/*1,*1/*1,*1/*3,GA(rs1803274),.,.,*02:07/*26:01,*1/*1,.
1900617663C,rs2231142 reference (G)/rs2231142 reference (G),Reference/Reference,Reference/Reference,*1/*2,*1/*2,*1/*1,*10/*36 + *10,*1/*1,*3/*3,*1/*17,Reference/Reference,B (reference)/B (reference),*02:01/*11:01,*07:02/*15:01,rs12979860 reference (C)/rs12979860 reference (C),Reference,*1/*1,Reference/Reference,*1/*37,*1/*1,*1/*1,rs9923231 variant (T)/rs9923231 variant (T),1900617663C,E-B19223779412,E-B19223779412,*1/*2,.,*1/*1,AA(rs9923231),*1/*1,.,GA(rs671),*4/*6,.,.,*4/*4,.,.,.,*15:18/*46:01,.,*1/*1,*1/*1,*1/*1,*1/*1,*3/*3,.,.,.,*02:07/*24:02,*1/*1,.
1900617606C,rs2231142 reference (G)/rs2231142 variant (T),Reference/Reference,Reference/Reference,*1/*2,*2/*3,*1/*1,*10/*36 + *10,*1/*1,*1/*1,*1/*17,c.1896T>C (heterozygous),B (reference)/B (reference),*02:01/*11:01,*07:02/*15:01,rs12979860 reference (C)/rs12979860 reference (C),Reference,,Reference/Reference,*37/*37,*1/*1,*1/*1,rs9923231 reference (C)/rs9923231 variant (T),1900617606C,E-B19650845576,E-B19650845576,*2/*3,.,*10/*10,GA(rs9923231),*1/*1,.,.,*4/*6,.,.,*4/*4,.,.,.,*40:01/*46:01,.,*1/*1,*1/*3,*1/*1,*1/*1,*1/*1,GA(rs1803274),.,.,*11:02/*24:02,*1/*1,CA(rs2231142)
1900579499C,rs2231142 reference (G)/rs2231142 reference (G),Reference/Reference,Reference/Reference,*1/*1,*1/*1,*1/*1,*10/*36 + *10,*1/*1,*3/*3,*1/*1,[c.85T>C (*9A) + c.1896T>C] (heterozygous),B (reference)/B (reference),*02:01/*11:01,*07:02/*15:01,rs12979860 reference (C)/rs12979860 reference (C),Reference,*1/*1,Reference/Reference,*15/*37,*1/*1,*1/*6,rs9923231 variant (T)/rs9923231 variant (T),1900579499C,E-B19977559056,E-B19977559056,*1/*1,.,*1/*10,AA(rs9923231),*1/*1,.,GA(rs671),*7/*7,TC(rs4149056),.,*4/*4,.,.,.,*08:01/*46:01,.,*1/*1,*1/*1,*1/*1,*1/*6,*3/*3,.,.,.,*02:07/*24:02,*1/*1,.
1900611556C,rs2231142 reference (G)/rs2231142 variant (T),Reference/Reference,Reference/Reference,*4/*6,*1/*1,*1/*1,*10/*36 + *10,*1/*1,*3/*3,*1/*17,c.85T>C (*9A) (heterozygous),B (reference)/B (reference),*02:01/*11:01,*07:02/*15:01,rs12979860 reference (C)/rs12979860 reference (C),Reference,*1/*1,Reference/Reference,*37/*37,*1/*1,*1/*1,rs9923231 variant (T)/rs9923231 variant (T),1900611556C,E-B19334317303,E-B19334317303,*1/*1,.,*1/*10,AA(rs9923231),*1/*1,.,GA(rs671),*7/*7,.,.,*4/*4,.,.,.,*40:01/*46:01,.,*1/*1,*1/*1,*1/*1,*1/*1,*3/*3,.,.,.,*02:07/*24:02,*4/*6,CA(rs2231142)
1900581595C,rs2231142 reference (G)/rs2231142 reference (G),Reference/Reference,Reference/Reference,*1/*1,*2/*38,*1/*3,*10/*36 + *10,*1/*1,*3/*3,*3/*17,c.1627A>G (*5) (heterozygous),B (reference)/B (reference),*02:01/*11:01,*07:02/*15:01,rs12979860 reference (C)/rs12979860 reference (C),Reference,*1/*1,Reference/Reference,*37/*37,*1/*1,*6/*6,rs9923231 variant (T)/rs9923231 variant (T),1900581595C,E-B19927808816,E-B19927808816,*1/*2,.,*1/*10,AA(rs9923231),*1/*3,GA(rs2108622),.,*4/*6,.,.,*4/*4,.,.,.,*15:07/*56:01,.,*1/*1,*1/*1,*1/*1,*6/*6,*3/*3,.,.,.,*11:01/*24:02,*1/*1,.
1900610964C,rs2231142 variant (T)/rs2231142 variant (T),Reference/Reference,Reference/Reference,*1/*2,*1/*2,*1/*1,*10/*36 + *10,*1/*1,*1/*3,*1/*17,c.1627A>G (*5) (heterozygous),B (reference)/B (reference),*02:01/*11:01,*07:02/*15:01,rs12979860 reference (C)/rs12979860 reference (C),Reference,,Reference/Reference,*1/*37,*1/*1,*1/*6,rs9923231 variant (T)/rs9923231 variant (T),1900610964C,E-B19662934110,E-B19662934110,*1/*2,.,*1/*1,AA(rs9923231),*1/*1,.,.,*4/*6,.,.,*4/*4,.,.,.,*51:01/*51:01,.,*1/*1,*1/*3,*1/*1,*1/*6,*1/*3,.,.,.,*02:01/*11:01,*1/*1,AA(rs2231142)
1900578834C,rs2231142 variant (T)/rs2231142 variant (T),Reference/Reference,Reference/Reference,*1/*1,*1/*2,*1/*1,*10/*36 + *10,*1/*1,*1/*3,*3/*4,c.85T>C (*9A)/c.1896T>C,B (reference)/B (reference),*02:01/*11:01,*07:02/*15:01,rs12979860 reference (C)/rs12979860 reference (C),Reference,,Reference/Reference,*1/*37,*1/*1,*1/*1,rs9923231 variant (T)/rs9923231 variant (T),1900578834C,E-B19716409812,E-B19716409812,*1/*2,.,*10/*10,AA(rs9923231),*1/*1,AA(rs2108622),.,*4/*4,.,.,*4/*4,.,.,.,*15:02/*55:02,.,*1/*1,*1/*3,*1/*1,*1/*1,*1/*3,.,.,.,*02:06/*11:01,*1/*1,AA(rs2231142)
1900499645C,rs2231142 reference (G)/rs2231142 reference (G),Reference/Reference,Reference/Reference,*1/*1,*1/*2,*1/*1,*10/*36 + *10,*1/*1,*3/*3,*1/*1,c.1627A>G (*5) (heterozygous),B (reference)/B (reference),*02:01/*11:01,*07:02/*15:01,rs12979860 reference (C)/rs12979860 reference (C),Reference,*2/*3,Reference/Reference,*37/*37,*1/*1,*1/*6,rs9923231 variant (T)/rs9923231 variant (T),1900499645C,E-B19827283072,E-B19827283072,*1/*2,.,*1/*10,AA(rs9923231),*1/*1,.,GA(rs671),*4/*4,.,.,*4/*4,.,.,.,*13:02/*58:01,.,*1/*1,*2/*3,*1/*1,*1/*6,*3/*3,.,.,.,*02:01/*30:01,*1/*1,.
1900610970C,rs2231142 reference (G)/rs2231142 variant (T),Reference/Reference,Reference/Reference,*1/*4,*1/*2,*1/*1,*10/*36 + *10,*1/*1,*1/*1,*1/*17,Reference/Reference,B (reference)/B (reference),*02:01/*11:01,*07:02/*15:01,rs12979860 reference (C)/rs12979860 reference (C),Reference,*1/*1,Reference/Reference,*1/*37,*1/*1,*1/*1,rs9923231 variant (T)/rs9923231 variant (T),1900610970C,E-B19101621825,E-B19101621825,*1/*2,.,*1/*1,AA(rs9923231),*1/*1,.,.,*4/*4,.,.,*4/*4,.,.,.,*44:03/*54:01,.,*1/*1,*1/*1,*1/*1,*1/*1,*1/*1,GA(rs1803274),.,.,*02:07/*11:01,*1/*4,CA(rs2231142)
1900498899C,rs2231142 variant (T)/rs2231142 variant (T),Reference/Reference,Reference/Reference,*1/*9,*2/*3,*1/*1,*10/*36 + *10,*1/*1,*1/*1,*1/*1,c.1627A>G (*5) (heterozygous),B (reference)/B (reference),*02:01/*11:01,*07:02/*15:01,rs12979860 reference (C)/rs12979860 reference (C),Reference,*1/*1,Reference/Reference,*37/*37,*1/*1,*1/*6,rs9923231 variant (T)/rs9923231 variant (T),1900498899C,E-B19454841265,E-B19454841265,*2/*3,.,*1/*10,AA(rs9923231),*1/*1,.,.,*4/*6,.,.,*4/*4,.,.,.,*38:02/*51:01,.,*1/*1,*1/*1,*1/*1,*1/*6,*1/*1,.,.,.,*02:06/*11:01,*1/*9,AA(rs2231142)
1900580039C,rs2231142 reference (G)/rs2231142 variant (T),Reference/Reference,Reference/Reference,*1/*6,*1/*2,*1/*1,*10/*36 + *10,*1/*1,*1/*3,*1/*17,c.1896T>C (heterozygous),B (reference)/B (reference),*02:01/*11:01,*07:02/*15:01,rs12979860 reference (C)/rs12979860 reference (C),Reference,*1/*1,Reference/Reference,*37/*37,*1/*1,*1/*1,rs9923231 variant (T)/rs9923231 variant (T),1900580039C,E-B19881275129,E-B19881275129,*1/*2,.,*10/*10,AA(rs9923231),*1/*1,.,.,*4/*4,.,.,*4/*4,.,.,.,*46:01/*48:01,.,*1/*1,*1/*1,*1/*1,*1/*1,*1/*3,.,.,.,*11:01/*24:02,*1/*9,CA(rs2231142)
1900579401C,rs2231142 reference (G)/rs2231142 variant (T),Reference/Reference,Reference/Reference,*4/*6,*1/*1,*1/*1,*10/*36 + *10,*1/*1,*1/*3,*1/*1,[c.1627A>G (*5) + c.1896T>C] (heterozygous),B (reference)/B (reference),*02:01/*11:01,*07:02/*15:01,rs12979860 reference (C)/rs12979860 reference (C),Reference,,Reference/Reference,*16/*37,*1/*1,*1/*1,rs9923231 variant (T)/rs9923231 variant (T),1900579401C,E-B19165451744,E-B19165451744,*1/*1,.,*1/*10,AA(rs9923231),*1/*1,.,GA(rs671),*6/*6,.,.,*4/*4,.,.,.,*52:01/*55:02,.,*1/*1,*1/*3,*1/*1,*1/*1,*1/*3,.,.,.,*11:01/*24:02,*4/*6,CA(rs2231142)
1900649729C,rs2231142 reference (G)/rs2231142 reference (G),Reference/Reference,Reference/Reference,*6/*48,*1/*1,*1/*1,*10/*36 + *10,*1/*1,*1/*1,*1/*17,c.1627A>G (*5) (heterozygous),B (reference)/B (reference),*02:01/*11:01,*07:02/*15:01,rs12979860 reference (C)/rs12979860 reference (C),Reference,*1/*1,Reference/Reference,*37/*37,*1/*1,*1/*6,rs9923231 variant (T)/rs9923231 variant (T),1900649729C,E-B19188755032,E-B19188755032,*1/*1,.,*1/*10,AA(rs9923231),*1/*1,.,.,*4/*6,.,.,*4/*4,.,.,.,*40:01/*50:01,.,*1/*1,*1/*1,*1/*1,*1/*6,*1/*1,.,.,.,*02:05/*11:02,*1/*6,.
1900495608C,rs2231142 reference (G)/rs2231142 reference (G),Reference/Reference,Reference/Reference,*1/*1,*1/*38,*1/*3,*10/*36 + *10,*1/*1,*1/*3,*1/*1,c.1627A>G (*5) (heterozygous),B (reference)/B (reference),*02:01/*11:01,*07:02/*15:01,rs12979860 reference (C)/rs12979860 reference (C),Reference,*1/*1,Reference/Reference,*15/*37,*1/*1,*1/*1,rs9923231 variant (T)/rs9923231 variant (T),1900495608C,E-B19315470131,E-B19315470131,*1/*1,.,*1/*1,AA(rs9923231),*1/*3,.,.,*6/*7,TC(rs4149056),.,*4/*4,.,.,.,*13:02/*46:01,.,*1/*1,*1/*1,*1/*1,*1/*1,*1/*3,GA(rs1803274),.,.,*02:06/*11:01,*1/*1,.
1900498022C,rs2231142 reference (G)/rs2231142 reference (G),Reference/Reference,Reference/Reference,*1/*1,*1/*2,*1/*1,*10/*36 + *10,*1/*1,*3/*3,*1/*1,c.1896T>C (heterozygous),B (reference)/B (reference),*02:01/*11:01,*07:02/*15:01,rs12979860 reference (C)/rs12979860 reference (C),Reference,*1/*2,Reference/Reference,*15/*37,*1/*6,*1/*1,rs9923231 variant (T)/rs9923231 variant (T),1900498022C,E-B19553971920,E-B19553971920,*1/*2,.,*10/*10,AA(rs9923231),*1/*1,.,.,*4/*6,TC(rs4149056),.,*4/*4,.,.,.,*13:01/*40:02,.,*1/*1,*1/*2,*1/*1,*1/*1,*3/*3,.,.,.,*02:03/*31:01,*1/*1,.
1900581550C,rs2231142 variant (T)/rs2231142 variant (T),Reference/Reference,Reference/Reference,*1/*6,*1/*2,*1/*1,*10/*36 + *10,*1/*1,*3/*3,*1/*17,[c.1627A>G (*5) + c.1896T>C] (heterozygous),B (reference)/B (reference),*02:01/*11:01,*07:02/*15:01,rs12979860 reference (C)/rs12979860 reference (C),Reference,*1/*1,Reference/Reference,*37/*37,*1/*1,*1/*1,rs9923231 variant (T)/rs9923231 variant (T),1900581550C,E-B19327517542,E-B19327517542,*1/*2,.,*1/*1,AA(rs9923231),*1/*1,.,.,*4/*4,.,.,*4/*4,.,.,.,*15:12/*51:01,.,*1/*1,*1/*1,*1/*1,*1/*1,*3/*3,.,.,.,*02:06/*24:02,*1/*6,AA(rs2231142)
1900494713C,rs2231142 reference (G)/rs2231142 variant (T),Reference/Reference,Reference/Reference,*1/*1,*1/*17,*1/*1,*10/*36 + *10,*1/*1,*3/*3,*1/*1,Reference/Reference,B (reference)/B (reference),*02:01/*11:01,*07:02/*15:01,rs12979860 reference (C)/rs12979860 variant (T),Reference,*1/*1,Reference/Reference,*15/*37,*1/*1,*6/*6,rs9923231 variant (T)/rs9923231 variant (T),1900494713C,E-B19863107186,E-B19863107186,*1/*17,.,*1/*10,AA(rs9923231),*1/*1,.,GA(rs671),*4/*4,TC(rs4149056),.,*4/*4,.,.,.,*40:02/*56:04,GA(rs12979860),*1/*1,*1/*1,*1/*1,*6/*6,*3/*3,.,.,.,*02:03/*26:01,*1/*1,CA(rs2231142)
1900646136C,rs2231142 reference (G)/rs2231142 reference (G),Reference/Reference,Reference/Reference,*4/*6,*1/*2,*1/*1,*10/*36 + *10,*1/*18,*1/*3,*1/*17,Reference/Reference,B (reference)/B (reference),*02:01/*11:01,*07:02/*15:01,rs12979860 reference (C)/rs12979860 reference (C),Reference,,Reference/Reference,*37/*37,*1/*1,*1/*80+*28,rs9923231 reference (C)/rs9923231 variant (T),1900646136C,E-B19575577590,E-B19575577590,*1/*2,.,*10/*10,GA(rs9923231),*1/*1,.,GA(rs671),*4/*4,.,.,*4/*4,.,.,.,*13:01/*40:01,.,*1/*1,*1/*3,*1/*1,*1/*28,*1/*3,.,.,.,*11:01/*11:02,*4/*6,.
1900499899C,rs2231142 reference (G)/rs2231142 variant (T),Reference/Reference,Reference/Reference,*1/*2,*1/*38,*1/*3,*10/*36 + *10,*1/*1,*3/*3,*3/*17,Reference/Reference,B (reference)/B (reference),*02:01/*11:01,*07:02/*15:01,rs12979860 reference (C)/rs12979860 reference (C),Reference,*1/*1,Reference/Reference,*37/*37,*1/*1,*1/*1,rs9923231 variant (T)/rs9923231 variant (T),1900499899C,E-B19615743584,E-B19615743584,*1/*1,.,*10/*10,AA(rs9923231),*1/*3,GA(rs2108622),.,*4/*4,.,.,*4/*4,.,.,.,*51:01/*51:01,.,*1/*1,*1/*1,*1/*1,*1/*1,*3/*3,GA(rs1803274),.,.,*02:06/*31:01,*1/*1,CA(rs2231142)
1900580068C,rs2231142 reference (G)/rs2231142 variant (T),Reference/Reference,Reference/Reference,*1/*1,*1/*1,*1/*1,*10/*36 + *10,*1/*1,*3/*3,*1/*17,c.85T>C (*9A)/c.496A>G,B (reference)/B (reference),*02:01/*11:01,*07:02/*15:01,rs12979860 reference (C)/rs12979860 reference (C),Reference,*1/*1,Reference/Reference,*37/*37,*1/*1,*1/*1,rs9923231 variant (T)/rs9923231 variant (T),1900580068C,E-B19626845111,E-B19626845111,*1/*1,.,*10/*10,AA(rs9923231),*1/*1,.,GA(rs671),*4/*6,.,.,*4/*4,.,.,.,*40:01/*46:01,.,*1/*1,*1/*1,*1/*1,*1/*1,*3/*3,.,.,.,*11:01/*24:02,*1/*1,CA(rs2231142)
1900646123C,rs2231142 reference (G)/rs2231142 variant (T),Reference/Reference,Reference/Reference,*1/*1,*1/*1,*1/*1,*10/*36 + *10,*1/*1,*3/*3,*1/*17,c.1627A>G (*5) (heterozygous),B (reference)/B (reference),*02:01/*11:01,*07:02/*15:01,rs12979860 reference (C)/rs12979860 reference (C),Reference,*1/*1,Reference/Reference,*1/*37,*1/*1,*1/*6,rs9923231 variant (T)/rs9923231 variant (T),1900646123C,E-B19453652455,E-B19453652455,*1/*1,.,*1/*1,AA(rs9923231),*1/*1,.,.,*5/*6,.,.,*4/*4,.,.,.,*15:02/*54:01,.,*1/*1,*1/*1,*1/*1,*1/*6,*3/*3,.,.,.,*11:01/*24:02,*1/*1,CA(rs2231142)
1900495689C,rs2231142 reference (G)/rs2231142 reference (G),Reference/Reference,Reference/Reference,*6/*6,*1/*3,*1/*1,*10/*36 + *10,*1/*1,*1/*3,*1/*1,c.1896T>C (heterozygous),"Canton, Taiwan-Hakka, Gifu-like, Agrigento-like/Canton, Taiwan-Hakka, Gifu-like, Agrigento-like",*02:01/*11:01,*07:02/*15:01,rs12979860 reference (C)/rs12979860 variant (T),Reference,*1/*1,Reference/Reference,*15/*37,*1/*1,*1/*1,rs9923231 variant (T)/rs9923231 variant (T),1900495689C,E-B19521894078,E-B19521894078,*1/*3,TT(rs72554665),*1/*10,AA(rs9923231),*1/*1,.,GA(rs671),*4/*6,TC(rs4149056),.,*4/*4,.,.,.,*13:01/*40:01,GA(rs12979860),*1/*1,*1/*1,*1/*1,*1/*1,*1/*3,.,.,.,*11:01/*24:02,*6/*6,.
1900581201C,rs2231142 variant (T)/rs2231142 variant (T),Reference/Reference,Reference/Reference,*1/*2,*1/*2,*1/*1,*10/*36 + *10,*1/*1,*1/*3,*1/*3,[c.85T>C (*9A) + c.1896T>C] (heterozygous),B (reference)/B (reference),*02:01/*11:01,*07:02/*15:01,rs12979860 reference (C)/rs12979860 reference (C),Reference,,Reference/Reference,*1/*37,*1/*1,*1/*80+*28,rs9923231 variant (T)/rs9923231 variant (T),1900581201C,E-B19819019796,E-B19819019796,*1/*2,.,*10/*10,AA(rs9923231),*1/*1,GA(rs2108622),GA(rs671),*6/*7,.,.,*4/*4,.,.,.,*15:01/*35:08,.,*1/*1,*1/*3,*1/*1,*1/*28,*1/*3,.,.,.,*02:01/*30:01,*1/*1,AA(rs2231142)
1900493098C,rs2231142 reference (G)/rs2231142 reference (G),Reference/Reference,Reference/Reference,*1/*6,*1/*1,*1/*1,*10/*36 + *10,*1/*1,*1/*3,*3/*17,c.1627A>G (*5)/c.1627A>G (*5),B (reference)/B (reference),*02:01/*11:01,*07:02/*15:01,rs12979860 reference (C)/rs12979860 reference (C),Reference,*1/*1,Reference/Reference,*1/*37,*1/*1,*1/*80+*28,rs9923231 reference (C)/rs9923231 variant (T),1900493098C,E-B19689713602,E-B19689713602,*1/*1,.,*10/*10,GA(rs9923231),*1/*1,GA(rs2108622),.,*4/*5,.,.,*4/*4,.,.,.,*51:01/*58:01,.,*1/*1,*1/*1,*1/*1,*1/*28,*1/*3,GA(rs1803274),.,.,*02:01/*33:03,*1/*6,.
1900499810C,rs2231142 reference (G)/rs2231142 variant (T),Reference/Reference,Reference/Reference,*1/*1,*1/*2,*1/*1,*10/*36 + *10,*1/*1,*3/*3,Unknown/Unknown,c.1627A>G (*5)/c.1896T>C,B (reference)/B (reference),*02:01/*11:01,*07:02/*15:01,rs12979860 reference (C)/rs12979860 reference (C),Reference,*1/*1,c.11266C>G (heterozygous),*37/*37,*1/*1,*1/*1,rs9923231 variant (T)/rs9923231 variant (T),1900499810C,E-B19980413201,E-B19980413201,*1/*2,.,*1/*10,AA(rs9923231),*1/*1,AA(rs2108622),.,*4/*7,.,.,*4/*4,.,.,.,*13:02/*58:01,.,*1/*1,*1/*1,*1/*1,*1/*1,*3/*3,.,.,.,*30:01/*33:03,*1/*1,CA(rs2231142)
1900619137C,rs2231142 reference (G)/rs2231142 reference (G),Reference/Reference,Reference/Reference,*1/*1,*1/*2,*1/*1,*10/*36 + *10,*1/*1,*3/*3,*1/*1,c.1896T>C (heterozygous),B (reference)/B (reference),*02:01/*11:01,*07:02/*15:01,rs12979860 reference (C)/rs12979860 reference (C),Reference,*1/*1,Reference/Reference,*15/*37,*1/*1,*6/*80+*28,rs9923231 variant (T)/rs9923231 variant (T),1900619137C,E-B19274819230,E-B19274819230,*1/*2,.,*1/*10,AA(rs9923231),*1/*1,.,.,*4/*6,TC(rs4149056),.,*4/*4,.,.,.,*27:04/*58:01,.,*1/*1,*1/*1,*1/*1,*6/*28,*3/*3,.,.,.,*11:02/*33:03,*1/*1,.
2901227142C,rs2231142 reference (G)/rs2231142 variant (T),Reference/Reference,Reference/Reference,*1/*1,*1/*1,*1/*1,*10/*36 + *10,*1/*1,*3/*3,*3/*17,Reference/Reference,B (reference)/B (reference),*02:01/*11:01,*07:02/*15:01,rs12979860 reference (C)/rs12979860 reference (C),Reference,*1/*1,Reference/Reference,*1/*15,*1/*3C,*1/*6,rs9923231 variant (T)/rs9923231 variant (T),2901227142C,E-B19835504495,E-B19835504495,*1/*1,.,*1/*10,AA(rs9923231),*1/*1,GA(rs2108622),.,*4/*4,TC(rs4149056),.,*4/*4,.,.,.,*27:06/*46:01,.,*1/*3C,*1/*1,*1/*1,*1/*6,*3/*3,.,.,.,*02:07/*11:01,*1/*1,CA(rs2231142)
1900611570C,rs2231142 reference (G)/rs2231142 variant (T),Reference/Reference,Reference/Reference,,*1/*2,*1/*1,*10/*36 + *10,*1/*1,*3/*3,*1/*1,c.1627A>G (*5) (heterozygous),B (reference)/B (reference),*02:01/*11:01,*07:02/*15:01,rs12979860 reference (C)/rs12979860 reference (C),Reference,*1/*1,Reference/Reference,*37/*37,*1/*1,*1/*1,rs9923231 variant (T)/rs9923231 variant (T),1900611570C,E-B19201911247,E-B19201911247,*1/*2,.,*1/*10,AA(rs9923231),*1/*1,.,AA(rs671),*4/*6,.,.,*4/*4,.,.,.,*38:02/*46:01,.,*1/*1,*1/*1,*1/*1,*1/*1,*3/*3,.,.,.,*11:01/*11:02,*1/*9,CA(rs2231142)
1900580071C,rs2231142 reference (G)/rs2231142 variant (T),Reference/Reference,Reference/Reference,*1/*9,*2/*2,*1/*1,*10/*36 + *10,*1/*1,*1/*3,*1/*17,Reference/Reference,B (reference)/B (reference),*02:01/*11:01,*07:02/*15:01,rs12979860 reference (C)/rs12979860 reference (C),Reference,*1/*1,c.5317C>T (heterozygous),*15/*37,*1/*1,*1/*80+*28,rs9923231 variant (T)/rs9923231 variant (T),1900580071C,E-B19961751201,E-B19961751201,*2/*2,.,*1/*1,AA(rs9923231),*1/*1,.,.,*4/*5,TC(rs4149056),.,*4/*4,.,.,.,*40:06/*44:02,.,*1/*1,*1/*1,*1/*1,*1/*28,*1/*3,GA(rs1803274),.,.,*03:01/*24:02,*1/*9,CA(rs2231142)
1900618779C,rs2231142 reference (G)/rs2231142 variant (T),Reference/Reference,Reference/Reference,*1/*1,*1/*1,*1/*1,*10/*36 + *10,*1/*1,*1/*3,*1/*1,c.1627A>G (*5) (heterozygous),B (reference)/B (reference),*02:01/*11:01,*07:02/*15:01,rs12979860 reference (C)/rs12979860 reference (C),Reference,*1/*1,Reference/Reference,*37/*37,*1/*1,*1/*1,rs9923231 variant (T)/rs9923231 variant (T),1900618779C,E-B19873923475,E-B19873923475,*1/*1,.,*1/*10,AA(rs9923231),*1/*1,.,GA(rs671),*4/*4,.,.,*4/*4,.,.,.,*35:01/*35:01,.,*1/*1,*1/*1,*1/*1,*1/*1,*1/*3,GA(rs1803274),.,.,*02:01/*24:02,*1/*1,CA(rs2231142)
1900611529C,rs2231142 reference (G)/rs2231142 variant (T),Reference/Reference,Reference/Reference,*1/*4,*1/*2,*1/*1,*10/*36 + *10,*1/*1,*3/*3,*1/*17,Reference/Reference,B (reference)/B (reference),*02:01/*11:01,*07:02/*15:01,rs12979860 reference (C)/rs12979860 reference (C),Reference,,Reference/Reference,*37/*37,*1/*1,*1/*1,rs9923231 variant (T)/rs9923231 variant (T),1900611529C,E-B19157329542,E-B19157329542,*1/*2,.,*1/*10,AA(rs9923231),*1/*1,.,.,*4/*7,.,.,*4/*4,.,.,.,*08:01/*13:01,.,*1/*1,*1/*3,*1/*1,*1/*1,*3/*3,.,.,.,*01:01/*02:01,*1/*4,CA(rs2231142)
1900580216C,rs2231142 reference (G)/rs2231142 variant (T),Reference/Reference,Reference/Reference,*1/*1,*1/*2,*1/*1,*10/*36 + *10,*1/*1,*3/*3,*1/*17,c.1627A>G (*5)/c.1896T>C,B (reference)/B (reference),*02:01/*11:01,*07:02/*15:01,rs12979860 reference (C)/rs12979860 variant (T),Reference,*1/*1,c.11266C>G (heterozygous),*37/*37,*1/*1,*1/*1,rs9923231 variant (T)/rs9923231 variant (T),1900580216C,E-B19479498682,E-B19479498682,*1/*2,.,*1/*10,AA(rs9923231),*1/*1,.,GA(rs671),*4/*6,.,.,*4/*4,.,.,.,*58:01/*58:01,GA(rs12979860),*1/*1,*1/*1,*1/*1,*1/*1,*3/*3,.,.,.,*11:01/*33:03,*1/*1,CA(rs2231142)
1900649748C,rs2231142 variant (T)/rs2231142 variant (T),Reference/Reference,Reference/Reference,*1/*2,*1/*2,*1/*1,*10/*36 + *10,*1/*1,*3/*3,*3/*17,Reference/Reference,"B (reference)/Kaiping, Anant, Dhon, Sapporo-like, Wosera",*02:01/*11:01,*07:02/*15:01,rs12979860 reference (C)/rs12979860 reference (C),Reference,*1/*1,Reference/Reference,*37/*37,*1/*1,*1/*1,rs9923231 reference (C)/rs9923231 variant (T),1900649748C,E-B19939428846,E-B19939428846,*1/*2,GA(rs72554664),*10/*10,GA(rs9923231),*1/*1,GA(rs2108622),GA(rs671),*4/*6,.,.,*4/*4,.,.,.,*40:01/*46:01,.,*1/*1,*1/*1,*1/*1,*1/*1,*3/*3,.,.,.,*11:01/*11:02,*1/*1,AA(rs2231142)
1900611542C,rs2231142 reference (G)/rs2231142 variant (T),Reference/Reference,Reference/Reference,*2/*9,*1/*1,*1/*1,*10/*36 + *10,*1/*1,*3/*3,*1/*3,Reference/Reference,B (reference)/B (reference),*02:01/*11:01,*07:02/*15:01,rs12979860 reference (C)/rs12979860 reference (C),Reference,*2/*5,Reference/Reference,*1/*37,*1/*1,*1/*80+*28,rs9923231 variant (T)/rs9923231 variant (T),1900611542C,E-B19923387551,E-B19923387551,*1/*1,.,*10/*10,AA(rs9923231),*1/*1,GA(rs2108622),GA(rs671),*4/*7,.,.,*4/*4,.,.,.,*35:93/*54:01,.,*1/*1,*1/*2,*1/*1,*1/*28,*3/*3,.,.,.,*02:01/*11:01,*1/*9,CA(rs2231142)
1900499091C,rs2231142 variant (T)/rs2231142 variant (T),Reference/Reference,Reference/Reference,*1/*1,*1/*2,*1/*1,*10/*36 + *10,*1/*1,*3/*3,*1/*17,Reference/Reference,B (reference)/B (reference),*02:01/*11:01,*07:02/*15:01,rs12979860 reference (C)/rs12979860 reference (C),Reference,*1/*1,Reference/Reference,*15/*37,*1/*1,*1/*1,rs9923231 variant (T)/rs9923231 variant (T),1900499091C,E-B19304897122,E-B19304897122,*1/*2,.,*1/*1,AA(rs9923231),*1/*1,.,AA(rs671),*4/*4,TC(rs4149056),.,*4/*4,.,.,.,*40:01/*58:01,.,*1/*1,*1/*1,*1/*1,*1/*1,*3/*3,.,.,.,*11:01/*33:03,*1/*1,AA(rs2231142)
1900618797C,rs2231142 reference (G)/rs2231142 reference (G),Reference/Reference,Reference/Reference,*1/*2,*1/*2,*1/*1,*10/*36 + *10,*1/*1,*1/*3,*1/*1,Reference/Reference,B (reference)/B (reference),*02:01/*11:01,*07:02/*15:01,rs12979860 reference (C)/rs12979860 reference (C),Reference,*1/*1,Reference/Reference,*1/*37,*1/*1,*1/*1,rs9923231 reference (C)/rs9923231 variant (T),1900618797C,E-B19559435598,E-B19559435598,*1/*2,.,*10/*10,GA(rs9923231),*1/*1,.,.,*4/*6,.,.,*4/*4,.,.,.,*40:01/*58:01,.,*1/*1,*1/*1,*1/*1,*1/*1,*1/*3,.,.,.,*11:01/*33:03,*1/*1,.
1900611736C,rs2231142 reference (G)/rs2231142 reference (G),Reference/Reference,Reference/Reference,*1/*1,*1/*38,*1/*3,*10/*36 + *10,*1/*1,*3/*3,*4/*17,Reference/Reference,B (reference)/B (reference),*02:01/*11:01,*07:02/*15:01,rs12979860 reference (C)/rs12979860 reference (C),Reference,*1/*1,Reference/Reference,*37/*37,*1/*1,*1/*1,rs9923231 variant (T)/rs9923231 variant (T),1900611736C,E-B19530234405,E-B19530234405,*1/*1,.,*1/*10,AA(rs9923231),*1/*3,GA(rs2108622),GA(rs671),*4/*6,.,.,*4/*4,.,.,.,*46:01/*52:01,.,*1/*1,*1/*1,*1/*1,*1/*1,*3/*3,GA(rs1803274),.,.,*02:01/*03:01,*1/*1,.
1900499392C,rs2231142 variant (T)/rs2231142 variant (T),Reference/Reference,Reference/Reference,*1/*1,*1/*2,*1/*1,*10/*36 + *10,*1/*1,*3/*3,*1/*1,Reference/Reference,B (reference)/B (reference),*02:01/*11:01,*07:02/*15:01,rs12979860 reference (C)/rs12979860 variant (T),Reference,*1/*1,Reference/Reference,*37/*37,*1/*1,*1/*80+*28,rs9923231 variant (T)/rs9923231 variant (T),1900499392C,E-B19137353644,E-B19137353644,*1/*2,.,*1/*10,AA(rs9923231),*1/*1,.,.,*4/*4,.,.,*4/*4,.,.,.,*07:02/*51:01,GA(rs12979860),*1/*1,*1/*1,*1/*1,*1/*28,*3/*3,.,.,.,*11:01/*24:02,*1/*1,AA(rs2231142)
1900618709C,rs2231142 reference (G)/rs2231142 variant (T),Reference/Reference,Reference/Reference,*1/*1,*1/*2,*1/*1,*10/*36 + *10,*1/*1,*3/*3,*1/*1,c.1627A>G (*5) (heterozygous),B (reference)/B (reference),*02:01/*11:01,*07:02/*15:01,rs12979860 reference (C)/rs12979860 reference (C),Reference,*1/*1,Reference/Reference,*1/*37,*1/*1,*1/*1,rs9923231 variant (T)/rs9923231 variant (T),1900618709C,E-B19633947408,E-B19633947408,*1/*2,.,*1/*10,AA(rs9923231),*1/*1,.,GA(rs671),*4/*4,.,.,*4/*4,.,.,.,*15:18/*40:06,.,*1/*1,*1/*1,*1/*1,*1/*1,*3/*3,.,.,.,*24:02/*24:02,*1/*1,CA(rs2231142)
1900619167C,rs2231142 reference (G)/rs2231142 reference (G),Reference/Reference,Reference/Reference,*1/*4,*1/*1,*1/*1,*10/*36 + *10,*1/*1,*1/*3,*3/*17,Reference/Reference,B (reference)/B (reference),*02:01/*11:01,*07:02/*15:01,rs12979860 reference (C)/rs12979860 variant (T),Reference,*1/*1,Reference/Reference,*37/*37,*1/*1,*1/*1,rs9923231 variant (T)/rs9923231 variant (T),1900619167C,E-B19968959529,E-B19968959529,*1/*1,.,*1/*1,AA(rs9923231),*1/*1,GA(rs2108622),GA(rs671),*4/*4,.,.,*4/*4,.,.,.,*40:01/*55:02,GA(rs12979860),*1/*1,*1/*1,*1/*1,*1/*1,*1/*3,GA(rs1803274),.,.,*11:01/*11:01,*1/*4,.
1900611385C,rs2231142 variant (T)/rs2231142 variant (T),Reference/Reference,Reference/Reference,*1/*6,*1/*1,*1/*1,*10/*36 + *10,*1/*18,*3/*3,*3/*17,Reference/Reference,B (reference)/B (reference),*02:01/*11:01,*07:02/*15:01,rs12979860 reference (C)/rs12979860 reference (C),Reference,*1/*1,Reference/Reference,*37/*37,*1/*1,*1/*1,rs9923231 variant (T)/rs9923231 variant (T),1900611385C,E-B19348793996,E-B19348793996,*1/*1,.,*1/*10,AA(rs9923231),*1/*1,GA(rs2108622),.,*4/*7,.,.,*4/*4,.,.,.,*27:04/*48:01,.,*1/*1,*1/*1,*1/*1,*1/*1,*3/*3,.,.,.,*11:01/*11:01,*1/*6,AA(rs2231142)
1900580210C,rs2231142 reference (G)/rs2231142 reference (G),Reference/Reference,Reference/Reference,*1/*1,*1/*1,*1/*1,*10/*36 + *10,*1/*1,*1/*3,*3/*17,Reference/Reference,B (reference)/B (reference),*02:01/*11:01,*07:02/*15:01,rs12979860 reference (C)/rs12979860 reference (C),Reference,*1/*1,Reference/Reference,*37/*37,*1/*1,*6/*80+*28,rs9923231 variant (T)/rs9923231 variant (T),1900580210C,E-B19599327234,E-B19599327234,*1/*1,.,*1/*10,AA(rs9923231),*1/*1,GA(rs2108622),GA(rs671),*4/*7,.,.,*4/*4,.,.,.,*15:01/*15:18,.,*1/*1,*1/*1,*1/*1,*6/*28,*1/*3,.,.,.,*02:07/*24:02,*1/*1,.
1900618769C,rs2231142 variant (T)/rs2231142 variant (T),Reference/Reference,Reference/Reference,*1/*1,*2/*6,*1/*1,*10/*36 + *10,*1/*1,*3/*3,*1/*1,c.1627A>G (*5) (heterozygous),B (reference)/B (reference),*02:01/*11:01,*07:02/*15:01,rs12979860 reference (C)/rs12979860 reference (C),Reference,*1/*1,Reference/Reference,*1/*37,*1/*1,*1/*80+*28,rs9923231 reference (C)/rs9923231 variant (T),1900618769C,E-B19857305412,E-B19857305412,*2/*6,.,*1/*10,GA(rs9923231),*1/*1,.,.,*4/*4,.,.,*4/*4,.,.,.,*48:01/*58:01,.,*1/*1,*1/*1,*1/*1,*1/*28,*3/*3,GA(rs1803274),.,.,*02:07/*33:03,*1/*1,AA(rs2231142)
1900499075C,rs2231142 reference (G)/rs2231142 reference (G),Reference/Reference,Reference/Reference,*1/*1,*1/*2,*1/*1,*10/*36 + *10,*1/*1,*1/*1,*3/*17,c.1627A>G (*5) (heterozygous),B (reference)/B (reference),*02:01/*11:01,*07:02/*15:01,rs12979860 reference (C)/rs12979860 reference (C),Reference,*2/*6,Reference/Reference,Unknown/Unknown,*1/*1,*1/*6,rs9923231 reference (C)/rs9923231 variant (T),1900499075C,E-B19835403687,E-B19835403687,*1/*2,.,*1/*1,GA(rs9923231),*1/*1,GA(rs2108622),GA(rs671),*4/*5,.,.,*4/*4,.,.,.,*40:01/*51:01,.,*1/*1,*1/*2,*1/*1,*1/*6,*1/*1,.,.,.,*11:01/*26:01,*1/*1,.
1900493091C,rs2231142 reference (G)/rs2231142 variant (T),Reference/Reference,Reference/Reference,*1/*48,*2/*3,*1/*1,*10/*36 + *10,*1/*1,*1/*3,*3/*17,Reference/Reference,B (reference)/B (reference),*02:01/*11:01,*07:02/*15:01,rs12979860 reference (C)/rs12979860 variant (T),Reference,,Reference/Reference,*37/*37,*1/*1,*1/*1,rs9923231 variant (T)/rs9923231 variant (T),1900493091C,E-B19368975091,E-B19368975091,*2/*3,.,*10/*10,AA(rs9923231),*1/*1,GA(rs2108622),GA(rs671),*4/*6,.,.,*4/*4,.,.,.,*13:02/*35:03,GA(rs12979860),*1/*1,*1/*3,*1/*1,*1/*1,*1/*3,GA(rs1803274),.,.,*30:01/*33:03,*1/*1,CA(rs2231142)
1900488117C,rs2231142 variant (T)/rs2231142 variant (T),Reference/Reference,Reference/Reference,*1/*4,*1/*17,*1/*46,*10/*36 + *10,*1/*1,*3/*3,*1/*1,Reference/Reference,B (reference)/B (reference),*02:01/*11:01,*07:02/*15:01,rs12979860 reference (C)/rs12979860 variant (T),Reference,*1/*1,Reference/Reference,*15/*37,*1/*1,*1/*1,rs9923231 variant (T)/rs9923231 variant (T),1900488117C,E-B19655281032,E-B19655281032,*1/*17,.,*10/*10,AA(rs9923231),*1/*1,.,GA(rs671),*4/*4,TC(rs4149056),.,*4/*4,.,.,.,*40:01/*46:01,GA(rs12979860),*1/*1,*1/*1,*1/*1,*1/*1,*3/*3,.,.,.,*02:01/*02:06,*1/*1,AA(rs2231142)
1900581557C,rs2231142 reference (G)/rs2231142 reference (G),Reference/Reference,Reference/Reference,*1/*6,*1/*2,*1/*1,*10/*36 + *10,*1/*1,*3/*3,*1/*1,c.1627A>G (*5) (heterozygous),B (reference)/B (reference),*02:01/*11:01,*07:02/*15:01,rs12979860 reference (C)/rs12979860 reference (C),Reference,*1/*1,Reference/Reference,*37/*37,*1/*1,*1/*1,rs9923231 variant (T)/rs9923231 variant (T),1900581557C,E-B19681282464,E-B19681282464,*1/*2,.,*1/*10,AA(rs9923231),*1/*1,.,.,*4/*4,.,.,*4/*4,.,.,.,*58:01/*58:01,.,*1/*1,*1/*1,*1/*1,*1/*1,*3/*3,.,.,.,*33:03/*33:03,*1/*6,.
1900492555C,rs2231142 reference (G)/rs2231142 reference (G),Reference/Reference,Reference/Reference,*1/*6,*1/*2,*1/*1,*10/*36 + *10,*1/*1,*1/*3,*1/*1,c.1627A>G (*5)/c.1627A>G (*5),Valladolid/Valladolid,*02:01/*11:01,*07:02/*15:01,rs12979860 reference (C)/rs12979860 reference (C),Reference,*1/*1,Reference/Reference,*15/*37,*1/*1,*1/*1,rs9923231 variant (T)/rs9923231 variant (T),1900492555C,E-B19579942673,E-B19579942673,*1/*2,TT(rs979416826),*1/*10,AA(rs9923231),*1/*1,.,.,*6/*6,TC(rs4149056),.,*4/*4,.,.,.,*48:01/*58:01,.,*1/*1,*1/*1,*1/*1,*1/*1,*1/*3,.,.,.,*24:02/*33:03,*1/*6,.
1900499036C,rs2231142 reference (G)/rs2231142 reference (G),Reference/Reference,Reference/Reference,*1/*1,*1/*1,*1/*1,*10/*36 + *10,*1/*1,*3/*3,*1/*17,[c.85T>C (*9A) + c.1627A>G (*5)] (heterozygous),B (reference)/B (reference),*02:01/*11:01,*07:02/*15:01,rs12979860 reference (C)/rs12979860 reference (C),Reference,*1/*1,Reference/Reference,*15/*37,*1/*1,*1/*1,rs9923231 reference (C)/rs9923231 variant (T),1900499036C,E-B19270451356,E-B19270451356,*1/*1,.,*10/*10,GA(rs9923231),*1/*1,.,GA(rs671),*4/*6,TC(rs4149056),.,*4/*4,.,.,.,*38:02/*55:02,.,*1/*1,*1/*1,*1/*1,*1/*1,*3/*3,.,.,.,*02:03/*02:03,*1/*1,.
1900619144C,rs2231142 reference (G)/rs2231142 variant (T),Reference/Reference,Reference/Reference,*1/*6,*1/*2,*1/*16,*10/*36 + *10,*1/*1,*3/*3,*1/*1,c.2194G>A (*6) (heterozygous),B (reference)/B (reference),*02:01/*11:01,*07:02/*15:01,rs12979860 reference (C)/rs12979860 reference (C),Reference,*1/*1,c.5317C>T (heterozygous),*1/*37,*1/*1,*1/*1,rs9923231 reference (C)/rs9923231 variant (T),1900619144C,E-B19320110961,E-B19320110961,*1/*2,.,*1/*10,GA(rs9923231),*1/*16,.,GA(rs671),*4/*4,.,.,*4/*4,.,.,.,*40:01/*58:01,.,*1/*1,*1/*1,*1/*1,*1/*1,*3/*3,.,.,.,*02:07/*33:03,*1/*6,CA(rs2231142)
1900579478C,rs2231142 reference (G)/rs2231142 variant (T),Reference/Reference,Reference/Reference,*1/*6,*2/*2,*1/*1,*10/*36 + *10,*1/*1,*1/*3,*4/*17,c.1627A>G (*5) (heterozygous),B (reference)/B (reference),*02:01/*11:01,*07:02/*15:01,rs12979860 reference (C)/rs12979860 variant (T),Reference,*1/*1,Reference/Reference,*15/*37,*1/*1,*27/*80+*28,rs9923231 variant (T)/rs9923231 variant (T),1900579478C,E-B19583840485,E-B19583840485,*2/*2,.,*1/*10,AA(rs9923231),*1/*1,GA(rs2108622),.,*4/*4,TC(rs4149056),.,*4/*4,.,.,.,*15:02/*15:25,GA(rs12979860),*1/*1,*1/*1,*1/*1,*27/*28,*1/*3,.,.,.,*11:02/*24:10,*1/*6,CA(rs2231142)
1900581513C,rs2231142 reference (G)/rs2231142 reference (G),Reference/Reference,Reference/Reference,*1/*1,*1/*2,*1/*1,*10/*36 + *10,*1/*1,*1/*3,*1/*17,[c.1627A>G (*5) + c.1896T>C] (heterozygous),B (reference)/B (reference),*02:01/*11:01,*07:02/*15:01,rs12979860 reference (C)/rs12979860 reference (C),Reference,*1/*1,Reference/Reference,*1/*1,*1/*1,*1/*1,rs9923231 variant (T)/rs9923231 variant (T),1900581513C,E-B19184363129,E-B19184363129,*1/*2,.,*10/*10,AA(rs9923231),*1/*1,.,.,*4/*4,.,.,*4/*4,.,.,.,*35:03/*40:01,.,*1/*1,*1/*1,*1/*1,*1/*1,*1/*3,GA(rs1803274),.,.,*24:02/*26:01,*1/*1,.
1900488127C,rs2231142 reference (G)/rs2231142 variant (T),Reference/Reference,Reference/Reference,*2/*2,*1/*1,*1/*1,*10/*36 + *10,*1/*1,*1/*3,*1/*1,c.2303C>A (heterozygous),B (reference)/B (reference),*02:01/*11:01,*07:02/*15:01,rs12979860 reference (C)/rs12979860 reference (C),Reference,*1/*1,Reference/Reference,*1/*37,*1/*1,*1/*1,rs9923231 variant (T)/rs9923231 variant (T),1900488127C,E-B19451537593,E-B19451537593,*1/*1,.,*1/*10,AA(rs9923231),*1/*1,.,GA(rs671),*4/*4,.,.,*4/*4,.,.,.,*13:02/*18:01,.,*1/*1,*1/*1,*1/*1,*1/*1,*1/*3,.,.,.,*11:01/*24:02,*1/*1,CA(rs2231142)
1900611392C,rs2231142 reference (G)/rs2231142 reference (G),Reference/Reference,Reference/Reference,*1/*6,*1/*38,*1/*3,*10/*36 + *10,*1/*1,*1/*3,*1/*1,[c.85T>C (*9A) + c.1627A>G (*5)] (heterozygous),B (reference)/B (reference),*02:01/*11:01,*07:02/*15:01,rs12979860 reference (C)/rs12979860 reference (C),Reference,*1/*1,Reference/Reference,*1/*1,*1/*1,*1/*1,rs9923231 variant (T)/rs9923231 variant (T),1900611392C,E-B19613515757,E-B19613515757,*1/*1,.,*10/*10,AA(rs9923231),*1/*3,.,GA(rs671),*4/*6,.,.,*4/*4,.,.,.,*40:01/*46:01,.,*1/*1,*1/*1,*1/*1,*1/*1,*1/*3,.,.,.,*02:07/*11:01,*1/*6,.
1900496424C,rs2231142 reference (G)/rs2231142 variant (T),Reference/Reference,Reference/Reference,*1/*1,*1/*1,*1/*1,*10/*36 + *10,*1/*1,*3/*3,*1/*17,c.85T>C (*9A) (heterozygous),B (reference)/B (reference),*02:01/*11:01,*07:02/*15:01,rs12979860 reference (C)/rs12979860 reference (C),Reference,,Reference/Reference,*37/*37,*1/*1,*1/*80+*28,rs9923231 variant (T)/rs9923231 variant (T),1900496424C,E-B19505738065,E-B19505738065,*1/*1,.,*10/*10,AA(rs9923231),*1/*1,.,GA(rs671),*4/*4,.,.,*4/*4,.,.,.,*13:01/*40:01,.,*1/*1,*1/*3,*1/*1,*1/*28,*3/*3,GA(rs1803274),.,.,*11:01/*11:01,*1/*1,CA(rs2231142)
1900498802C,rs2231142 reference (G)/rs2231142 variant (T),Reference/Reference,Reference/Reference,*1/*1,*1/*1,*1/*1,*10/*36 + *10,*1/*1,*1/*1,*1/*17,c.85T>C (*9A) (heterozygous),B (reference)/B (reference),*02:01/*11:01,*07:02/*15:01,rs12979860 reference (C)/rs12979860 reference (C),Reference,*1/*1,c.11266C>G (heterozygous),*37/*37,*1/*1,*1/*6,rs9923231 variant (T)/rs9923231 variant (T),1900498802C,E-B19883707136,E-B19883707136,*1/*1,.,*1/*1,AA(rs9923231),*1/*1,.,.,*4/*6,.,.,*4/*4,.,.,.,*46:01/*51:01,.,*1/*1,*1/*1,*1/*1,*1/*6,*1/*1,.,.,.,*02:01/*11:02,*1/*1,CA(rs2231142)
1900432954C,rs2231142 reference (G)/rs2231142 reference (G),Reference/Reference,Reference/Reference,*1/*1,*1/*3,*1/*1,*10/*36 + *10,*1/*1,*3/*3,*1/*17,Reference/Reference,B (reference)/B (reference),*02:01/*11:01,*07:02/*15:01,rs12979860 reference (C)/rs12979860 reference (C),Reference,*1/*1,Reference/Reference,*37/*39,*1/*1,*6/*6,rs9923231 variant (T)/rs9923231 variant (T),1900432954C,E-B19476351303,E-B19476351303,*1/*3,.,*1/*10,AA(rs9923231),*1/*1,.,GA(rs671),*6/*6,.,.,*4/*4,.,.,.,*40:01/*40:02,.,*1/*1,*1/*1,*1/*1,*6/*6,*3/*3,.,.,.,*02:01/*24:02,*1/*1,.
1900493053C,rs2231142 reference (G)/rs2231142 variant (T),Reference/Reference,Reference/Reference,*1/*6,*1/*1,*1/*1,*10/*36 + *10,*1/*1,*3/*3,*1/*17,c.1627A>G (*5) (heterozygous),B (reference)/B (reference),*02:01/*11:01,*07:02/*15:01,rs12979860 reference (C)/rs12979860 reference (C),Reference,*1/*1,c.5317C>T (heterozygous),*15/*37,*1/*1,*1/*1,rs9923231 reference (C)/rs9923231 variant (T),1900493053C,E-B19819471887,E-B19819471887,*1/*1,.,*1/*14,GA(rs9923231),*1/*1,.,GA(rs671),*6/*7,TC(rs4149056),.,*4/*4,.,.,.,*35:03/*40:01,.,*1/*1,*1/*1,*1/*1,*1/*1,*3/*3,.,.,.,*02:07/*33:03,*1/*6,CA(rs2231142)
1900433266C,rs2231142 reference (G)/rs2231142 variant (T),Reference/Reference,Reference/Reference,*1/*1,*1/*2,*1/*1,*10/*36 + *10,*1/*1,*1/*1,*1/*17,Reference/Reference,B (reference)/B (reference),*02:01/*11:01,*07:02/*15:01,rs12979860 reference (C)/rs12979860 reference (C),Reference,*1/*1,Reference/Reference,*1/*1,*1/*1,*1/*1,rs9923231 reference (C)/rs9923231 variant (T),1900433266C,E-B19206194217,E-B19206194217,*1/*2,.,*1/*1,GA(rs9923231),*1/*1,.,.,*4/*6,.,.,*4/*4,.,.,.,*15:02/*55:02,.,*1/*1,*1/*1,*1/*1,*1/*1,*1/*1,.,.,.,*02:06/*24:02,*1/*1,CA(rs2231142)
1900611754C,rs2231142 reference (G)/rs2231142 variant (T),Reference/Reference,Reference/Reference,*1/*1,*1/*2,*1/*1,*10/*36 + *10,*1/*1,*3/*3,*1/*1,c.1627A>G (*5)/[c.85T>C (*9A) + c.1627A>G (*5)],B (reference)/B (reference),*02:01/*11:01,*07:02/*15:01,rs12979860 reference (C)/rs12979860 reference (C),Reference,*1/*1,c.11266C>G (heterozygous),*15/*37,*1/*1,*6/*80+*28,rs9923231 variant (T)/rs9923231 variant (T),1900611754C,E-B19819567568,E-B19819567568,*1/*2,.,*1/*10,AA(rs9923231),*1/*1,.,.,*6/*6,TC(rs4149056),.,*4/*4,.,.,.,*46:01/*58:01,.,*1/*1,*1/*1,*1/*1,*6/*28,*3/*3,.,.,.,*02:07/*11:01,*1/*1,CA(rs2231142)
1900649775C,rs2231142 reference (G)/rs2231142 reference (G),Reference/Reference,Reference/Reference,*1/*5,*1/*2,*1/*1,*10/*36 + *10,*1/*1,*1/*3,*1/*17,c.1627A>G (*5) (heterozygous),B (reference)/B (reference),*02:01/*11:01,*07:02/*15:01,rs12979860 reference (C)/rs12979860 variant (T),Reference,*1/*1,Reference/Reference,*1/*37,*1/*1,*1/*1,rs9923231 variant (T)/rs9923231 variant (T),1900649775C,E-B19838380282,E-B19838380282,*1/*2,.,*1/*1,AA(rs9923231),*1/*1,.,.,*4/*7,.,.,*4/*4,.,.,.,*52:01/*54:01,GA(rs12979860),*1/*1,*1/*1,*1/*1,*1/*1,*1/*3,.,.,.,*02:01/*24:02,*1/*1,.
1900598062C,rs2231142 reference (G)/rs2231142 variant (T),Reference/Reference,Reference/Reference,*1/*1,*2/*2,*1/*1,*10/*36 + *10,*1/*1,*1/*3,*1/*3,Reference/Reference,B (reference)/B (reference),*02:01/*11:01,*07:02/*15:01,rs12979860 reference (C)/rs12979860 reference (C),Reference,*1/*1,Reference/Reference,*37/*37,*1/*1,*1/*1,rs9923231 variant (T)/rs9923231 variant (T),1900598062C,E-B19502857069,E-B19502857069,*2/*2,.,*1/*1,AA(rs9923231),*1/*1,GA(rs2108622),GA(rs671),*4/*4,.,.,*4/*4,.,.,.,*15:25/*46:01,.,*1/*1,*1/*1,*1/*1,*1/*1,*1/*3,insA/-(rs754214624),.,.,*02:01/*02:06,*1/*1,CA(rs2231142)
1900580046C,rs2231142 variant (T)/rs2231142 variant (T),Reference/Reference,Reference/Reference,*1/*9,*1/*1,*1/*1,*10/*36 + *10,*1/*1,*3/*3,*4/*17,[c.85T>C (*9A) + c.496A>G + c.1896T>C] (heterozygous),B (reference)/B (reference),*02:01/*11:01,*07:02/*15:01,rs12979860 reference (C)/rs12979860 reference (C),Reference,*1/*1,c.5317C>T (heterozygous),*37/*37,*1/*1,*1/*1,rs9923231 variant (T)/rs9923231 variant (T),1900580046C,E-B19815430520,E-B19815430520,*1/*1,.,*1/*14,AA(rs9923231),*1/*1,GA(rs2108622),GA(rs671),*4/*6,.,.,*4/*4,.,.,.,*40:01/*51:01,.,*1/*1,*1/*1,*1/*1,*1/*1,*3/*3,.,.,.,*02:01/*11:01,*1/*9,AA(rs2231142)
1900580092C,rs2231142 reference (G)/rs2231142 reference (G),Reference/Reference,Reference/Reference,*1/*1,*1/*2,*1/*1,*10/*36 + *10,*1/*1,*3/*3,*1/*4,Reference/Reference,B (reference)/B (reference),*02:01/*11:01,*07:02/*15:01,rs12979860 reference (C)/rs12979860 reference (C),Reference,*1/*1,c.5317C>T (heterozygous),*37/*37,*1/*1,*1/*1,rs9923231 variant (T)/rs9923231 variant (T),1900580092C,E-B19440589113,E-B19440589113,*1/*2,.,*1/*10,AA(rs9923231),*1/*1,GA(rs2108622),.,*4/*6,.,.,*4/*4,.,.,.,*48:01/*54:01,.,*1/*1,*1/*1,*1/*1,*1/*1,*3/*3,GA(rs1803274),.,.,*01:01/*02:06,*1/*1,.
1900578894C,rs2231142 reference (G)/rs2231142 reference (G),Reference/Reference,Reference/Reference,*4/*6,*1/*1,*1/*1,*10/*36 + *10,*1/*1,*1/*3,*1/*1,Reference/Reference,"Kaiping, Anant, Dhon, Sapporo-like, Wosera/Kaiping, Anant, Dhon, Sapporo-like, Wosera",*02:01/*11:01,*07:02/*15:01,rs12979860 reference (C)/rs12979860 reference (C),Reference,*1/*1,Reference/Reference,*37/*37,*1/*1,*1/*1,rs9923231 reference (C)/rs9923231 variant (T),1900578894C,E-B19816836875,E-B19816836875,*1/*1,AA(rs72554664),*10/*10,GA(rs9923231),*1/*1,.,.,*6/*7,.,.,*4/*4,.,.,.,*40:02/*46:01,.,*1/*1,*1/*1,*1/*1,*1/*1,*1/*3,.,.,.,*02:07/*11:01,*4/*6,.
1900498017C,rs2231142 reference (G)/rs2231142 reference (G),Reference/Reference,Reference/Reference,*1/*1,*1/*1,*1/*1,*10/*36 + *10,*1/*1,*1/*3,*1/*1,Reference/Reference,B (reference)/B (reference),*02:01/*11:01,*07:02/*15:01,rs12979860 reference (C)/rs12979860 reference (C),Reference,,Reference/Reference,*15/*16,*1/*1,*1/*6,rs9923231 variant (T)/rs9923231 variant (T),1900498017C,E-B19567281275,E-B19567281275,*1/*1,.,*10/*4,AA(rs9923231),*1/*1,.,.,*7/*7,TC(rs4149056),.,*4/*4,.,.,.,*15:02/*40:02,.,*1/*1,*1/*3,*1/*1,*1/*6,*1/*3,.,.,.,*02:03/*11:01,*1/*1,.
1900618768C,rs2231142 reference (G)/rs2231142 reference (G),Reference/Reference,Reference/Reference,*1/*1,*1/*2,*1/*1,*10/*36 + *10,*1/*1,*3/*3,*1/*3,c.1627A>G (*5)/c.2194G>A (*6),B (reference)/B (reference),*02:01/*11:01,*07:02/*15:01,rs12979860 reference (C)/rs12979860 reference (C),Reference,*1/*1,Reference/Reference,*15/*37,*1/*1,*1/*1,rs9923231 variant (T)/rs9923231 variant (T),1900618768C,E-B19638864121,E-B19638864121,*1/*2,.,*1/*10,AA(rs9923231),*1/*1,GA(rs2108622),.,*4/*7,TC(rs4149056),.,*4/*4,.,.,.,*13:01/*40:01,.,*1/*1,*1/*1,*1/*1,*1/*1,*3/*3,.,.,.,*11:01/*24:02,*1/*1,.
1900489760C,rs2231142 reference (G)/rs2231142 reference (G),Reference/Reference,Reference/Reference,*1/*6,*2/*3,*1/*1,*10/*36 + *10,*1/*1,*1/*3,*1/*1,c.1627A>G (*5) (heterozygous),B (reference)/B (reference),*02:01/*11:01,*07:02/*15:01,rs12979860 reference (C)/rs12979860 reference (C),Reference,*1/*1,Reference/Reference,*37/*37,*1/*1,*1/*6,rs9923231 variant (T)/rs9923231 variant (T),1900489760C,E-B19336513994,E-B19336513994,*2/*3,.,*10/*10,AA(rs9923231),*1/*1,.,.,*4/*4,.,.,*4/*4,.,.,.,*15:01/*15:02,.,*1/*1,*1/*1,*1/*1,*1/*6,*1/*3,.,.,.,*11:01/*11:01,*1/*9,.
1900649738C,rs2231142 reference (G)/rs2231142 variant (T),Reference/Reference,Reference/Reference,*1/*6,*1/*2,*1/*1,*10/*36 + *10,*1/*1,*3/*3,*1/*17,Reference/Reference,B (reference)/B (reference),*02:01/*11:01,*07:02/*15:01,rs12979860 reference (C)/rs12979860 reference (C),Reference,*1/*1,Reference/Reference,*1/*37,*1/*1,*1/*80+*28,rs9923231 variant (T)/rs9923231 variant (T),1900649738C,E-B19789595069,E-B19789595069,*1/*2,.,*1/*10,AA(rs9923231),*1/*1,.,.,*4/*5,.,.,*4/*4,.,.,.,*39:01/*46:01,.,*1/*1,*1/*1,*1/*1,*1/*28,*3/*3,.,.,.,*02:06/*11:01,*1/*6,CA(rs2231142)
1900578865C,rs2231142 variant (T)/rs2231142 variant (T),Reference/Reference,Reference/Reference,*1/*6,*1/*1,*1/*1,*10/*36 + *10,*1/*1,*1/*3,*3/*17,c.1627A>G (*5)/c.1627A>G (*5),B (reference)/B (reference),*02:01/*11:01,*07:02/*15:01,rs12979860 reference (C)/rs12979860 reference (C),Reference,*1/*1,Reference/Reference,*1/*37,*1/*1,*1/*1,rs9923231 variant (T)/rs9923231 variant (T),1900578865C,E-B19599240405,E-B19599240405,*1/*1,.,*10/*10,AA(rs9923231),*1/*1,GA(rs2108622),GA(rs671),*4/*7,.,.,*4/*4,.,.,.,*54:01/*56:01,.,*1/*1,*1/*1,*1/*1,*1/*1,*1/*3,.,.,.,*02:01/*11:01,*1/*6,AA(rs2231142)
1900495657C,rs2231142 reference (G)/rs2231142 variant (T),Reference/Reference,Reference/Reference,,*1/*2,*1/*1,*10/*36 + *10,*1/*1,*3/*3,*3/*17,c.1896T>C (heterozygous),B (reference)/B (reference),*02:01/*11:01,*07:02/*15:01,rs12979860 reference (C)/rs12979860 reference (C),Reference,*1/*1,Reference/Reference,*15/*37,*1/*1,Unknown/Unknown,rs9923231 variant (T)/rs9923231 variant (T),1900495657C,E-B19474544147,E-B19474544147,*1/*2,.,*1/*10,AA(rs9923231),*1/*1,GA(rs2108622),.,*6/*7,TC(rs4149056),.,*4/*4,.,.,.,*35:01/*67:01,.,*1/*1,*1/*1,*1/*1,*27/*28,*3/*3,GA(rs1803274),.,.,*11:02/*31:01,*1/*9,CA(rs2231142)
1900488103C,rs2231142 reference (G)/rs2231142 reference (G),Reference/Reference,Reference/Reference,*1/*1,*1/*38,*1/*3,*10/*36 + *10,*1/*1,*1/*3,*1/*17,Reference/Reference,B (reference)/B (reference),*02:01/*11:01,*07:02/*15:01,rs12979860 reference (C)/rs12979860 reference (C),Reference,*1/*1,Reference/Reference,*15/*37,*1/*1,*1/*6,rs9923231 variant (T)/rs9923231 variant (T),1900488103C,E-B19855195643,E-B19855195643,*1/*1,.,*1/*10,AA(rs9923231),*1/*3,.,.,*4/*6,TC(rs4149056),.,*4/*4,.,.,.,*15:01/*40:01,.,*1/*1,*1/*1,*1/*1,*1/*6,*1/*3,.,.,.,*11:01/*11:01,*1/*1,.
1900649724C,rs2231142 reference (G)/rs2231142 reference (G),Reference/Reference,Reference/Reference,*1/*2,*1/*2,*1/*1,*10/*36 + *10,*1/*1,*1/*3,*1/*17,c.1896T>C (heterozygous),B (reference)/B (reference),*02:01/*11:01,*07:02/*15:01,rs12979860 reference (C)/rs12979860 reference (C),Reference,*1/*1,Reference/Reference,*1/*37,*1/*1,*1/*1,rs9923231 variant (T)/rs9923231 variant (T),1900649724C,E-B19786730944,E-B19786730944,*1/*2,.,*10/*10,AA(rs9923231),*1/*1,.,.,*4/*4,.,.,*4/*4,.,.,.,*07:02/*40:01,.,*1/*1,*1/*1,*1/*1,*1/*1,*1/*3,GA(rs1803274),.,.,*03:01/*11:01,*1/*1,.
1900499835C,rs2231142 reference (G)/rs2231142 reference (G),Reference/Reference,Reference/Reference,*1/*6,*1/*2,*1/*1,*10/*36 + *10,*1/*1,*1/*3,*1/*3,c.1627A>G (*5) (heterozygous),B (reference)/B (reference),*02:01/*11:01,*07:02/*15:01,rs12979860 reference (C)/rs12979860 reference (C),Reference,*1/*2,Reference/Reference,*1/*15,*1/*1,*1/*80+*28,rs9923231 variant (T)/rs9923231 variant (T),1900499835C,E-B19536317451,E-B19536317451,*1/*2,.,*1/*10,AA(rs9923231),*1/*1,GA(rs2108622),GA(rs671),*4/*7,TC(rs4149056),.,*4/*4,.,.,.,*13:01/*40:02,.,*1/*1,*1/*2,*1/*1,*1/*28,*1/*3,.,.,.,*11:01/*31:01,*1/*9,.
1900499380C,rs2231142 reference (G)/rs2231142 reference (G),Reference/Reference,Reference/Reference,*1/*1,*1/*1,*1/*1,*10/*36 + *10,*1/*1,*3/*3,*1/*1,Reference/Reference,B (reference)/B (reference),*02:01/*11:01,*07:02/*15:01,rs12979860 reference (C)/rs12979860 reference (C),Reference,*1/*1,c.11266C>G (heterozygous),*1/*1,*1/*1,*1/*1,rs9923231 variant (T)/rs9923231 variant (T),1900499380C,E-B19136354229,E-B19136354229,*1/*1,.,*1/*10,AA(rs9923231),*1/*1,.,GA(rs671),*4/*4,.,.,*4/*4,.,.,.,*39:01/*58:01,.,*1/*1,*1/*1,*1/*1,*1/*1,*3/*3,GA(rs1803274),.,.,*11:01/*26:01,*1/*1,.
1900499019C,rs2231142 reference (G)/rs2231142 reference (G),Reference/Reference,Reference/Reference,*1/*2,*2/*2,*1/*1,*10/*36 + *10,*1/*1,*1/*3,*1/*17,c.85T>C (*9A)/c.1627A>G (*5),B (reference)/B (reference),*02:01/*11:01,*07:02/*15:01,rs12979860 reference (C)/rs12979860 reference (C),Reference,*1/*1,Reference/Reference,*37/*37,*1/*1,*1/*6,rs9923231 variant (T)/rs9923231 variant (T),1900499019C,E-B19537819004,E-B19537819004,*2/*2,.,*1/*10,AA(rs9923231),*1/*1,.,.,*6/*7,.,.,*4/*4,.,.,.,*46:01/*55:02,.,*1/*1,*1/*1,*1/*1,*1/*6,*1/*3,.,.,.,*11:01/*11:01,*1/*1,.
1900498898C,rs2231142 variant (T)/rs2231142 variant (T),Reference/Reference,Reference/Reference,*1/*1,*1/*1,*1/*1,*10/*36 + *10,*1/*1,*3/*3,*1/*3,Reference/Reference,B (reference)/B (reference),*02:01/*11:01,*07:02/*15:01,rs12979860 reference (C)/rs12979860 reference (C),Reference,*1/*1,Reference/Reference,*15/*37,*1/*1,*1/*6,rs9923231 reference (C)/rs9923231 variant (T),1900498898C,E-B19506394874,E-B19506394874,*1/*1,.,*10/*10,GA(rs9923231),*1/*1,GA(rs2108622),.,*5/*5,TC(rs4149056),.,*4/*4,.,.,.,*38:02/*54:01,.,*1/*1,*1/*1,*1/*1,*1/*6,*3/*3,.,.,.,*02:03/*24:02,*1/*1,AA(rs2231142)
1900618780C,rs2231142 reference (G)/rs2231142 reference (G),Reference/Reference,Reference/Reference,*1/*1,*1/*38,*1/*3,*10/*36 + *10,*1/*1,*3/*3,*1/*17,c.1627A>G (*5)/c.1896T>C,B (reference)/B (reference),*02:01/*11:01,*07:02/*15:01,rs12979860 reference (C)/rs12979860 reference (C),Reference,*1/*1,Reference/Reference,*37/*37,*1/*3C,*1/*1,rs9923231 variant (T)/rs9923231 variant (T),1900618780C,E-B19640631770,E-B19640631770,*1/*1,.,*10/*10,AA(rs9923231),*1/*3,.,.,*4/*7,.,.,*4/*4,.,.,.,*35:01/*40:01,.,*1/*3C,*1/*1,*1/*1,*1/*1,*3/*3,GA(rs1803274),.,.,*02:01/*24:02,*1/*1,.
1900619127C,rs2231142 reference (G)/rs2231142 variant (T),Reference/Reference,Reference/Reference,*1/*2,*1/*1,*1/*1,*10/*36 + *10,*1/*1,*1/*3,*1/*1,c.1627A>G (*5) (heterozygous),B (reference)/B (reference),*02:01/*11:01,*07:02/*15:01,rs12979860 reference (C)/rs12979860 reference (C),Reference,*1/*1,Reference/Reference,*37/*37,*1/*1,*1/*80+*28,rs9923231 variant (T)/rs9923231 variant (T),1900619127C,E-B19409194636,E-B19409194636,*1/*1,.,*1/*1,AA(rs9923231),*1/*1,.,.,*4/*7,.,.,*4/*4,.,.,.,*13:02/*58:01,.,*1/*1,*1/*1,*1/*1,*1/*28,*1/*3,GA(rs1803274),.,.,*30:01/*33:03,*1/*1,CA(rs2231142)
1900496423C,rs2231142 reference (G)/rs2231142 variant (T),Reference/Reference,Reference/Reference,*6/*6,*2/*2,*1/*1,*10/*36 + *10,*1/*1,*1/*3,*1/*17,c.85T>C (*9A)/c.1627A>G (*5),B (reference)/B (reference),*02:01/*11:01,*07:02/*15:01,rs12979860 reference (C)/rs12979860 reference (C),Reference,*1/*1,Reference/Reference,*37/*37,*1/*6,*1/*6,rs9923231 variant (T)/rs9923231 variant (T),1900496423C,E-B19265549335,E-B19265549335,*2/*2,.,*10/*10,AA(rs9923231),*1/*1,.,GA(rs671),*6/*7,.,.,*4/*4,.,.,.,*40:01/*67:01,.,*1/*1,*1/*1,*1/*1,*1/*6,*1/*3,.,.,.,*02:01/*11:01,*6/*6,CA(rs2231142)
1900610834C,rs2231142 reference (G)/rs2231142 variant (T),Reference/Reference,Reference/Reference,*1/*6,*1/*1,*1/*1,*10/*36 + *10,*1/*1,*3/*3,*3/*17,Reference/Reference,B (reference)/B (reference),*02:01/*11:01,*07:02/*15:01,rs12979860 reference (C)/rs12979860 variant (T),Reference,*1/*2,Reference/Reference,*1/*37,*1/*1,*1/*1,rs9923231 variant (T)/rs9923231 variant (T),1900610834C,E-B19719793080,E-B19719793080,*1/*1,.,*10/*10,AA(rs9923231),*1/*1,GA(rs2108622),GA(rs671),*4/*4,.,.,*4/*4,.,.,.,*35:03/*49:01,GA(rs12979860),*1/*1,*1/*2,*1/*1,*1/*1,*3/*3,.,.,.,*24:02/*24:02,*1/*6,CA(rs2231142)
1900646119C,rs2231142 reference (G)/rs2231142 variant (T),Reference/Reference,Reference/Reference,*1/*1,*1/*1,*1/*1,*10/*36 + *10,*1/*1,*1/*3,*1/*1,c.1627A>G (*5) (heterozygous),B (reference)/B (reference),*02:01/*11:01,*07:02/*15:01,rs12979860 reference (C)/rs12979860 reference (C),Reference,*1/*2,Reference/Reference,*1/*37,*1/*1,*1/*1,rs9923231 variant (T)/rs9923231 variant (T),1900646119C,E-B19729160759,E-B19729160759,*1/*1,.,*1/*10,AA(rs9923231),*1/*1,.,GA(rs671),*4/*4,.,.,*4/*4,.,.,.,*40:01/*50:01,.,*1/*1,*1/*2,*1/*1,*1/*1,*1/*3,.,.,.,*01:01/*03:01,*1/*1,CA(rs2231142)
1900427267C,rs2231142 reference (G)/rs2231142 reference (G),Reference/Reference,Reference/Reference,*1/*1,*1/*1,*1/*1,*10/*36 + *10,*1/*1,*1/*3,*1/*17,Reference/Reference,B (reference)/B (reference),*02:01/*11:01,*07:02/*15:01,rs12979860 reference (C)/rs12979860 reference (C),Reference,*1/*1,Reference/Reference,*37/*37,*1/*1,*1/*1,rs9923231 variant (T)/rs9923231 variant (T),1900427267C,E-B19305993125,E-B19305993125,*1/*1,.,*1/*1,AA(rs9923231),*1/*1,.,.,*4/*7,.,.,*4/*4,.,.,.,*40:02/*40:06,.,*1/*1,*1/*1,*1/*1,*1/*1,*1/*3,.,.,.,*24:02/*24:02,*1/*1,.
1900497397C,rs2231142 reference (G)/rs2231142 variant (T),Reference/Reference,Reference/Reference,*1/*1,*1/*1,*1/*1,*10/*36 + *10,*1/*1,*3/*3,*1/*3,c.1627A>G (*5)/c.1627A>G (*5),B (reference)/B (reference),*02:01/*11:01,*07:02/*15:01,rs12979860 reference (C)/rs12979860 reference (C),Reference,*1/*1,Reference/Reference,*37/*37,*1/*1,*1/*1,rs9923231 variant (T)/rs9923231 variant (T),1900497397C,E-B19887804354,E-B19887804354,*1/*1,.,*1/*1,AA(rs9923231),*1/*1,GA(rs2108622),.,*4/*6,.,.,*4/*4,.,.,.,*15:01/*51:01,.,*1/*1,*1/*1,*1/*1,*1/*1,*3/*3,.,.,.,*02:07/*26:01,*1/*1,CA(rs2231142)
1900433270C,rs2231142 reference (G)/rs2231142 variant (T),Reference/Reference,Reference/Reference,*4/*6,*1/*1,*1/*1,*10/*36 + *10,*1/*1,*1/*3,*3/*17,Reference/Reference,B (reference)/B (reference),*02:01/*11:01,*07:02/*15:01,rs12979860 reference (C)/rs12979860 reference (C),Reference,,Reference/Reference,*37/*37,*1/*1,*1/*1,rs9923231 reference (C)/rs9923231 variant (T),1900433270C,E-B19101423581,E-B19101423581,*1/*1,.,*1/*10,GA(rs9923231),*1/*1,GA(rs2108622),GA(rs671),*4/*4,.,.,*4/*4,.,.,.,*13:01/*46:01,.,*1/*1,*1/*3,*1/*1,*1/*1,*1/*3,GA(rs1803274),.,.,*02:07/*24:02,*4/*6,CA(rs2231142)
1900581251C,rs2231142 reference (G)/rs2231142 reference (G),Reference/Reference,Reference/Reference,*2/*6,*1/*38,*1/*3,*10/*36 + *10,*1/*1,*1/*3,*1/*17,c.85T>C (*9A) (heterozygous),B (reference)/B (reference),*02:01/*11:01,*07:02/*15:01,rs12979860 reference (C)/rs12979860 reference (C),Reference,*1/*1,Reference/Reference,*1/*15,*1/*1,*1/*1,rs9923231 variant (T)/rs9923231 variant (T),1900581251C,E-B19539778801,E-B19539778801,*1/*1,.,*10/*10,AA(rs9923231),*1/*3,.,.,*4/*6,TC(rs4149056),.,*4/*4,.,.,.,*07:02/*51:01,.,*1/*1,*1/*1,*1/*1,*1/*1,*1/*3,.,.,.,*11:01/*24:02,*1/*6,.
1900578808C,rs2231142 reference (G)/rs2231142 variant (T),Reference/Reference,Reference/Reference,*1/*1,*1/*1,*1/*1,*10/*36 + *10,*1/*1,*1/*3,*1/*1,c.1627A>G (*5) (heterozygous),B (reference)/B (reference),*02:01/*11:01,*07:02/*15:01,rs12979860 reference (C)/rs12979860 reference (C),Reference,*1/*1,Reference/Reference,*37/*37,*1/*1,*1/*1,rs9923231 variant (T)/rs9923231 variant (T),1900578808C,E-B19104162267,E-B19104162267,*1/*1,.,*1/*10,AA(rs9923231),*1/*1,.,GA(rs671),*6/*6,.,.,*4/*4,.,.,.,*40:01/*40:01,.,*1/*1,*1/*1,*1/*1,*1/*1,*1/*3,.,.,.,*02:01/*02:01,*1/*1,CA(rs2231142)
1900578857C,rs2231142 reference (G)/rs2231142 reference (G),Reference/Reference,Reference/Reference,*1/*1,*2/*2,*1/*1,*10/*36 + *10,*1/*1,*1/*3,*1/*1,c.1896T>C (heterozygous),B (reference)/B (reference),*02:01/*11:01,*07:02/*15:01,rs12979860 reference (C)/rs12979860 reference (C),Reference,*1/*1,Reference/Reference,*1/*15,*1/*1,*1/*6,rs9923231 variant (T)/rs9923231 variant (T),1900578857C,E-B19613913895,E-B19613913895,*2/*2,.,*1/*1,AA(rs9923231),*1/*1,.,.,*4/*4,TC(rs4149056),.,*4/*4,.,.,.,*07:02/*39:01,.,*1/*1,*1/*1,*1/*1,*1/*6,*1/*3,.,.,.,*02:06/*03:01,*1/*1,.
1900611535C,rs2231142 reference (G)/rs2231142 variant (T),Reference/Reference,Reference/Reference,*1/*6,*1/*2,*1/*1,*10/*36 + *10,*1/*1,*1/*3,*3/*17,c.85T>C (*9A) (heterozygous),B (reference)/B (reference),*02:01/*11:01,*07:02/*15:01,rs12979860 reference (C)/rs12979860 reference (C),Reference,*1/*1,Reference/Reference,*1/*37,*1/*1,*1/*1,rs9923231 variant (T)/rs9923231 variant (T),1900611535C,E-B19985418510,E-B19985418510,*1/*2,.,*10/*10,AA(rs9923231),*1/*1,GA(rs2108622),GA(rs671),*4/*6,.,.,*4/*4,.,.,GG(rs28358569),*37:01/*56:04,.,*1/*1,*1/*1,*1/*1,*1/*1,*1/*3,.,.,.,*01:01/*24:02,*1/*6,CA(rs2231142)
1900499061C,rs2231142 reference (G)/rs2231142 variant (T),Reference/Reference,Reference/Reference,*1/*6,*1/*1,*1/*1,*10/*36 + *10,*1/*1,*1/*3,*3/*3,[c.1627A>G (*5) + c.1896T>C] (heterozygous),B (reference)/B (reference),*02:01/*11:01,*07:02/*15:01,rs12979860 reference (C)/rs12979860 reference (C),Reference,*1/*1,Reference/Reference,*15/*37,*1/*1,*1/*80+*28,rs9923231 variant (T)/rs9923231 variant (T),1900499061C,E-B19990985226,E-B19990985226,*1/*1,.,*1/*10,AA(rs9923231),*1/*1,AA(rs2108622),.,*4/*7,TC(rs4149056),.,*4/*4,.,.,.,*13:01/*50:01,.,*1/*1,*1/*1,*1/*1,*1/*28,*1/*3,.,.,.,*02:05/*26:01,*1/*6,CA(rs2231142)
1900579480C,rs2231142 reference (G)/rs2231142 reference (G),Reference/Reference,Reference/Reference,*1/*1,*1/*2,*1/*1,*10/*36 + *10,*1/*1,*3/*3,*1/*3,Reference/Reference,B (reference)/B (reference),*02:01/*11:01,*07:02/*15:01,rs12979860 reference (C)/rs12979860 reference (C),Reference,*1/*1,Reference/Reference,*37/*37,*1/*1,*1/*6,rs9923231 variant (T)/rs9923231 variant (T),1900579480C,E-B19247612292,E-B19247612292,*1/*2,.,*1/*10,AA(rs9923231),*1/*1,GA(rs2108622),GA(rs671),*6/*7,.,.,*4/*4,.,.,.,*51:01/*58:01,.,*1/*1,*1/*1,*1/*1,*1/*6,*3/*3,.,.,.,*02:01/*33:03,*1/*1,.
1900617653C,rs2231142 reference (G)/rs2231142 variant (T),Reference/Reference,Reference/Reference,*1/*4,*1/*1,*1/*1,*10/*36 + *10,*1/*1,*3/*3,*4/*17,Reference/Reference,B (reference)/B (reference),*02:01/*11:01,*07:02/*15:01,rs12979860 reference (C)/rs12979860 reference (C),Reference,*1/*1,c.5317C>T (heterozygous),*1/*1,*1/*1,*1/*6,rs9923231 reference (C)/rs9923231 variant (T),1900617653C,E-B19676453458,E-B19676453458,*1/*1,.,*1/*10,GA(rs9923231),*1/*1,GA(rs2108622),.,*4/*7,.,.,*4/*4,.,.,.,*15:01/*46:01,.,*1/*1,*1/*1,*1/*1,*1/*6,*3/*3,GA(rs1803274),.,.,*02:01/*02:06,*1/*4,CA(rs2231142)
1900581578C,rs2231142 reference (G)/rs2231142 variant (T),Reference/Reference,Reference/Reference,*1/*1,*1/*17,*1/*1,*10/*36 + *10,*1/*1,*3/*3,*1/*17,c.1627A>G (*5)/c.1627A>G (*5),B (reference)/B (reference),*02:01/*11:01,*07:02/*15:01,rs12979860 reference (C)/rs12979860 reference (C),Reference,*1/*1,Reference/Reference,*37/*37,*1/*1,*1/*1,rs9923231 variant (T)/rs9923231 variant (T),1900581578C,E-B19841659085,E-B19841659085,*1/*17,.,*1/*10,AA(rs9923231),*1/*1,.,GA(rs671),*4/*4,.,.,*4/*4,.,.,.,*51:01/*58:01,.,*1/*1,*1/*1,*1/*1,*1/*1,*3/*3,.,.,.,*24:02/*33:03,*1/*1,CA(rs2231142)
1900578614C,rs2231142 reference (G)/rs2231142 reference (G),Reference/Reference,Reference/Reference,*1/*1,*1/*2,*1/*1,*10/*36 + *10,*1/*1,*1/*3,*1/*17,c.1896T>C (heterozygous),B (reference)/B (reference),*02:01/*11:01,*07:02/*15:01,rs12979860 reference (C)/rs12979860 variant (T),Reference,*1/*1,Reference/Reference,*1/*37,*1/*1,*1/*1,rs9923231 variant (T)/rs9923231 variant (T),1900578614C,E-B19802845608,E-B19802845608,*1/*2,.,*10/*10,AA(rs9923231),*1/*1,.,GA(rs671),*6/*7,.,.,*4/*4,.,.,.,*40:01/*46:01,GA(rs12979860),*1/*1,*1/*1,*1/*1,*1/*1,*1/*3,.,.,.,*02:07/*26:01,*1/*1,.
1900488726C,rs2231142 reference (G)/rs2231142 reference (G),Reference/Reference,Reference/Reference,*1/*6,*1/*1,*1/*1,*10/*36 + *10,*1/*1,*3/*3,*1/*17,c.1627A>G (*5) (heterozygous),B (reference)/B (reference),*02:01/*11:01,*07:02/*15:01,rs12979860 reference (C)/rs12979860 reference (C),Reference,*1/*1,Reference/Reference,*15/*37,*1/*1,*1/*1,rs9923231 variant (T)/rs9923231 variant (T),1900488726C,E-B19441193964,E-B19441193964,*1/*1,.,*1/*10,AA(rs9923231),*1/*1,.,GA(rs671),*4/*6,TC(rs4149056),.,*4/*4,.,.,.,*13:01/*46:01,.,*1/*1,*1/*1,*1/*1,*1/*1,*3/*3,GA(rs1803274),.,.,*11:01/*24:02,*1/*6,.
1900498009C,rs2231142 reference (G)/rs2231142 variant (T),Reference/Reference,Reference/Reference,*2/*4,*2/*2,*1/*1,*10/*36 + *10,*1/*1,*3/*3,*4/*17,c.1627A>G (*5) (heterozygous),B (reference)/B (reference),*02:01/*11:01,*07:02/*15:01,rs12979860 reference (C)/rs12979860 variant (T),Reference,*1/*1,Reference/Reference,*1/*37,*1/*1,*1/*80+*28,rs9923231 variant (T)/rs9923231 variant (T),1900498009C,E-B19327444981,E-B19327444981,*2/*2,.,*1/*10,AA(rs9923231),*1/*1,GA(rs2108622),.,*4/*6,.,.,*4/*4,.,.,.,*27:04/*40:01,GA(rs12979860),*1/*1,*1/*1,*1/*1,*1/*28,*3/*3,.,.,.,*11:02/*11:02,*1/*4,CA(rs2231142)
1900611734C,rs2231142 reference (G)/rs2231142 reference (G),Reference/Reference,Reference/Reference,*4/*4,*2/*2,*1/*1,*10/*36 + *10,*1/*1,*1/*3,*1/*3,c.1896T>C (heterozygous),Nanning/Nanning,*02:01/*11:01,*07:02/*15:01,rs12979860 reference (C)/rs12979860 reference (C),Reference,*1/*1,Reference/Reference,*37/*37,*1/*1,*1/*6,rs9923231 reference (C)/rs9923231 variant (T),1900611734C,E-B19335023518,E-B19335023518,*2/*2,TT(rs782757170),*1/*10,GA(rs9923231),*1/*1,GA(rs2108622),.,*6/*7,.,.,*4/*4,.,.,GG(rs28358569),*35:01/*58:01,.,*1/*1,*1/*1,*1/*1,*1/*6,*1/*3,GA(rs1803274),.,.,*01:01/*33:03,*4/*4,.
1900488219C,rs2231142 reference (G)/rs2231142 variant (T),Reference/Reference,Reference/Reference,*1/*1,*1/*1,*1/*1,*10/*36 + *10,*1/*1,*3/*3,*1/*1,Reference/Reference,B (reference)/B (reference),*02:01/*11:01,*07:02/*15:01,rs12979860 reference (C)/rs12979860 reference (C),Reference,*1/*1,Reference/Reference,*1/*37,*1/*1,*1/*1,rs9923231 variant (T)/rs9923231 variant (T),1900488219C,E-B19526721851,E-B19526721851,*1/*1,.,*10/*10,AA(rs9923231),*1/*1,.,GA(rs671),*4/*6,.,.,*4/*4,.,.,.,*37:01/*38:02,.,*1/*1,*1/*1,*1/*1,*1/*1,*3/*3,GA(rs1803274),.,.,*01:01/*02:03,*1/*1,CA(rs2231142)
1900610811C,rs2231142 reference (G)/rs2231142 variant (T),Reference/Reference,Reference/Reference,*1/*6,*1/*1,*1/*1,*10/*36 + *10,*1/*1,*1/*3,*1/*17,Reference/Reference,B (reference)/B (reference),*02:01/*11:01,*07:02/*15:01,rs12979860 reference (C)/rs12979860 reference (C),Reference,*1/*1,Reference/Reference,*1/*37,*1/*1,*1/*1,rs9923231 variant (T)/rs9923231 variant (T),1900610811C,E-B19245890611,E-B19245890611,*1/*1,.,*10/*10,AA(rs9923231),*1/*1,.,GA(rs671),*6/*7,.,.,*4/*4,.,.,.,*15:02/*15:02,.,*1/*1,*1/*1,*1/*1,*1/*1,*1/*3,.,.,.,*02:07/*11:01,*1/*6,CA(rs2231142)
1900617662C,rs2231142 reference (G)/rs2231142 reference (G),Reference/Reference,Reference/Reference,*1/*1,*1/*2,*1/*1,*10/*36 + *10,*1/*1,*1/*3,*1/*1,c.85T>C (*9A) (heterozygous),B (reference)/B (reference),*02:01/*11:01,*07:02/*15:01,rs12979860 reference (C)/rs12979860 variant (T),Reference,*1/*1,Reference/Reference,*37/*37,*1/*1,*1/*80+*28,rs9923231 variant (T)/rs9923231 variant (T),1900617662C,E-B19322304483,E-B19322304483,*1/*2,.,*1/*10,AA(rs9923231),*1/*1,.,.,*6/*6,.,.,*4/*4,.,.,.,*15:01/*38:02,GA(rs12979860),*1/*1,*1/*1,*1/*1,*1/*28,*1/*3,.,.,.,*02:01/*02:03,*1/*1,.
1900581551C,rs2231142 reference (G)/rs2231142 reference (G),Reference/Reference,Reference/Reference,*2/*6,*1/*1,*1/*1,*10/*36 + *10,*1/*1,*3/*3,*1/*17,Reference/Reference,B (reference)/B (reference),*02:01/*11:01,*07:02/*15:01,rs12979860 reference (C)/rs12979860 reference (C),Reference,,Reference/Reference,*37/*37,*1/*1,*1/*1,rs9923231 variant (T)/rs9923231 variant (T),1900581551C,E-B19259333114,E-B19259333114,*1/*1,.,*1/*10,AA(rs9923231),*1/*1,.,.,*4/*4,.,.,*4/*4,.,.,.,*40:01/*58:01,.,*1/*1,*1/*3,*1/*1,*1/*1,*3/*3,GA(rs1803274),.,.,*02:03/*33:03,*1/*6,.
1900581227C,rs2231142 reference (G)/rs2231142 reference (G),Reference/Reference,Reference/Reference,*1/*1,*1/*2,*1/*1,*10/*36 + *10,*1/*1,*3/*3,*1/*1,Reference/Reference,B (reference)/B (reference),*02:01/*11:01,*07:02/*15:01,rs12979860 reference (C)/rs12979860 reference (C),Reference,,Reference/Reference,*37/*37,*1/*1,*1/*1,rs9923231 reference (C)/rs9923231 variant (T),1900581227C,E-B19139411150,E-B19139411150,*1/*2,.,*1/*10,GA(rs9923231),*1/*1,.,GA(rs671),*4/*7,.,.,*4/*4,.,.,GG(rs28358569),*07:02/*40:06,.,*1/*1,*1/*3,*1/*1,*1/*1,*3/*3,.,.,.,*02:06/*03:01,*1/*1,.
1900496412C,rs2231142 reference (G)/rs2231142 variant (T),Reference/Reference,Reference/Reference,*1/*6,*1/*2,*1/*1,*10/*36 + *10,*1/*1,*3/*3,*3/*17,Reference/Reference,B (reference)/B (reference),*02:01/*11:01,*07:02/*15:01,rs12979860 reference (C)/rs12979860 reference (C),Reference,,Reference/Reference,*1/*37,*1/*1,*1/*1,rs9923231 variant (T)/rs9923231 variant (T),1900496412C,E-B19461987172,E-B19461987172,*1/*2,.,*1/*1,AA(rs9923231),*1/*1,GA(rs2108622),.,*4/*4,.,.,*4/*4,.,.,GG(rs28358569),*14:02/*39:01,.,*1/*1,*1/*3,*1/*1,*1/*1,*3/*3,GA(rs1803274),.,.,*02:01/*29:01,*1/*6,CA(rs2231142)
1900649732C,rs2231142 reference (G)/rs2231142 variant (T),Reference/Reference,Reference/Reference,*1/*1,*1/*1,*1/*1,*10/*36 + *10,*1/*1,*1/*1,*1/*4,Reference/Reference,B (reference)/B (reference),*02:01/*11:01,*07:02/*15:01,rs12979860 reference (C)/rs12979860 reference (C),Reference,,Reference/Reference,*37/*37,*1/*1,*6/*80+*28,rs9923231 variant (T)/rs9923231 variant (T),1900649732C,E-B19649159519,E-B19649159519,*1/*1,.,*1/*10,AA(rs9923231),*1/*1,GA(rs2108622),.,*4/*4,.,.,*4/*4,.,.,.,*13:01/*50:01,.,*1/*1,*1/*3,*1/*1,*6/*28,*1/*1,.,.,.,*02:01/*11:01,*1/*1,CA(rs2231142)
1900646139C,rs2231142 reference (G)/rs2231142 reference (G),Reference/Reference,Reference/Reference,*1/*1,*1/*2,*1/*1,*10/*36 + *10,*1/*1,*1/*3,*1/*3,Reference/Reference,B (reference)/B (reference),*02:01/*11:01,*07:02/*15:01,rs12979860 reference (C)/rs12979860 reference (C),Reference,*1/*1,Reference/Reference,*1/*1,*1/*1,*1/*1,rs9923231 variant (T)/rs9923231 variant (T),1900646139C,E-B19626351005,E-B19626351005,*1/*2,.,*1/*10,AA(rs9923231),*1/*1,GA(rs2108622),.,*4/*6,.,.,*4/*4,.,.,GG(rs28358569),*44:03/*44:03,.,*1/*1,*1/*1,*1/*1,*1/*1,*1/*3,.,.,.,*33:03/*33:03,*1/*1,.
1900492526C,rs2231142 reference (G)/rs2231142 reference (G),Reference/Reference,Reference/Reference,*1/*1,*1/*1,*1/*1,*10/*36 + *10,*1/*1,*3/*3,*1/*17,Reference/Reference,B (reference)/B (reference),*02:01/*11:01,*07:02/*15:01,rs12979860 reference (C)/rs12979860 reference (C),Reference,*1/*1,Reference/Reference,*37/*37,*1/*1,*1/*1,rs9923231 variant (T)/rs9923231 variant (T),1900492526C,E-B19654904473,E-B19654904473,*1/*1,.,*1/*10,AA(rs9923231),*1/*1,.,.,*4/*5,.,.,*4/*4,.,.,.,*40:02/*52:01,.,*1/*1,*1/*1,*1/*1,*1/*1,*3/*3,.,.,.,*11:01/*31:01,*1/*1,.
1900578801C,rs2231142 reference (G)/rs2231142 variant (T),Reference/Reference,Reference/Reference,*6/*6,*1/*1,*1/*1,*10/*36 + *10,*1/*1,*3/*3,*3/*17,Reference/Reference,B (reference)/B (reference),*02:01/*11:01,*07:02/*15:01,rs12979860 reference (C)/rs12979860 reference (C),Reference,*1/*1,Reference/Reference,*37/*37,*1/*1,*1/*6,rs9923231 variant (T)/rs9923231 variant (T),1900578801C,E-B19415244141,E-B19415244141,*1/*1,.,*1/*1,AA(rs9923231),*1/*1,GA(rs2108622),.,*5/*7,.,.,*4/*4,.,.,.,*51:01/*55:02,.,*1/*1,*1/*1,*1/*1,*1/*6,*3/*3,.,.,.,*02:06/*11:01,*6/*6,CA(rs2231142)
1900611590C,rs2231142 reference (G)/rs2231142 reference (G),Reference/Reference,Reference/Reference,*1/*2,*1/*2,*1/*44,*10/*36 + *10,*1/*1,*3/*3,*1/*1,c.1627A>G (*5) (heterozygous),B (reference)/B (reference),*02:01/*11:01,*07:02/*15:01,rs12979860 reference (C)/rs12979860 reference (C),Reference,*1/*1,Reference/Reference,*1/*37,*1/*1,*1/*1,rs9923231 variant (T)/rs9923231 variant (T),1900611590C,E-B19215363109,E-B19215363109,*1/*2,.,*10/*10,AA(rs9923231),*1/*44,.,.,*4/*4,.,.,*4/*4,.,.,.,*39:01/*46:01,.,*1/*1,*1/*1,*1/*1,*1/*1,*3/*3,.,.,.,*02:01/*11:01,*1/*1,.
1900618796C,rs2231142 reference (G)/rs2231142 variant (T),Reference/Reference,Reference/Reference,*1/*1,*1/*1,*1/*1,*10/*36 + *10,*1/*1,*3/*3,*3/*17,Reference/Reference,B (reference)/B (reference),*02:01/*11:01,*07:02/*15:01,rs12979860 reference (C)/rs12979860 reference (C),Reference,*1/*1,Reference/Reference,*1/*37,*1/*1,*1/*1,rs9923231 variant (T)/rs9923231 variant (T),1900618796C,E-B19481736448,E-B19481736448,*1/*1,.,*1/*1,AA(rs9923231),*1/*1,GA(rs2108622),.,*6/*7,.,.,*4/*4,.,.,.,*51:01/*55:02,.,*1/*1,*1/*1,*1/*1,*1/*1,*3/*3,.,.,.,*11:01/*11:02,*1/*1,CA(rs2231142)
1900611585C,rs2231142 reference (G)/rs2231142 reference (G),Reference/Reference,Reference/Reference,*1/*1,*1/*1,*1/*1,*10/*36 + *10,*1/*1,*1/*3,Unknown/Unknown,c.85T>C (*9A) (heterozygous),B (reference)/B (reference),*02:01/*11:01,*07:02/*15:01,rs12979860 reference (C)/rs12979860 reference (C),Reference,*1/*1,Reference/Reference,*1/*37,*1/*1,*1/*1,rs9923231 variant (T)/rs9923231 variant (T),1900611585C,E-B19798944814,E-B19798944814,*1/*1,.,*1/*10,AA(rs9923231),*1/*1,AA(rs2108622),.,*4/*6,.,.,*4/*4,.,.,.,*37:01/*51:01,.,*1/*1,*1/*1,*1/*1,*1/*1,*1/*3,.,.,.,*01:01/*24:02,*1/*1,.
1900611437C,rs2231142 reference (G)/rs2231142 reference (G),Reference/Reference,Reference/Reference,*1/*6,*1/*1,*1/*1,*10/*36 + *10,*1/*1,*1/*1,Unknown/Unknown,c.1627A>G (*5) (heterozygous),B (reference)/B (reference),*02:01/*11:01,*07:02/*15:01,rs12979860 reference (C)/rs12979860 reference (C),Reference,*1/*1,c.11266C>G (heterozygous),*37/*37,*1/*1,*1/*1,rs9923231 variant (T)/rs9923231 variant (T),1900611437C,E-B19853736139,E-B19853736139,*1/*1,.,*1/*10,AA(rs9923231),*1/*1,AA(rs2108622),.,*4/*6,.,.,*4/*4,.,.,.,*46:01/*46:01,.,*1/*1,*1/*1,*1/*1,*1/*1,*1/*1,.,.,.,*02:03/*02:07,*1/*6,.
1900581084C,rs2231142 reference (G)/rs2231142 reference (G),Reference/Reference,Reference/Reference,,*1/*2,*1/*1,*10/*36 + *10,*1/*1,*3/*3,*1/*17,c.1627A>G (*5) (heterozygous),B (reference)/B (reference),*02:01/*11:01,*07:02/*15:01,rs12979860 reference (C)/rs12979860 variant (T),Reference,*1/*1,Reference/Reference,*15/*37,*1/*1,*1/*6,rs9923231 variant (T)/rs9923231 variant (T),1900581084C,E-B19698170630,E-B19698170630,*1/*2,.,*1/*1,AA(rs9923231),*1/*1,.,.,*4/*5,TC(rs4149056),.,*4/*4,.,.,.,*35:01/*38:02,GA(rs12979860),*1/*1,*1/*1,*1/*1,*1/*6,*3/*3,.,.,.,*02:01/*02:01,*1/*1,.
1900611732C,rs2231142 reference (G)/rs2231142 variant (T),Reference/Reference,Reference/Reference,*1/*41,*1/*2,*1/*1,*10/*36 + *10,*1/*1,*1/*3,Unknown/Unknown,Reference/Reference,B (reference)/B (reference),*02:01/*11:01,*07:02/*15:01,rs12979860 reference (C)/rs12979860 reference (C),Reference,*1/*1,Reference/Reference,*37/*37,*1/*1,*1/*1,rs9923231 variant (T)/rs9923231 variant (T),1900611732C,E-B19815352439,E-B19815352439,*1/*2,.,*1/*1,AA(rs9923231),*1/*1,AA(rs2108622),.,*4/*4,.,.,*4/*4,.,.,.,*08:01/*51:02,.,*1/*1,*1/*1,*1/*1,*1/*1,*1/*3,.,.,.,*26:01/*33:13,*1/*6,CA(rs2231142)
1900610943C,rs2231142 reference (G)/rs2231142 reference (G),Reference/Reference,Reference/Reference,*1/*6,*1/*2,*1/*1,*10/*36 + *10,*1/*1,*3/*3,*1/*3,Reference/Reference,B (reference)/B (reference),*02:01/*11:01,*07:02/*15:01,rs12979860 reference (C)/rs12979860 reference (C),Reference,*1/*1,Reference/Reference,*1/*15,*1/*3C,*1/*1,rs9923231 reference (C)/rs9923231 variant (T),1900610943C,E-B19447356921,E-B19447356921,*1/*2,.,*10/*10,GA(rs9923231),*1/*1,GA(rs2108622),.,*4/*7,TC(rs4149056),.,*4/*4,.,.,CC(rs267606618),*13:01/*35:03,.,*1/*3C,*1/*1,*1/*1,*1/*1,*3/*3,.,.,.,*11:01/*33:03,*1/*6,.
1900580282C,rs2231142 reference (G)/rs2231142 reference (G),Reference/Reference,Reference/Reference,*1/*1,*1/*2,*1/*1,*10/*36 + *10,*1/*1,*1/*3,*1/*17,[c.85T>C (*9A) + c.1627A>G (*5) + c.1896T>C] (heterozygous),"Kaiping, Anant, Dhon, Sapporo-like, Wosera/Kaiping, Anant, Dhon, Sapporo-like, Wosera",*02:01/*11:01,*07:02/*15:01,rs12979860 reference (C)/rs12979860 reference (C),Reference,*1/*1,Reference/Reference,*1/*37,*1/*1,*1/*6,rs9923231 reference (C)/rs9923231 variant (T),1900580282C,E-B19699065071,E-B19699065071,*1/*2,AA(rs72554664),*1/*10,GA(rs9923231),*1/*1,.,.,*4/*4,.,.,*4/*4,.,.,.,*51:01/*54:01,.,*1/*1,*1/*1,*1/*1,*1/*6,*1/*3,.,.,.,*11:01/*24:02,*1/*1,.
1900611430C,rs2231142 reference (G)/rs2231142 variant (T),Reference/Reference,Reference/Reference,*1/*1,*1/*1,*1/*1,*10/*36 + *10,*1/*1,*1/*3,*3/*17,Reference/Reference,B (reference)/B (reference),*02:01/*11:01,*07:02/*15:01,rs12979860 reference (C)/rs12979860 reference (C),Reference,*1/*1,Reference/Reference,*15/*37,*1/*1,*1/*1,rs9923231 variant (T)/rs9923231 variant (T),1900611430C,E-B19142569833,E-B19142569833,*1/*1,.,*1/*10,AA(rs9923231),*1/*1,GA(rs2108622),GA(rs671),*4/*6,TC(rs4149056),.,*4/*4,.,.,.,*13:02/*52:01,.,*1/*1,*1/*1,*1/*1,*1/*1,*1/*3,.,.,.,*11:03/*30:01,*1/*1,CA(rs2231142)
1900618764C,rs2231142 reference (G)/rs2231142 variant (T),Reference/Reference,Reference/Reference,*1/*6,*1/*1,*1/*1,*10/*36 + *10,*1/*1,*1/*3,*3/*17,[c.1627A>G (*5) + c.1896T>C] (heterozygous),B (reference)/B (reference),*02:01/*11:01,*07:02/*15:01,rs12979860 reference (C)/rs12979860 reference (C),Reference,*1/*1,Reference/Reference,*37/*37,*1/*1,*1/*80+*28,rs9923231 reference (C)/rs9923231 variant (T),1900618764C,E-B19774401420,E-B19774401420,*1/*1,.,*1/*10,GA(rs9923231),*1/*1,GA(rs2108622),GA(rs671),*4/*6,.,.,*4/*4,.,.,.,*15:02/*38:02,.,*1/*1,*1/*1,*1/*1,*1/*28,*1/*3,.,.,.,*02:03/*11:01,*1/*6,CA(rs2231142)
1900488180C,rs2231142 reference (G)/rs2231142 reference (G),Reference/Reference,Reference/Reference,*1/*6,*1/*2,*1/*1,*10/*36 + *10,*1/*1,*3/*3,*1/*3,c.85T>C (*9A) (heterozygous),B (reference)/B (reference),*02:01/*11:01,*07:02/*15:01,rs12979860 reference (C)/rs12979860 variant (T),Reference,*1/*2,Reference/Reference,*37/*37,*1/*1,*1/*6,rs9923231 variant (T)/rs9923231 variant (T),1900488180C,E-B19929339894,E-B19929339894,*1/*2,.,*1/*10,AA(rs9923231),*1/*1,GA(rs2108622),GA(rs671),*4/*5,.,.,*4/*4,.,.,GG(rs28358569),*37:01/*46:01,GA(rs12979860),*1/*1,*1/*2,*1/*1,*1/*6,*3/*3,.,.,.,*26:01/*26:01,*1/*6,.
1900581046C,rs2231142 reference (G)/rs2231142 reference (G),Reference/Reference,Reference/Reference,*1/*1,*1/*2,*1/*1,*10/*36 + *10,*1/*1,*1/*3,*4/*17,c.1627A>G (*5)/c.1627A>G (*5),B (reference)/B (reference),*02:01/*11:01,*07:02/*15:01,rs12979860 reference (C)/rs12979860 reference (C),Reference,*1/*1,Reference/Reference,*1/*37,*1/*1,*1/*1,rs9923231 variant (T)/rs9923231 variant (T),1900581046C,E-B19392171523,E-B19392171523,*1/*2,.,*10/*10,AA(rs9923231),*1/*1,GA(rs2108622),.,*4/*4,.,.,*4/*4,.,.,.,*46:01/*57:01,.,*1/*1,*1/*1,*1/*1,*1/*1,*1/*3,.,.,.,*26:01/*33:03,*1/*1,.
2901227132C,rs2231142 reference (G)/rs2231142 variant (T),Reference/Reference,Reference/Reference,*1/*9,*1/*2,*1/*1,*10/*36 + *10,*1/*1,*3/*3,*1/*1,c.1627A>G (*5)/c.1627A>G (*5),B (reference)/B (reference),*02:01/*11:01,*07:02/*15:01,rs12979860 reference (C)/rs12979860 variant (T),Reference,*1/*1,Reference/Reference,*1/*37,*3C/*3C,Unknown/Unknown,rs9923231 variant (T)/rs9923231 variant (T),2901227132C,E-B19447317083,E-B19447317083,*1/*2,.,*1/*1,AA(rs9923231),*1/*1,.,.,*4/*7,.,.,*4/*4,.,.,.,*40:01/*58:01,GA(rs12979860),*3C/*3C,*1/*1,*1/*1,*27/*28,*3/*3,.,.,.,*11:01/*33:03,*1/*9,CA(rs2231142)
1900493067C,rs2231142 reference (G)/rs2231142 reference (G),Reference/Reference,Reference/Reference,*1/*1,*1/*1,*1/*1,*10/*36 + *10,*1/*1,*1/*3,*3/*17,c.1627A>G (*5) (heterozygous),B (reference)/B (reference),*02:01/*11:01,*07:02/*15:01,rs12979860 reference (C)/rs12979860 reference (C),Reference,*1/*1,Reference/Reference,*37/*37,*1/*1,*1/*1,rs9923231 variant (T)/rs9923231 variant (T),1900493067C,E-B19675445203,E-B19675445203,*1/*1,.,*10/*10,AA(rs9923231),*1/*1,GA(rs2108622),.,*4/*4,.,.,*4/*4,.,.,.,*58:01/*67:01,.,*1/*1,*1/*1,*1/*1,*1/*1,*1/*3,.,.,.,*02:01/*33:03,*1/*1,.
1900617648C,rs2231142 reference (G)/rs2231142 variant (T),Reference/Reference,Reference/Reference,*1/*4,*1/*2,*1/*1,*10/*36 + *10,*1/*1,*1/*3,*1/*17,Reference/Reference,B (reference)/B (reference),*02:01/*11:01,*07:02/*15:01,rs12979860 reference (C)/rs12979860 reference (C),Reference,*1/*1,Reference/Reference,*1/*37,*1/*1,*1/*1,rs9923231 reference (C)/rs9923231 variant (T),1900617648C,E-B19935143052,E-B19935143052,*1/*2,.,*1/*10,GA(rs9923231),*1/*1,.,AA(rs671),*4/*4,.,.,*4/*4,.,.,.,*13:01/*46:01,.,*1/*1,*1/*1,*1/*1,*1/*1,*1/*3,.,.,.,*02:01/*11:01,*1/*4,CA(rs2231142)
1900619154C,rs2231142 reference (G)/rs2231142 reference (G),Reference/Reference,Reference/Reference,*1/*4,*1/*1,*1/*1,*10/*36 + *10,*1/*1,*3/*3,*1/*3,c.1627A>G (*5)/c.1896T>C,B (reference)/B (reference),*02:01/*11:01,*07:02/*15:01,rs12979860 reference (C)/rs12979860 reference (C),Reference,*1/*1,Reference/Reference,*15/*37,*1/*1,*1/*6,rs9923231 variant (T)/rs9923231 variant (T),1900619154C,E-B19360993580,E-B19360993580,*1/*1,.,*10/*10,AA(rs9923231),*1/*1,GA(rs2108622),.,*4/*6,TC(rs4149056),.,*4/*4,.,.,.,*46:01/*51:01,.,*1/*1,*1/*1,*1/*1,*1/*6,*3/*3,.,.,.,*02:03/*02:07,*1/*4,.
1900580060C,rs2231142 reference (G)/rs2231142 reference (G),Reference/Reference,Reference/Reference,*1/*26,*1/*2,*1/*1,*10/*36 + *10,*1/*5,*3/*3,*1/*17,Reference/Reference,B (reference)/B (reference),*02:01/*11:01,*07:02/*15:01,rs12979860 reference (C)/rs12979860 reference (C),Reference,*1/*1,Reference/Reference,*15/*37,*1/*1,*1/*80+*28,rs9923231 variant (T)/rs9923231 variant (T),1900580060C,E-B19309133617,E-B19309133617,*1/*2,.,*1/*10,AA(rs9923231),*1/*1,.,.,*4/*4,TC(rs4149056),.,*4/*4,.,.,.,*15:02/*58:01,.,*1/*1,*1/*1,*1/*1,*1/*28,*3/*3,.,.,.,*11:01/*33:03,*1/*26,.
1900498881C,rs2231142 reference (G)/rs2231142 reference (G),Reference/Reference,Reference/Reference,*1/*9,*1/*1,*1/*1,*10/*36 + *10,*1/*1,*1/*3,*1/*1,[c.85T>C (*9A) + c.1627A>G (*5)] (heterozygous),B (reference)/B (reference),*02:01/*11:01,*07:02/*15:01,rs12979860 reference (C)/rs12979860 reference (C),Reference,,Reference/Reference,*1/*37,*1/*1,*1/*80+*28,rs9923231 variant (T)/rs9923231 variant (T),1900498881C,E-B19483757785,E-B19483757785,*1/*1,.,*10/*10,AA(rs9923231),*1/*1,.,.,*4/*4,.,.,*4/*4,.,.,.,*15:01/*40:06,.,*1/*1,*1/*3,*1/*1,*1/*28,*1/*3,.,.,.,*02:01/*11:01,*1/*9,.
1900496449C,rs2231142 reference (G)/rs2231142 reference (G),Reference/Reference,Reference/Reference,*6/*6,*1/*2,*1/*1,*10/*36 + *10,*1/*1,*3/*3,*3/*17,c.1627A>G (*5) (heterozygous),B (reference)/B (reference),*02:01/*11:01,*07:02/*15:01,rs12979860 reference (C)/rs12979860 reference (C),Reference,*1/*1,Reference/Reference,*1/*37,*1/*1,*1/*1,rs9923231 variant (T)/rs9923231 variant (T),1900496449C,E-B19115676838,E-B19115676838,*1/*2,.,*1/*10,AA(rs9923231),*1/*1,GA(rs2108622),.,*4/*4,.,.,*4/*4,.,.,.,*15:35/*27:05,.,*1/*1,*1/*1,*1/*1,*1/*1,*3/*3,.,.,.,*24:02/*24:02,*6/*6,.
1900617696C,rs2231142 reference (G)/rs2231142 reference (G),Reference/Reference,Reference/Reference,*1/*1,*1/*1,*1/*1,*10/*36 + *10,*1/*1,*3/*3,*4/*17,c.1896T>C (heterozygous),B (reference)/B (reference),*02:01/*11:01,*07:02/*15:01,rs12979860 reference (C)/rs12979860 reference (C),Reference,*1/*1,Reference/Reference,*1/*37,*1/*1,*1/*1,rs9923231 variant (T)/rs9923231 variant (T),1900617696C,E-B19374220523,E-B19374220523,*1/*1,.,*1/*10,AA(rs9923231),*1/*1,GA(rs2108622),GA(rs671),*6/*7,.,.,*4/*4,.,.,.,*39:01/*44:03,.,*1/*1,*1/*1,*1/*1,*1/*1,*3/*3,.,.,.,*11:01/*33:03,*1/*1,.
1900499344C,rs2231142 reference (G)/rs2231142 reference (G),Reference/Reference,Reference/Reference,*1/*1,*1/*1,*1/*1,*10/*36 + *10,*1/*1,*3/*3,*1/*17,Reference/Reference,B (reference)/B (reference),*02:01/*11:01,*07:02/*15:01,rs12979860 reference (C)/rs12979860 variant (T),Reference,,Reference/Reference,*37/*37,*1/*1,*1/*1,rs9923231 variant (T)/rs9923231 variant (T),1900499344C,E-B19627812295,E-B19627812295,*1/*1,.,*10/*10,AA(rs9923231),*1/*1,.,GA(rs671),*4/*7,.,.,*4/*4,.,.,.,*46:01/*56:01,GA(rs12979860),*1/*1,*1/*3,*1/*1,*1/*1,*3/*3,.,.,.,*11:01/*24:02,*1/*1,.
1900497400C,rs2231142 reference (G)/rs2231142 reference (G),Reference/Reference,Reference/Reference,*1/*6,*1/*2,*1/*1,*10/*36 + *10,*1/*4,*1/*3,Unknown/Unknown,Reference/Reference,"B (reference)/Kaiping, Anant, Dhon, Sapporo-like, Wosera",*02:01/*11:01,*07:02/*15:01,rs12979860 reference (C)/rs12979860 reference (C),Reference,*1/*1,c.5317C>T (heterozygous),*37/*37,*1/*1,*1/*80+*28,rs9923231 variant (T)/rs9923231 variant (T),1900497400C,E-B19816096635,E-B19816096635,*1/*2,GA(rs72554664),*10/*10,AA(rs9923231),*1/*1,AA(rs2108622),GA(rs671),*4/*7,.,.,*4/*4,.,.,.,*58:01/*58:01,.,*1/*1,*1/*1,*1/*1,*1/*28,*1/*3,.,.,.,*33:03/*33:03,*1/*6,.
1900433589C,rs2231142 reference (G)/rs2231142 reference (G),Reference/Reference,G1069R (heterozygous),*1/*1,*1/*1,*1/*1,*10/*36 + *10,*1/*1,*3/*3,*4/*17,Reference/Reference,B (reference)/B (reference),*02:01/*11:01,*07:02/*15:01,rs12979860 reference (C)/rs12979860 reference (C),Reference,*1/*1,Reference/Reference,*37/*37,*1/*1,*6/*80+*28,rs9923231 variant (T)/rs9923231 variant (T),1900433589C,E-B19961305734,E-B19961305734,*1/*1,.,*10/*10,AA(rs9923231),*1/*1,GA(rs2108622),.,*4/*4,.,.,*4/*4,.,.,.,*40:01/*46:01,.,*1/*1,*1/*1,*1/*1,*6/*28,*3/*3,.,.,.,*24:02/*24:02,*1/*1,.
1900499373C,rs2231142 reference (G)/rs2231142 reference (G),Reference/Reference,Reference/Reference,*1/*6,*1/*1,*1/*1,*10/*36 + *10,*1/*1,*3/*3,*1/*3,Reference/Reference,B (reference)/B (reference),*02:01/*11:01,*07:02/*15:01,rs12979860 reference (C)/rs12979860 reference (C),Reference,*1/*1,Reference/Reference,*37/*37,*1/*1,*1/*6,rs9923231 variant (T)/rs9923231 variant (T),1900499373C,E-B19523862197,E-B19523862197,*1/*1,.,*10/*10,AA(rs9923231),*1/*1,GA(rs2108622),.,*4/*4,.,.,*4/*4,.,.,.,*13:02/*48:03,.,*1/*1,*1/*1,*1/*1,*1/*6,*3/*3,GA(rs1803274),.,.,*02:06/*30:01,*1/*6,.
1900611418C,rs2231142 reference (G)/rs2231142 reference (G),Reference/Reference,Reference/Reference,*1/*4,*1/*2,*1/*1,*10/*36 + *10,*1/*1,*3/*3,Unknown/Unknown,c.1627A>G (*5) (heterozygous),B (reference)/B (reference),*02:01/*11:01,*07:02/*15:01,rs12979860 reference (C)/rs12979860 reference (C),Reference,*1/*1,Reference/Reference,*1/*1,*1/*1,*1/*80+*28,rs9923231 reference (C)/rs9923231 variant (T),1900611418C,E-B19770491036,E-B19770491036,*1/*2,.,*1/*1,GA(rs9923231),*1/*1,AA(rs2108622),AA(rs671),*4/*4,.,.,*4/*4,.,.,.,*38:02/*46:01,.,*1/*1,*1/*1,*1/*1,*1/*28,*3/*3,GA(rs1803274),.,.,*11:01/*31:01,*1/*1,.
1900649787C,rs2231142 reference (G)/rs2231142 reference (G),Reference/Reference,Reference/Reference,*1/*4,*1/*2,*1/*1,*10/*36 + *10,*1/*1,*1/*3,*1/*4,c.1627A>G (*5) (heterozygous),B (reference)/B (reference),*02:01/*11:01,*07:02/*15:01,rs12979860 reference (C)/rs12979860 reference (C),Reference,*1/*1,Reference/Reference,*37/*37,*1/*1,*1/*6,rs9923231 variant (T)/rs9923231 variant (T),1900649787C,E-B19828294085,E-B19828294085,*1/*2,.,*1/*10,AA(rs9923231),*1/*1,GA(rs2108622),.,*4/*7,.,.,*4/*4,.,.,.,*44:03/*44:03,.,*1/*1,*1/*1,*1/*1,*1/*6,*1/*3,.,.,.,*32:01/*33:03,*1/*4,.
1900617670C,rs2231142 reference (G)/rs2231142 reference (G),Reference/Reference,Reference/Reference,*1/*1,*2/*2,*1/*1,*10/*36 + *10,*1/*1,*3/*3,*1/*17,c.1627A>G (*5) (heterozygous),B (reference)/B (reference),*02:01/*11:01,*07:02/*15:01,rs12979860 reference (C)/rs12979860 reference (C),Reference,*1/*1,Reference/Reference,*1/*37,*1/*1,*1/*1,rs9923231 reference (C)/rs9923231 variant (T),1900617670C,E-B19170101750,E-B19170101750,*2/*2,.,*10/*10,GA(rs9923231),*1/*1,.,GA(rs671),*4/*6,.,.,*4/*4,.,.,.,*38:02/*48:03,.,*1/*1,*1/*1,*1/*1,*1/*1,*3/*3,.,.,.,*02:03/*02:06,*1/*1,.
1900494746C,rs2231142 reference (G)/rs2231142 variant (T),Reference/Reference,Reference/Reference,*1/*2,*1/*2,*1/*1,*10/*36 + *10,*1/*1,*1/*3,*1/*1,c.1627A>G (*5) (heterozygous),B (reference)/B (reference),*02:01/*11:01,*07:02/*15:01,rs12979860 reference (C)/rs12979860 variant (T),Reference,*1/*1,Reference/Reference,*1/*37,*1/*1,*1/*1,rs9923231 variant (T)/rs9923231 variant (T),1900494746C,E-B19598027255,E-B19598027255,*1/*2,.,*10/*10,AA(rs9923231),*1/*1,.,.,*4/*6,.,.,*4/*4,.,.,.,*13:02/*40:06,GA(rs12979860),*1/*1,*1/*1,*1/*1,*1/*1,*1/*3,GA(rs1803274),.,.,*26:01/*30:01,*1/*1,CA(rs2231142)
1900492576C,rs2231142 reference (G)/rs2231142 variant (T),Reference/Reference,Reference/Reference,*1/*1,*1/*2,*1/*1,*10/*36 + *10,*1/*1,*1/*3,*1/*17,Reference/Reference,B (reference)/B (reference),*02:01/*11:01,*07:02/*15:01,rs12979860 reference (C)/rs12979860 reference (C),Reference,*1/*6,Reference/Reference,*1/*15,*1/*1,*1/*1,rs9923231 variant (T)/rs9923231 variant (T),1900492576C,E-B19636733208,E-B19636733208,*1/*2,.,*1/*1,AA(rs9923231),*1/*1,.,GA(rs671),*4/*7,TC(rs4149056),.,*4/*4,.,.,.,*40:01/*46:01,.,*1/*1,*1/*1,*1/*1,*1/*1,*1/*3,.,.,.,*11:01/*11:01,*1/*1,CA(rs2231142)
1900499005C,rs2231142 reference (G)/rs2231142 variant (T),Reference/Reference,Reference/Reference,*1/*1,*2/*2,*1/*1,*10/*36 + *10,*1/*1,*3/*3,*1/*17,c.1896T>C (heterozygous),B (reference)/B (reference),*02:01/*11:01,*07:02/*15:01,rs12979860 reference (C)/rs12979860 reference (C),Reference,*1/*1,Reference/Reference,*37/*37,*1/*6,Unknown/Unknown,rs9923231 variant (T)/rs9923231 variant (T),1900499005C,E-B19179159289,E-B19179159289,*2/*2,.,*1/*10,AA(rs9923231),*1/*1,.,.,*4/*6,.,.,*4/*4,.,.,.,*52:01/*58:01,.,*1/*1,*1/*1,*1/*1,*6/*28,*3/*3,.,.,.,*02:03/*31:01,*1/*1,CA(rs2231142)
1900498057C,rs2231142 reference (G)/rs2231142 variant (T),Reference/Reference,Reference/Reference,*1/*1,*1/*2,*1/*1,*10/*36 + *10,*1/*1,*1/*3,*1/*17,Reference/Reference,B (reference)/B (reference),*02:01/*11:01,*07:02/*15:01,rs12979860 reference (C)/rs12979860 reference (C),Reference,*1/*1,Reference/Reference,*1/*37,*1/*1,*1/*1,rs9923231 variant (T)/rs9923231 variant (T),1900498057C,E-B19302167514,E-B19302167514,*1/*2,.,*1/*14,AA(rs9923231),*1/*1,.,.,*6/*6,.,.,*4/*4,.,.,.,*40:01/*46:01,.,*1/*1,*1/*1,*1/*1,*1/*1,*1/*3,.,.,.,*02:03/*02:07,*1/*1,CA(rs2231142)
1900580022C,rs2231142 reference (G)/rs2231142 variant (T),Reference/Reference,Reference/Reference,*1/*6,*1/*2,*1/*1,*10/*36 + *10,*1/*1,*3/*3,*1/*17,c.1627A>G (*5)/[c.1627A>G (*5) + c.1896T>C],B (reference)/B (reference),*02:01/*11:01,*07:02/*15:01,rs12979860 reference (C)/rs12979860 reference (C),Reference,*1/*1,Reference/Reference,*16/*37,*1/*1,*1/*1,rs9923231 variant (T)/rs9923231 variant (T),1900580022C,E-B19871709466,E-B19871709466,*1/*2,.,*1/*1,AA(rs9923231),*1/*1,.,.,*4/*4,.,.,*4/*4,.,.,.,*13:01/*38:02,.,*1/*1,*1/*1,*1/*1,*1/*1,*3/*3,GA(rs1803274),.,.,*02:01/*11:01,*1/*9,CA(rs2231142)
1900611369C,rs2231142 reference (G)/rs2231142 variant (T),Reference/Reference,Reference/Reference,*2/*9,*1/*2,*1/*1,*10/*36 + *10,*1/*1,*1/*3,*1/*3,c.1627A>G (*5) (heterozygous),B (reference)/B (reference),*02:01/*11:01,*07:02/*15:01,rs12979860 reference (C)/rs12979860 reference (C),Reference,*1/*1,Reference/Reference,*37/*37,*1/*1,*1/*1,rs9923231 variant (T)/rs9923231 variant (T),1900611369C,E-B19431562378,E-B19431562378,*1/*2,.,*10/*10,AA(rs9923231),*1/*1,GA(rs2108622),.,*4/*4,.,.,*4/*4,.,.,GG(rs28358569),*13:02/*15:01,.,*1/*1,*1/*1,*1/*1,*1/*1,*1/*3,.,.,.,*24:02/*24:02,*1/*9,CA(rs2231142)
1900611417C,rs2231142 reference (G)/rs2231142 reference (G),Reference/Reference,Reference/Reference,*1/*1,*1/*2,*1/*1,*10/*36 + *10,*1/*1,*3/*3,*1/*17,c.1627A>G (*5) (heterozygous),B (reference)/B (reference),*02:01/*11:01,*07:02/*15:01,rs12979860 reference (C)/rs12979860 reference (C),Reference,*1/*1,Reference/Reference,*37/*37,*1/*1,*1/*1,rs9923231 variant (T)/rs9923231 variant (T),1900611417C,E-B19754661054,E-B19754661054,*1/*2,.,*1/*10,AA(rs9923231),*1/*1,.,GA(rs671),*4/*4,.,.,*4/*4,.,.,.,*15:01/*40:01,.,*1/*1,*1/*1,*1/*1,*1/*1,*3/*3,.,.,.,*02:07/*11:01,*1/*1,.
1900499063C,rs2231142 reference (G)/rs2231142 reference (G),Reference/Reference,Reference/Reference,*1/*4,*1/*1,*1/*1,*10/*36 + *10,*1/*1,*3/*3,*1/*17,Reference/Reference,B (reference)/B (reference),*02:01/*11:01,*07:02/*15:01,rs12979860 reference (C)/rs12979860 reference (C),Reference,,Reference/Reference,*1/*37,*1/*3C,*1/*1,rs9923231 reference (C)/rs9923231 reference (C),1900499063C,E-B19608757795,E-B19608757795,*1/*1,.,*10/*10,.,*1/*1,.,.,*4/*7,.,.,*4/*4,.,.,.,*44:03/*44:03,.,*1/*3C,*1/*3,*1/*1,*1/*1,*3/*3,.,.,.,*32:01/*68:01,*1/*4,.
1900611577C,rs2231142 reference (G)/rs2231142 reference (G),Reference/Reference,Reference/Reference,*1/*1,*3/*17,*1/*1,*10/*36 + *10,*1/*1,*3/*3,*4/*17,c.1896T>C (heterozygous),B (reference)/B (reference),*02:01/*11:01,*07:02/*15:01,rs12979860 reference (C)/rs12979860 variant (T),Reference,*1/*1,c.11266C>G (heterozygous),*1/*37,*1/*1,*1/*6,rs9923231 variant (T)/rs9923231 variant (T),1900611577C,E-B19183633258,E-B19183633258,*3/*17,.,*1/*1,AA(rs9923231),*1/*1,GA(rs2108622),.,*4/*4,.,.,*4/*4,.,.,.,*08:01/*13:01,GA(rs12979860),*1/*1,*1/*1,*1/*1,*1/*6,*3/*3,.,.,.,*02:06/*26:01,*1/*1,.
1900495631C,rs2231142 reference (G)/rs2231142 reference (G),Reference/Reference,Reference/Reference,*1/*1,*1/*1,*1/*1,*10/*36 + *10,*1/*1,*3/*3,*1/*3,c.1627A>G (*5)/c.1627A>G (*5),B (reference)/B (reference),*02:01/*11:01,*07:02/*15:01,rs12979860 reference (C)/rs12979860 reference (C),Reference,*1/*1,Reference/Reference,*1/*37,*1/*1,*1/*1,rs9923231 variant (T)/rs9923231 variant (T),1900495631C,E-B19580917557,E-B19580917557,*1/*1,.,*1/*10,AA(rs9923231),*1/*1,GA(rs2108622),GA(rs671),*4/*4,.,.,*4/*4,.,.,.,*13:01/*44:03,.,*1/*1,*1/*1,*1/*1,*1/*1,*3/*3,GA(rs1803274),.,.,*11:01/*26:01,*1/*1,.
1900649736C,rs2231142 reference (G)/rs2231142 reference (G),Reference/Reference,Reference/Reference,*4/*6,*1/*1,*1/*1,*10/*36 + *10,*1/*1,*1/*3,*1/*1,c.1896T>C (heterozygous),B (reference)/B (reference),*02:01/*11:01,*07:02/*15:01,rs12979860 reference (C)/rs12979860 reference (C),Reference,*1/*1,Reference/Reference,*15/*15,*1/*1,*1/*80+*28,rs9923231 variant (T)/rs9923231 variant (T),1900649736C,E-B19575495839,E-B19575495839,*1/*1,.,*1/*10,AA(rs9923231),*1/*1,.,GA(rs671),*4/*4,CC(rs4149056),.,*4/*4,.,.,.,*13:02/*37:01,.,*1/*1,*1/*1,*1/*1,*1/*28,*1/*3,GA(rs1803274),.,.,*01:01/*30:01,*4/*6,.
1900611536C,rs2231142 reference (G)/rs2231142 variant (T),Reference/Reference,Reference/Reference,*1/*1,*1/*2,*1/*1,*10/*36 + *10,*1/*1,*3/*3,*1/*17,c.1627A>G (*5)/[c.1627A>G (*5) + c.2303C>A],B (reference)/B (reference),*02:01/*11:01,*07:02/*15:01,rs12979860 reference (C)/rs12979860 reference (C),Reference,,Reference/Reference,*1/*37,*1/*1,*1/*6,rs9923231 variant (T)/rs9923231 variant (T),1900611536C,E-B19489056295,E-B19489056295,*1/*2,.,*1/*10,AA(rs9923231),*1/*1,.,AA(rs671),*6/*7,.,.,*4/*4,.,.,.,*15:02/*15:02,.,*1/*1,*1/*3,*1/*1,*1/*6,*3/*3,.,.,.,*11:01/*11:01,*1/*1,CA(rs2231142)
1900618778C,rs2231142 reference (G)/rs2231142 reference (G),Reference/Reference,Reference/Reference,,*1/*1,*1/*1,*10/*36 + *10,*1/*1,*1/*3,*1/*17,Reference/Reference,B (reference)/B (reference),*02:01/*11:01,*07:02/*15:01,rs12979860 reference (C)/rs12979860 reference (C),Reference,*1/*1,Reference/Reference,*1/*37,*1/*1,*6/*6,rs9923231 reference (C)/rs9923231 variant (T),1900618778C,E-B19647262592,E-B19647262592,*1/*1,.,*10/*10,GA(rs9923231),*1/*1,.,.,*4/*4,.,.,*4/*4,.,.,.,*13:01/*46:01,.,*1/*1,*1/*1,*1/*1,*6/*6,*1/*3,.,.,.,*11:01/*24:02,*1/*9,.
1900617657C,rs2231142 reference (G)/rs2231142 variant (T),Reference/Reference,Reference/Reference,*4/*6,*1/*1,*1/*1,*10/*36 + *10,*1/*1,*3/*3,*1/*17,c.1627A>G (*5) (heterozygous),B (reference)/B (reference),*02:01/*11:01,*07:02/*15:01,rs12979860 reference (C)/rs12979860 reference (C),Reference,*1/*1,Reference/Reference,*37/*45,*1/*1,*6/*6,rs9923231 variant (T)/rs9923231 variant (T),1900617657C,E-B19206517544,E-B19206517544,*1/*1,.,*1/*1,AA(rs9923231),*1/*1,.,.,*4/*7,.,.,*4/*4,.,.,.,*40:01/*55:02,.,*1/*1,*1/*1,*1/*1,*6/*6,*3/*3,.,.,.,*11:01/*11:01,*4/*6,CA(rs2231142)
1900493028C,rs2231142 reference (G)/rs2231142 variant (T),Reference/Reference,Reference/Reference,*1/*1,*1/*1,*1/*1,*10/*36 + *10,*1/*1,*1/*3,*1/*17,Reference/Reference,B (reference)/B (reference),*02:01/*11:01,*07:02/*15:01,rs12979860 reference (C)/rs12979860 reference (C),Reference,*1/*2,Reference/Reference,*37/*37,*1/*1,*1/*6,rs9923231 variant (T)/rs9923231 variant (T),1900493028C,E-B19518446256,E-B19518446256,*1/*1,.,*10/*10,AA(rs9923231),*1/*1,.,.,*4/*7,.,.,*4/*4,.,.,.,*15:12/*54:01,.,*1/*1,*1/*2,*1/*1,*1/*6,*1/*3,GA(rs1803274),.,.,*24:02/*24:02,*1/*1,CA(rs2231142)
1900496881C,rs2231142 reference (G)/rs2231142 variant (T),Reference/Reference,Reference/Reference,*1/*1,*1/*1,*1/*1,*10/*36 + *10,*1/*1,*3/*3,*4/*17,Reference/Reference,B (reference)/B (reference),*02:01/*11:01,*07:02/*15:01,rs12979860 reference (C)/rs12979860 reference (C),Reference,*1/*2,c.11266C>G (heterozygous),*37/*37,*1/*1,*1/*6,rs9923231 variant (T)/rs9923231 variant (T),1900496881C,E-B19478610561,E-B19478610561,*1/*1,.,*1/*14,AA(rs9923231),*1/*1,GA(rs2108622),.,*4/*4,.,.,*4/*4,.,.,.,*46:01/*58:01,.,*1/*1,*1/*2,*1/*1,*1/*6,*3/*3,.,.,.,*02:07/*24:02,*1/*1,CA(rs2231142)
1900617659C,rs2231142 reference (G)/rs2231142 reference (G),Reference/Reference,Reference/Reference,*1/*6,*2/*38,*1/*3,*10/*36 + *10,*1/*1,*3/*3,*1/*4,Reference/Reference,B (reference)/B (reference),*02:01/*11:01,*07:02/*15:01,rs12979860 reference (C)/rs12979860 variant (T),Reference,*1/*1,Reference/Reference,*37/*37,*1/*1,*1/*80+*28,rs9923231 variant (T)/rs9923231 variant (T),1900617659C,E-B19888061879,E-B19888061879,*1/*2,.,*1/*10,AA(rs9923231),*1/*3,GA(rs2108622),.,*6/*6,.,E2/E2,*4/*4,.,.,.,*13:01/*46:01,GA(rs12979860),*1/*1,*1/*1,*1/*1,*1/*28,*3/*3,.,.,.,*02:07/*11:01,*1/*6,.
1900495868C,rs2231142 reference (G)/rs2231142 variant (T),Reference/Reference,Reference/Reference,*1/*6,*1/*2,*1/*1,*10/*36 + *10,*1/*1,*1/*1,*3/*17,c.1627A>G (*5) (heterozygous),B (reference)/B (reference),*02:01/*11:01,*07:02/*15:01,rs12979860 reference (C)/rs12979860 reference (C),Reference,*1/*1,Reference/Reference,*1/*37,*1/*1,*6/*80+*28,rs9923231 variant (T)/rs9923231 variant (T),1900495868C,E-B19178922265,E-B19178922265,*1/*2,.,*1/*10,AA(rs9923231),*1/*1,GA(rs2108622),.,*4/*4,.,.,*4/*4,.,.,.,*15:02/*51:01,.,*1/*1,*1/*1,*1/*1,*6/*28,*1/*1,AA(rs1803274),.,.,*02:01/*11:01,*1/*6,CA(rs2231142)
1900649712C,rs2231142 variant (T)/rs2231142 variant (T),Reference/Reference,Reference/Reference,*1/*1,*2/*2,*1/*1,*10/*36 + *10,*1/*18,*1/*3,*1/*1,c.1627A>G (*5) (heterozygous),B (reference)/B (reference),*02:01/*11:01,*07:02/*15:01,rs12979860 reference (C)/rs12979860 variant (T),Reference,,Reference/Reference,*37/*37,*1/*1,*1/*80+*28,rs9923231 variant (T)/rs9923231 variant (T),1900649712C,E-B19283702367,E-B19283702367,*2/*2,.,*1/*10,AA(rs9923231),*1/*1,.,.,*4/*4,.,.,*4/*4,.,.,.,*40:02/*51:01,GA(rs12979860),*1/*1,*1/*3,*1/*1,*1/*28,*1/*3,GA(rs1803274),.,.,*02:06/*26:01,*1/*1,AA(rs2231142)
1900617650C,rs2231142 reference (G)/rs2231142 reference (G),Reference/Reference,Reference/Reference,*1/*6,*1/*2,*1/*1,*10/*36 + *10,*1/*1,*3/*3,*1/*1,Reference/Reference,B (reference)/B (reference),*02:01/*11:01,*07:02/*15:01,rs12979860 reference (C)/rs12979860 reference (C),Reference,,c.11266C>G (heterozygous),*37/*37,*1/*1,*1/*6,rs9923231 variant (T)/rs9923231 variant (T),1900617650C,E-B19647093911,E-B19647093911,*1/*2,.,*1/*10,AA(rs9923231),*1/*1,.,.,*6/*6,.,.,*4/*4,.,.,.,*40:01/*46:01,.,*1/*1,*1/*3,*1/*1,*1/*6,*3/*3,.,.,.,*02:01/*02:01,*1/*6,.
1900488285C,rs2231142 reference (G)/rs2231142 variant (T),Reference/Reference,Reference/Reference,*1/*6,*1/*2,*1/*77,*10/*36 + *10,*1/*1,*3/*3,*1/*17,c.1896T>C (heterozygous),B (reference)/B (reference),*02:01/*11:01,*07:02/*15:01,rs12979860 reference (C)/rs12979860 reference (C),Reference,*1/*1,Reference/Reference,*37/*37,*1/*1,*6/*6,rs9923231 variant (T)/rs9923231 variant (T),1900488285C,E-B19763755894,E-B19763755894,*1/*2,.,*10/*10,AA(rs9923231),*1/*1,.,.,*4/*4,.,.,*4/*4,.,.,.,*38:02/*40:01,.,*1/*1,*1/*1,*1/*1,*6/*6,*3/*3,.,.,.,*02:03/*11:01,*1/*6,CA(rs2231142)
1900488148C,rs2231142 reference (G)/rs2231142 variant (T),Reference/Reference,Reference/Reference,*1/*1,*1/*2,*1/*1,*10/*36 + *10,*1/*1,*3/*3,*1/*17,c.1896T>C (heterozygous),B (reference)/B (reference),*02:01/*11:01,*07:02/*15:01,rs12979860 reference (C)/rs12979860 reference (C),Reference,,Reference/Reference,*37/*37,*1/*1,*1/*6,rs9923231 variant (T)/rs9923231 variant (T),1900488148C,E-B19469605988,E-B19469605988,*1/*2,.,*1/*10,AA(rs9923231),*1/*1,.,.,*4/*6,.,.,*4/*4,.,.,.,*51:01/*51:01,.,*1/*1,*1/*3,*1/*1,*1/*6,*3/*3,.,.,.,*31:01/*31:01,*1/*1,CA(rs2231142)
1900496425C,rs2231142 reference (G)/rs2231142 reference (G),Reference/Reference,Reference/Reference,*1/*6,*2/*2,*1/*1,*10/*36 + *10,*1/*1,*1/*3,*3/*17,c.1627A>G (*5) (heterozygous),B (reference)/B (reference),*02:01/*11:01,*07:02/*15:01,rs12979860 reference (C)/rs12979860 variant (T),Reference,*1/*1,Reference/Reference,*1/*1,*1/*1,*1/*6,rs9923231 variant (T)/rs9923231 variant (T),1900496425C,E-B19510095908,E-B19510095908,*2/*2,.,*1/*1,AA(rs9923231),*1/*1,GA(rs2108622),.,*4/*4,.,.,*4/*4,.,.,.,*13:01/*15:02,GA(rs12979860),*1/*1,*1/*1,*1/*1,*1/*6,*1/*3,.,.,.,*02:01/*11:01,*1/*6,.
1900488223C,rs2231142 variant (T)/rs2231142 variant (T),Reference/Reference,Reference/Reference,*6/*6,*1/*3,*1/*1,*10/*36 + *10,*1/*1,*1/*3,*4/*17,Reference/Reference,B (reference)/B (reference),*02:01/*11:01,*07:02/*15:01,rs12979860 reference (C)/rs12979860 reference (C),Reference,,Reference/Reference,*37/*37,*1/*1,*1/*1,rs9923231 variant (T)/rs9923231 variant (T),1900488223C,E-B19727797636,E-B19727797636,*1/*3,.,*1/*10,AA(rs9923231),*1/*1,GA(rs2108622),.,*4/*6,.,.,*4/*4,.,.,.,*13:01/*40:01,.,*1/*1,*1/*3,*1/*1,*1/*1,*1/*3,.,.,.,*11:01/*11:01,*6/*6,AA(rs2231142)
1900492599C,rs2231142 reference (G)/rs2231142 reference (G),Reference/Reference,Reference/Reference,*6/*6,*1/*1,*1/*1,*10/*36 + *10,*1/*1,*1/*3,*1/*1,c.1627A>G (*5) (heterozygous),B (reference)/B (reference),*02:01/*11:01,*07:02/*15:01,rs12979860 reference (C)/rs12979860 reference (C),Reference,*1/*2,Reference/Reference,*1/*37,*1/*1,*1/*1,rs9923231 variant (T)/rs9923231 variant (T),1900492599C,E-B19128082841,E-B19128082841,*1/*1,.,*1/*10,AA(rs9923231),*1/*1,.,.,*4/*6,.,.,*4/*4,.,.,.,*13:02/*35:01,.,*1/*1,*1/*2,*1/*1,*1/*1,*1/*3,.,.,.,*03:01/*24:02,*6/*6,.
1900619107C,rs2231142 reference (G)/rs2231142 reference (G),Reference/Reference,Reference/Reference,*1/*1,*1/*1,*1/*1,*10/*36 + *10,*1/*1,*1/*3,*1/*17,Reference/Reference,B (reference)/B (reference),*02:01/*11:01,*07:02/*15:01,rs12979860 reference (C)/rs12979860 reference (C),Reference,*1/*1,c.11266C>G (heterozygous),*1/*37,*1/*1,*6/*6,rs9923231 variant (T)/rs9923231 variant (T),1900619107C,E-B19462428926,E-B19462428926,*1/*1,.,*1/*1,AA(rs9923231),*1/*1,.,.,*4/*5,.,.,*4/*4,.,.,.,*15:01/*44:03,.,*1/*1,*1/*1,*1/*1,*6/*6,*1/*3,.,.,.,*26:02/*33:03,*1/*1,.
1900580087C,rs2231142 reference (G)/rs2231142 variant (T),Reference/Reference,Reference/Reference,*1/*1,*1/*1,*1/*1,*10/*36 + *10,*1/*1,*1/*3,*1/*17,c.85T>C (*9A) (heterozygous),B (reference)/B (reference),*02:01/*11:01,*07:02/*15:01,rs12979860 reference (C)/rs12979860 reference (C),Reference,*1/*1,Reference/Reference,*15/*37,*1/*1,*1/*6,rs9923231 variant (T)/rs9923231 variant (T),1900580087C,E-B19419793121,E-B19419793121,*1/*1,.,*10/*10,AA(rs9923231),*1/*1,.,.,*6/*7,TC(rs4149056),.,*4/*4,.,.,.,*46:01/*56:01,.,*1/*1,*1/*1,*1/*1,*1/*6,*1/*3,GA(rs1803274),.,.,*02:07/*24:02,*1/*1,CA(rs2231142)
1900611305C,rs2231142 reference (G)/rs2231142 reference (G),Reference/Reference,Reference/Reference,*1/*6,*1/*2,*1/*1,*10/*36 + *10,*1/*1,*1/*3,*1/*1,c.1627A>G (*5) (heterozygous),B (reference)/B (reference),*02:01/*11:01,*07:02/*15:01,rs12979860 reference (C)/rs12979860 variant (T),Reference,,Reference/Reference,*16/*37,*1/*1,*1/*1,rs9923231 variant (T)/rs9923231 variant (T),1900611305C,E-B19105972779,E-B19105972779,*1/*2,.,*10/*14,AA(rs9923231),*1/*1,.,.,*7/*7,.,.,*4/*4,.,.,.,*46:01/*58:01,GA(rs12979860),*1/*1,*1/*3,*1/*1,*1/*1,*1/*3,.,.,.,*02:07/*33:03,*1/*6,.
1900499065C,rs2231142 reference (G)/rs2231142 reference (G),Reference/Reference,Reference/Reference,*1/*1,*1/*1,*1/*1,*10/*36 + *10,*1/*1,*3/*3,*3/*17,c.1627A>G (*5)/c.1627A>G (*5),B (reference)/B (reference),*02:01/*11:01,*07:02/*15:01,rs12979860 reference (C)/rs12979860 reference (C),Reference,*1/*1,Reference/Reference,*1/*37,*1/*6,*1/*6,rs9923231 variant (T)/rs9923231 variant (T),1900499065C,E-B19784457556,E-B19784457556,*1/*1,.,*10/*10,AA(rs9923231),*1/*1,GA(rs2108622),GA(rs671),*6/*7,.,.,*4/*4,.,.,.,*13:02/*13:02,.,*1/*1,*1/*1,*1/*1,*1/*6,*3/*3,.,.,.,*11:01/*24:02,*1/*1,.
1900581600C,rs2231142 reference (G)/rs2231142 reference (G),Reference/Reference,Reference/Reference,*6/*6,*1/*3,*1/*1,*10/*36 + *10,*1/*18,*1/*3,*1/*17,[c.85T>C (*9A) + c.1627A>G (*5)] (heterozygous),B (reference)/B (reference),*02:01/*11:01,*07:02/*15:01,rs12979860 reference (C)/rs12979860 reference (C),Reference,*1/*1,Reference/Reference,*15/*37,*1/*1,*6/*6,rs9923231 variant (T)/rs9923231 variant (T),1900581600C,E-B19509610263,E-B19509610263,*1/*3,.,*1/*1,AA(rs9923231),*1/*1,.,.,*4/*6,TC(rs4149056),.,*4/*4,.,.,GG(rs28358569),*15:02/*55:02,.,*1/*1,*1/*1,*1/*1,*6/*6,*1/*3,.,.,.,*24:02/*24:02,*6/*6,.
1900489773C,rs2231142 reference (G)/rs2231142 reference (G),Reference/Reference,Reference/Reference,*1/*1,*1/*2,*1/*1,*10/*36 + *10,*1/*1,*1/*3,*3/*17,Reference/Reference,B (reference)/B (reference),*02:01/*11:01,*07:02/*15:01,rs12979860 reference (C)/rs12979860 reference (C),Reference,*1/*1,Reference/Reference,*1/*37,*1/*1,*1/*6,rs9923231 reference (C)/rs9923231 variant (T),1900489773C,E-B19735808675,E-B19735808675,*1/*2,.,*1/*10,GA(rs9923231),*1/*1,GA(rs2108622),.,*4/*4,.,.,*4/*4,.,.,.,*15:01/*35:08,.,*1/*1,*1/*1,*1/*1,*1/*6,*1/*3,GA(rs1803274),.,.,*02:01/*11:01,*1/*1,.
1900617680C,rs2231142 variant (T)/rs2231142 variant (T),Reference/Reference,Reference/Reference,*1/*4,*1/*2,*1/*1,*10/*36 + *10,*1/*1,*3/*3,*1/*17,[c.1627A>G (*5) + c.1896T>C] (heterozygous),B (reference)/B (reference),*02:01/*11:01,*07:02/*15:01,rs12979860 reference (C)/rs12979860 reference (C),Reference,*1/*1,Reference/Reference,*37/*37,*1/*1,*80/*80+*28,rs9923231 variant (T)/rs9923231 variant (T),1900617680C,E-B19423338305,E-B19423338305,*1/*2,.,*1/*1,AA(rs9923231),*1/*1,.,.,*6/*6,.,.,*4/*4,.,.,.,*15:02/*51:01,.,*1/*1,*1/*1,*1/*1,*1/*28,*3/*3,.,.,.,*02:06/*11:01,*1/*4,AA(rs2231142)
1900489772C,rs2231142 reference (G)/rs2231142 variant (T),Reference/Reference,Reference/Reference,*1/*1,*1/*2,*1/*16,*10/*36 + *10,*1/*1,*1/*3,*1/*17,c.1896T>C (heterozygous),B (reference)/B (reference),*02:01/*11:01,*07:02/*15:01,rs12979860 reference (C)/rs12979860 reference (C),Reference,*1/*1,Reference/Reference,*15/*37,*1/*1,*1/*1,rs9923231 variant (T)/rs9923231 variant (T),1900489772C,E-B19673924192,E-B19673924192,*1/*2,.,*10/*10,AA(rs9923231),*1/*16,.,.,*4/*4,TC(rs4149056),.,*4/*4,.,.,.,*27:05/*35:01,.,*1/*1,*1/*1,*1/*1,*1/*1,*1/*3,.,.,.,*02:01/*03:01,*1/*1,CA(rs2231142)
1900492537C,rs2231142 reference (G)/rs2231142 variant (T),Reference/Reference,Reference/Reference,*1/*2,*1/*1,*1/*1,*10/*36 + *10,*1/*1,*1/*3,*1/*3,[c.85T>C (*9A) + c.1627A>G (*5)] (heterozygous),B (reference)/B (reference),*02:01/*11:01,*07:02/*15:01,rs12979860 reference (C)/rs12979860 reference (C),Reference,*1/*1,Reference/Reference,*37/*37,*1/*1,*1/*1,rs9923231 variant (T)/rs9923231 variant (T),1900492537C,E-B19889372078,E-B19889372078,*1/*1,.,*10/*10,AA(rs9923231),*1/*1,GA(rs2108622),GA(rs671),*4/*7,.,.,*4/*4,.,.,.,*40:01/*48:01,.,*1/*1,*1/*1,*1/*1,*1/*1,*1/*3,.,.,.,*02:01/*24:02,*1/*1,CA(rs2231142)
1900499094C,rs2231142 reference (G)/rs2231142 reference (G),Reference/Reference,Reference/Reference,*1/*4,*3/*38,*1/*3,*10/*36 + *10,*1/*1,*3/*3,*1/*3,[c.85T>C (*9A) + c.496A>G] (heterozygous),B (reference)/B (reference),*02:01/*11:01,*07:02/*15:01,rs12979860 reference (C)/rs12979860 variant (T),Reference,*1/*1,Reference/Reference,*15/*37,*1/*1,*1/*80+*28,rs9923231 variant (T)/rs9923231 variant (T),1900499094C,E-B19238676480,E-B19238676480,*1/*3,.,*1/*10,AA(rs9923231),*1/*3,GA(rs2108622),.,*4/*4,TC(rs4149056),.,*4/*4,.,.,.,*40:02/*54:01,GA(rs12979860),*1/*1,*1/*1,*1/*1,*1/*28,*3/*3,.,.,.,*03:01/*24:02,*1/*4,.
1900580311C,rs2231142 reference (G)/rs2231142 variant (T),Reference/Reference,Reference/Reference,*1/*1,*1/*2,*1/*1,*10/*36 + *10,*1/*1,*1/*3,*3/*17,Reference/Reference,B (reference)/B (reference),*02:01/*11:01,*07:02/*15:01,rs12979860 reference (C)/rs12979860 reference (C),Reference,*1/*1,Reference/Reference,*37/*37,*1/*1,*1/*1,rs9923231 variant (T)/rs9923231 variant (T),1900580311C,E-B19820733015,E-B19820733015,*1/*2,.,*10/*10,AA(rs9923231),*1/*1,GA(rs2108622),GA(rs671),*6/*6,.,.,*4/*4,.,.,.,*13:01/*46:01,.,*1/*1,*1/*1,*1/*1,*1/*1,*1/*3,.,.,.,*02:01/*24:02,*1/*1,CA(rs2231142)
1900488239C,rs2231142 reference (G)/rs2231142 reference (G),Reference/Reference,Reference/Reference,*1/*6,*1/*38,*1/*3,*10/*36 + *10,*1/*1,*1/*3,*1/*1,c.1627A>G (*5)/c.1896T>C,B (reference)/B (reference),*02:01/*11:01,*07:02/*15:01,rs12979860 reference (C)/rs12979860 reference (C),Reference,*1/*1,c.11266C>G (heterozygous),*15/*37,*1/*1,*1/*6,rs9923231 variant (T)/rs9923231 variant (T),1900488239C,E-B19848967523,E-B19848967523,*1/*1,.,*1/*1,AA(rs9923231),*1/*3,.,.,*4/*6,TC(rs4149056),.,*4/*4,.,.,.,*13:01/*51:01,.,*1/*1,*1/*1,*1/*1,*1/*6,*1/*3,.,.,.,*11:01/*26:01,*1/*6,.
1900492884C,rs2231142 reference (G)/rs2231142 variant (T),Reference/Reference,Reference/Reference,*1/*1,*1/*1,*1/*1,*10/*36 + *10,*1/*1,*3/*3,*4/*17,Reference/Reference,B (reference)/B (reference),*02:01/*11:01,*07:02/*15:01,rs12979860 reference (C)/rs12979860 reference (C),Reference,*1/*1,c.11266C>G (heterozygous),*37/*37,*1/*1,*1/*1,rs9923231 variant (T)/rs9923231 variant (T),1900492884C,E-B19942732292,E-B19942732292,*1/*1,.,*1/*10,AA(rs9923231),*1/*1,GA(rs2108622),.,*4/*6,.,.,*4/*4,.,.,.,*15:01/*44:03,.,*1/*1,*1/*1,*1/*1,*1/*1,*3/*3,.,.,.,*24:02/*33:03,*1/*1,CA(rs2231142)
1900493068C,rs2231142 reference (G)/rs2231142 variant (T),Reference/Reference,Reference/Reference,*1/*4,*2/*2,*1/*1,*10/*36 + *10,*1/*1,*1/*3,*1/*17,c.1627A>G (*5)/c.1896T>C,B (reference)/B (reference),*02:01/*11:01,*07:02/*15:01,rs12979860 reference (C)/rs12979860 reference (C),Reference,*1/*1,Reference/Reference,*37/*37,*1/*1,*1/*6,rs9923231 variant (T)/rs9923231 variant (T),1900493068C,E-B19873323817,E-B19873323817,*2/*2,.,*10/*10,AA(rs9923231),*1/*1,.,GA(rs671),*4/*5,.,.,*4/*4,.,.,.,*40:01/*56:04,.,*1/*1,*1/*1,*1/*1,*1/*6,*1/*3,.,.,.,*02:03/*11:01,*1/*4,CA(rs2231142)
1900611714C,rs2231142 variant (T)/rs2231142 variant (T),Reference/Reference,Reference/Reference,*1/*1,*1/*2,*1/*1,*10/*36 + *10,*1/*1,*1/*3,Unknown/Unknown,c.1627A>G (*5) (heterozygous),B (reference)/B (reference),*02:01/*11:01,*07:02/*15:01,rs12979860 reference (C)/rs12979860 reference (C),Reference,*1/*1,Reference/Reference,*37/*37,*1/*6,*1/*1,rs9923231 variant (T)/rs9923231 variant (T),1900611714C,E-B19281671021,E-B19281671021,*1/*2,.,*1/*10,AA(rs9923231),*1/*1,AA(rs2108622),.,*7/*7,.,.,*4/*4,.,.,CC(rs267606618),*13:01/*48:01,.,*1/*1,*1/*1,*1/*1,*1/*1,*1/*3,.,.,.,*11:01/*31:01,*1/*1,AA(rs2231142)
1900490788C,rs2231142 reference (G)/rs2231142 reference (G),Reference/Reference,Reference/Reference,*1/*1,*1/*2,*1/*1,*10/*36 + *10,*1/*1,*1/*3,*1/*4,c.1627A>G (*5) (heterozygous),B (reference)/B (reference),*02:01/*11:01,*07:02/*15:01,rs12979860 reference (C)/rs12979860 reference (C),Reference,*2/*2,Reference/Reference,*1/*37,*1/*1,*6/*6,rs9923231 reference (C)/rs9923231 variant (T),1900490788C,E-B19105934603,E-B19105934603,*1/*2,.,*1/*1,GA(rs9923231),*1/*1,GA(rs2108622),.,*4/*6,.,.,*4/*4,.,.,.,*27:04/*40:06,.,*1/*1,*2/*2,*1/*1,*6/*6,*1/*3,.,.,.,*01:01/*24:02,*1/*1,.
1900611735C,rs2231142 reference (G)/rs2231142 variant (T),Reference/Reference,Reference/Reference,,*2/*2,*1/*1,*10/*36 + *10,*1/*1,*1/*3,*1/*17,Reference/Reference,B (reference)/B (reference),*02:01/*11:01,*07:02/*15:01,rs12979860 reference (C)/rs12979860 reference (C),Reference,*1/*1,Reference/Reference,*15/*37,*1/*1,*1/*6,rs9923231 variant (T)/rs9923231 variant (T),1900611735C,E-B19271011205,E-B19271011205,*2/*2,.,*10/*10,AA(rs9923231),*1/*1,.,.,*4/*6,TC(rs4149056),.,*4/*4,.,.,.,*15:01/*46:01,.,*1/*1,*1/*1,*1/*1,*1/*6,*1/*3,.,.,.,*02:01/*02:01,*1/*6,CA(rs2231142)
1900580201C,rs2231142 variant (T)/rs2231142 variant (T),Reference/Reference,Reference/Reference,*1/*1,*1/*1,*1/*1,*10/*36 + *10,*1/*1,*1/*3,*1/*3,c.1627A>G (*5) (heterozygous),B (reference)/B (reference),*02:01/*11:01,*07:02/*15:01,rs12979860 reference (C)/rs12979860 reference (C),Reference,*1/*1,c.11266C>G (heterozygous),*1/*1,*1/*1,*1/*6,rs9923231 variant (T)/rs9923231 variant (T),1900580201C,E-B19869239517,E-B19869239517,*1/*1,.,*1/*1,AA(rs9923231),*1/*1,GA(rs2108622),GA(rs671),*4/*4,.,.,*4/*4,.,.,.,*15:05/*46:01,.,*1/*1,*1/*1,*1/*1,*1/*6,*1/*3,.,.,.,*02:07/*11:01,*1/*1,AA(rs2231142)
1900499897C,rs2231142 reference (G)/rs2231142 variant (T),Reference/Reference,Reference/Reference,*1/*1,*1/*2,*1/*1,*10/*36 + *10,*1/*1,*1/*3,*1/*3,c.1627A>G (*5)/c.1896T>C,B (reference)/B (reference),*02:01/*11:01,*07:02/*15:01,rs12979860 reference (C)/rs12979860 reference (C),Reference,*1/*1,c.4763C>T (heterozygous),*37/*37,*1/*1,*6/*80+*28,rs9923231 variant (T)/rs9923231 variant (T),1900499897C,E-B19933884944,E-B19933884944,*1/*2,.,*1/*10,AA(rs9923231),*1/*1,GA(rs2108622),.,*4/*7,.,.,*4/*4,.,.,.,*13:02/*15:27,.,*1/*1,*1/*1,*1/*1,*6/*28,*1/*3,TA(rs121918557),.,.,*24:02/*30:01,*1/*1,CA(rs2231142)
1900498080C,rs2231142 reference (G)/rs2231142 variant (T),Reference/Reference,Reference/Reference,*1/*1,*1/*1,*1/*1,*10/*36 + *10,*1/*1,*1/*3,*4/*17,Reference/Reference,B (reference)/B (reference),*02:01/*11:01,*07:02/*15:01,rs12979860 reference (C)/rs12979860 reference (C),Reference,*1/*1,Reference/Reference,*37/*37,*1/*1,*1/*1,rs9923231 variant (T)/rs9923231 variant (T),1900498080C,E-B19562442320,E-B19562442320,*1/*1,.,*10/*10,AA(rs9923231),*1/*1,GA(rs2108622),.,*6/*7,.,.,*4/*4,.,.,.,*13:02/*15:18,.,*1/*1,*1/*1,*1/*1,*1/*1,*1/*3,GA(rs1803274),.,.,*11:01/*26:01,*1/*1,CA(rs2231142)
1900490715C,rs2231142 reference (G)/rs2231142 variant (T),Reference/Reference,Reference/Reference,*1/*6,*1/*2,*1/*1,*10/*36 + *10,*1/*1,*3/*3,*1/*17,c.1627A>G (*5) (heterozygous),B (reference)/B (reference),*02:01/*11:01,*07:02/*15:01,rs12979860 reference (C)/rs12979860 reference (C),Reference,*1/*1,Reference/Reference,*1/*37,*1/*1,*1/*6,rs9923231 variant (T)/rs9923231 variant (T),1900490715C,E-B19291463332,E-B19291463332,*1/*2,.,*10/*10,AA(rs9923231),*1/*1,.,.,*6/*7,.,.,*4/*4,.,.,.,*40:01/*40:01,.,*1/*1,*1/*1,*1/*1,*1/*6,*3/*3,.,.,.,*11:01/*24:02,*1/*6,CA(rs2231142)
1900488243C,rs2231142 reference (G)/rs2231142 reference (G),Reference/Reference,Reference/Reference,*1/*6,*1/*3,*1/*1,*10/*36 + *10,*1/*1,*3/*3,*1/*1,c.1627A>G (*5)/[c.1627A>G (*5) + c.1896T>C],B (reference)/B (reference),*02:01/*11:01,*07:02/*15:01,rs12979860 reference (C)/rs12979860 reference (C),Reference,*1/*1,Reference/Reference,*37/*37,*1/*1,*1/*1,rs9923231 variant (T)/rs9923231 variant (T),1900488243C,E-B19334690740,E-B19334690740,*1/*3,.,*1/*10,AA(rs9923231),*1/*1,.,GA(rs671),*4/*7,.,.,*4/*4,.,.,.,*13:02/*15:01,.,*1/*1,*1/*1,*1/*1,*1/*1,*3/*3,.,.,.,*02:03/*30:01,*1/*6,.
1900499804C,rs2231142 reference (G)/rs2231142 variant (T),Reference/Reference,Reference/Reference,*1/*1,*1/*1,*1/*1,*10/*36 + *10,*1/*1,*1/*3,*1/*17,Reference/Reference,B (reference)/B (reference),*02:01/*11:01,*07:02/*15:01,rs12979860 reference (C)/rs12979860 reference (C),Reference,*1/*1,Reference/Reference,*1/*37,*1/*1,*1/*6,rs9923231 reference (C)/rs9923231 variant (T),1900499804C,E-B19858668926,E-B19858668926,*1/*1,.,*1/*10,GA(rs9923231),*1/*1,.,.,*4/*4,.,.,*4/*4,.,.,.,*15:18/*56:01,.,*1/*1,*1/*1,*1/*1,*1/*6,*1/*3,.,.,.,*02:01/*11:01,*1/*1,CA(rs2231142)
1900494747C,rs2231142 reference (G)/rs2231142 variant (T),Reference/Reference,Reference/Reference,*1/*9,*1/*1,*1/*1,*10/*36 + *10,*1/*1,*3/*3,*1/*17,[c.1627A>G (*5) + c.1896T>C] (heterozygous),B (reference)/B (reference),*02:01/*11:01,*07:02/*15:01,rs12979860 reference (C)/rs12979860 variant (T),Reference,*1/*1,Reference/Reference,*37/*37,*1/*1,*1/*1,rs9923231 variant (T)/rs9923231 variant (T),1900494747C,E-B19350646427,E-B19350646427,*1/*1,.,*1/*1,AA(rs9923231),*1/*1,.,.,*4/*6,.,.,*4/*4,.,.,.,*38:02/*46:01,GA(rs12979860),*1/*1,*1/*1,*1/*1,*1/*1,*3/*3,.,.,.,*02:03/*02:07,*1/*9,CA(rs2231142)
1900610836C,rs2231142 reference (G)/rs2231142 reference (G),Reference/Reference,Reference/Reference,*2/*4,*1/*2,*1/*1,*10/*36 + *10,*1/*1,*1/*1,*1/*17,c.1627A>G (*5) (heterozygous),B (reference)/B (reference),*02:01/*11:01,*07:02/*15:01,rs12979860 reference (C)/rs12979860 variant (T),Reference,*1/*1,Reference/Reference,*15/*37,*1/*1,*6/*6,rs9923231 variant (T)/rs9923231 variant (T),1900610836C,E-B19172743575,E-B19172743575,*1/*2,.,*1/*10,AA(rs9923231),*1/*1,.,.,*4/*6,TC(rs4149056),.,*4/*4,.,.,.,*38:02/*40:01,GA(rs12979860),*1/*1,*1/*1,*1/*1,*6/*6,*1/*1,GA(rs1803274),.,.,*11:01/*30:01,*1/*4,.
1900649755C,rs2231142 reference (G)/rs2231142 reference (G),Reference/Reference,Reference/Reference,*1/*1,*1/*2,*1/*1,*10/*36 + *10,*1/*1,*1/*3,*1/*17,c.85T>C (*9A)/c.1627A>G (*5),B (reference)/B (reference),*02:01/*11:01,*07:02/*15:01,rs12979860 reference (C)/rs12979860 variant (T),Reference,*1/*1,Reference/Reference,*1/*1,*1/*1,*1/*1,rs9923231 variant (T)/rs9923231 variant (T),1900649755C,E-B19837253163,E-B19837253163,*1/*2,.,*1/*10,AA(rs9923231),*1/*1,.,.,*4/*4,.,.,*4/*4,.,.,.,*13:02/*35:01,GA(rs12979860),*1/*1,*1/*1,*1/*1,*1/*1,*1/*3,.,.,.,*24:02/*30:18,*1/*1,.
1900490798C,rs2231142 reference (G)/rs2231142 variant (T),Reference/Reference,Reference/Reference,*1/*1,*2/*2,*1/*1,*10/*36 + *10,*1/*1,*3/*3,Unknown/Unknown,[c.1627A>G (*5) + c.2194G>A (*6)] (heterozygous),B (reference)/B (reference),*02:01/*11:01,*07:02/*15:01,rs12979860 reference (C)/rs12979860 reference (C),Reference,*1/*1,Reference/Reference,*1/*37,*1/*1,*1/*6,rs9923231 variant (T)/rs9923231 variant (T),1900490798C,E-B19853109845,E-B19853109845,*2/*2,.,*1/*1,AA(rs9923231),*1/*1,AA(rs2108622),.,*4/*4,.,.,*4/*4,.,.,.,*13:01/*13:02,.,*1/*1,*1/*1,*1/*1,*1/*6,*3/*3,.,.,.,*11:01/*30:01,*1/*1,CA(rs2231142)
1900494789C,rs2231142 reference (G)/rs2231142 variant (T),Reference/Reference,Reference/Reference,*6/*6,*1/*1,*1/*1,*10/*36 + *10,*1/*1,*3/*3,*1/*3,Reference/Reference,B (reference)/B (reference),*02:01/*11:01,*07:02/*15:01,rs12979860 reference (C)/rs12979860 variant (T),Reference,*1/*1,Reference/Reference,*1/*37,*1/*1,*1/*1,rs9923231 variant (T)/rs9923231 variant (T),1900494789C,E-B19913641909,E-B19913641909,*1/*1,.,*10/*10,AA(rs9923231),*1/*1,GA(rs2108622),AA(rs671),*4/*5,.,.,*4/*4,.,.,.,*40:01/*48:03,GA(rs12979860),*1/*1,*1/*1,*1/*1,*1/*1,*3/*3,.,.,.,*02:06/*24:02,*6/*6,CA(rs2231142)
1900489753C,rs2231142 reference (G)/rs2231142 reference (G),Reference/Reference,Reference/Reference,*1/*2,*1/*2,*1/*1,*10/*36 + *10,*1/*1,*3/*3,*1/*3,c.1627A>G (*5) (heterozygous),B (reference)/B (reference),*02:01/*11:01,*07:02/*15:01,rs12979860 reference (C)/rs12979860 reference (C),Reference,*1/*6,Reference/Reference,*37/*37,*1/*1,*1/*1,rs9923231 variant (T)/rs9923231 variant (T),1900489753C,E-B19853434439,E-B19853434439,*1/*2,.,*1/*10,AA(rs9923231),*1/*1,GA(rs2108622),AA(rs671),*4/*4,.,.,*4/*4,.,.,.,*13:02/*44:03,.,*1/*1,*1/*1,*1/*1,*1/*1,*3/*3,.,.,.,*30:01/*33:03,*1/*1,.
1900611725C,rs2231142 reference (G)/rs2231142 variant (T),Reference/Reference,Reference/Reference,*1/*1,*1/*2,*1/*1,*10/*36 + *10,*1/*1,*3/*3,*4/*17,Reference/Reference,B (reference)/B (reference),*02:01/*11:01,*07:02/*15:01,rs12979860 reference (C)/rs12979860 reference (C),Reference,*1/*1,Reference/Reference,*1/*37,*1/*1,*1/*1,rs9923231 variant (T)/rs9923231 variant (T),1900611725C,E-B19219025512,E-B19219025512,*1/*2,.,*1/*1,AA(rs9923231),*1/*1,GA(rs2108622),.,*4/*6,.,.,*4/*4,.,.,.,*46:01/*67:01,.,*1/*1,*1/*1,*1/*1,*1/*1,*3/*3,.,.,.,*02:07/*02:07,*1/*1,CA(rs2231142)
1900618171C,rs2231142 reference (G)/rs2231142 variant (T),Reference/Reference,Reference/Reference,*1/*6,*1/*1,*1/*1,*10/*36 + *10,*1/*1,*1/*3,Unknown/Unknown,c.1627A>G (*5)/c.1627A>G (*5),B (reference)/B (reference),*02:01/*11:01,*07:02/*15:01,rs12979860 reference (C)/rs12979860 reference (C),Reference,*1/*1,Reference/Reference,*1/*1,*1/*1,*6/*80+*28,rs9923231 reference (C)/rs9923231 variant (T),1900618171C,E-B19432874686,E-B19432874686,*1/*1,.,*1/*10,GA(rs9923231),*1/*1,AA(rs2108622),GA(rs671),*4/*6,.,.,*4/*4,.,.,.,*38:01/*40:01,.,*1/*1,*1/*1,*1/*1,*6/*28,*1/*3,.,.,.,*03:01/*11:01,*1/*6,CA(rs2231142)
1900581594C,rs2231142 reference (G)/rs2231142 variant (T),Reference/Reference,Reference/Reference,*1/*1,*1/*2,*1/*1,*10/*36 + *10,*1/*1,*3/*3,*3/*17,Reference/Reference,B (reference)/B (reference),*02:01/*11:01,*07:02/*15:01,rs12979860 reference (C)/rs12979860 reference (C),Reference,*1/*1,Reference/Reference,*15/*37,*1/*1,*1/*1,rs9923231 variant (T)/rs9923231 variant (T),1900581594C,E-B19328434711,E-B19328434711,*1/*2,.,*10/*10,AA(rs9923231),*1/*1,GA(rs2108622),.,*5/*6,TC(rs4149056),.,*4/*4,.,.,.,*15:02/*46:01,.,*1/*1,*1/*1,*1/*1,*1/*1,*3/*3,.,.,.,*02:07/*11:01,*1/*1,CA(rs2231142)
1900498039C,rs2231142 variant (T)/rs2231142 variant (T),Reference/Reference,Reference/Reference,*1/*1,*2/*2,*1/*1,*10/*36 + *10,*1/*1,*3/*3,*1/*17,Reference/Reference,B (reference)/B (reference),*02:01/*11:01,*07:02/*15:01,rs12979860 reference (C)/rs12979860 reference (C),Reference,*1/*1,Reference/Reference,*1/*37,*1/*1,*1/*1,rs9923231 variant (T)/rs9923231 variant (T),1900498039C,E-B19245484635,E-B19245484635,*2/*2,.,*1/*10,AA(rs9923231),*1/*1,.,GA(rs671),*4/*6,.,.,*4/*4,.,.,.,*15:01/*51:01,.,*1/*1,*1/*1,*1/*1,*1/*1,*3/*3,GA(rs1803274),.,.,*02:07/*24:02,*1/*1,AA(rs2231142)
1900618725C,rs2231142 reference (G)/rs2231142 reference (G),Reference/Reference,Reference/Reference,*1/*1,*1/*17,*1/*29,*10/*36 + *10,*1/*18,*1/*3,*1/*1,c.1627A>G (*5)/c.1627A>G (*5),B (reference)/B (reference),*02:01/*11:01,*07:02/*15:01,rs12979860 reference (C)/rs12979860 reference (C),Reference,*1/*1,Reference/Reference,*37/*37,*1/*1,*1/*80+*28,rs9923231 variant (T)/rs9923231 variant (T),1900618725C,E-B19832417293,E-B19832417293,*1/*17,.,*1/*10,AA(rs9923231),*1/*29,.,GA(rs671),*4/*6,.,.,*4/*4,.,.,.,*51:01/*58:01,.,*1/*1,*1/*1,*1/*1,*1/*28,*1/*3,.,.,.,*24:02/*33:03,*1/*1,.
1900499398C,rs2231142 reference (G)/rs2231142 variant (T),Reference/Reference,Reference/Reference,*1/*1,*2/*2,*1/*1,*10/*36 + *10,*1/*1,*1/*1,*1/*1,Reference/Reference,B (reference)/B (reference),*02:01/*11:01,*07:02/*15:01,rs12979860 reference (C)/rs12979860 variant (T),Reference,,c.5317C>T (heterozygous),*37/*37,*1/*1,*1/*6,rs9923231 variant (T)/rs9923231 variant (T),1900499398C,E-B19641809332,E-B19641809332,*2/*2,.,*10/*10,AA(rs9923231),*1/*1,.,GA(rs671),*4/*4,.,.,*4/*4,.,.,.,*15:25/*52:01,GA(rs12979860),*1/*1,*1/*3,*1/*1,*1/*6,*1/*1,GA(rs1803274),.,.,*11:01/*32:01,*1/*1,CA(rs2231142)
1900581239C,rs2231142 reference (G)/rs2231142 reference (G),Reference/Reference,Reference/Reference,*1/*6,*1/*1,*1/*1,*10/*36 + *10,*1/*18,*1/*3,*1/*1,c.2194G>A (*6) (heterozygous),B (reference)/B (reference),*02:01/*11:01,*07:02/*15:01,rs12979860 reference (C)/rs12979860 variant (T),Reference,*1/*1,Reference/Reference,*37/*37,*1/*1,*1/*1,rs9923231 variant (T)/rs9923231 variant (T),1900581239C,E-B19889790349,E-B19889790349,*1/*1,.,*10/*14,AA(rs9923231),*1/*1,.,.,*4/*6,.,.,*4/*4,.,.,.,*15:02/*44:02,GA(rs12979860),*1/*1,*1/*1,*1/*1,*1/*1,*1/*3,.,.,.,*03:01/*11:01,*1/*6,.
1900498090C,rs2231142 reference (G)/rs2231142 reference (G),Reference/Reference,Reference/Reference,*6/*6,*1/*1,*1/*1,*10/*36 + *10,*1/*1,*1/*3,*1/*3,[c.1627A>G (*5) + c.1896T>C] (heterozygous),B (reference)/B (reference),*02:01/*11:01,*07:02/*15:01,rs12979860 reference (C)/rs12979860 reference (C),Reference,*2/*5,Reference/Reference,*15/*37,*1/*3C,*1/*1,rs9923231 variant (T)/rs9923231 variant (T),1900498090C,E-B19687019809,E-B19687019809,*1/*1,.,*1/*10,AA(rs9923231),*1/*1,GA(rs2108622),.,*4/*7,TC(rs4149056),.,*4/*4,.,.,.,*46:01/*46:01,.,*1/*3C,*1/*2,*1/*1,*1/*1,*1/*3,.,.,.,*02:07/*02:07,*6/*6,.
1900499059C,rs2231142 variant (T)/rs2231142 variant (T),Reference/Reference,Reference/Reference,*1/*1,*2/*2,*1/*1,*10/*36 + *10,*1/*1,*3/*3,*1/*17,c.1627A>G (*5) (heterozygous),B (reference)/B (reference),*02:01/*11:01,*07:02/*15:01,rs12979860 reference (C)/rs12979860 reference (C),Reference,*1/*1,Reference/Reference,*1/*15,*1/*1,*1/*1,rs9923231 variant (T)/rs9923231 variant (T),1900499059C,E-B19504583376,E-B19504583376,*2/*2,.,*1/*1,AA(rs9923231),*1/*1,.,.,*6/*6,TC(rs4149056),.,*4/*4,.,.,.,*40:06/*58:01,.,*1/*1,*1/*1,*1/*1,*1/*1,*3/*3,insA/-(rs764588882),.,.,*11:01/*24:02,*1/*1,AA(rs2231142)
1900433511C,rs2231142 reference (G)/rs2231142 reference (G),Reference/Reference,Reference/Reference,*1/*1,*1/*1,*1/*1,*10/*36 + *10,*1/*1,*3/*3,*1/*17,Reference/Reference,B (reference)/B (reference),*02:01/*11:01,*07:02/*15:01,rs12979860 reference (C)/rs12979860 variant (T),Reference,*1/*1,Reference/Reference,*1/*37,*1/*1,*1/*1,rs9923231 variant (T)/rs9923231 variant (T),1900433511C,E-B19893104872,E-B19893104872,*1/*1,.,*10/*10,AA(rs9923231),*1/*1,.,GA(rs671),*4/*6,.,.,*4/*4,.,.,.,*27:04/*35:01,GA(rs12979860),*1/*1,*1/*1,*1/*1,*1/*1,*3/*3,.,.,.,*11:01/*26:01,*1/*1,.
1900495656C,rs2231142 reference (G)/rs2231142 variant (T),Reference/Reference,Reference/Reference,*1/*6,*1/*1,*1/*1,*10/*36 + *10,*1/*1,*3/*3,*1/*1,Reference/Reference,B (reference)/B (reference),*02:01/*11:01,*07:02/*15:01,rs12979860 reference (C)/rs12979860 reference (C),Reference,*1/*1,Reference/Reference,*1/*37,*1/*1,*1/*6,rs9923231 variant (T)/rs9923231 variant (T),1900495656C,E-B19308396617,E-B19308396617,*1/*1,.,*1/*10,AA(rs9923231),*1/*1,.,.,*4/*6,.,.,*4/*4,.,.,.,*15:01/*15:11,.,*1/*1,*1/*1,*1/*1,*1/*6,*3/*3,GA(rs1803274),.,.,*02:01/*02:01,*1/*6,CA(rs2231142)
1900618781C,rs2231142 reference (G)/rs2231142 variant (T),Reference/Reference,Reference/Reference,,*1/*1,*1/*1,*10/*36 + *10,*1/*1,*1/*1,*4/*17,c.1896T>C (heterozygous),B (reference)/B (reference),*02:01/*11:01,*07:02/*15:01,rs12979860 reference (C)/rs12979860 reference (C),Reference,*1/*1,Reference/Reference,*1/*37,*1/*1,*1/*6,rs9923231 variant (T)/rs9923231 variant (T),1900618781C,E-B19425771301,E-B19425771301,*1/*1,.,*1/*10,AA(rs9923231),*1/*1,GA(rs2108622),.,*6/*7,.,.,*4/*4,.,.,.,*46:01/*58:01,.,*1/*1,*1/*1,*1/*1,*1/*6,*1/*1,.,.,.,*24:02/*33:03,*1/*9,CA(rs2231142)
1900646155C,rs2231142 variant (T)/rs2231142 variant (T),Reference/Reference,Reference/Reference,*1/*4,*1/*38,*1/*3,*10/*36 + *10,*1/*1,*3/*3,*4/*17,c.1627A>G (*5) (heterozygous),B (reference)/B (reference),*02:01/*11:01,*07:02/*15:01,rs12979860 reference (C)/rs12979860 reference (C),Reference,,Reference/Reference,*1/*37,*1/*1,*1/*1,rs9923231 reference (C)/rs9923231 variant (T),1900646155C,E-B19511633841,E-B19511633841,*1/*1,.,*1/*1,GA(rs9923231),*1/*3,GA(rs2108622),.,*4/*7,.,.,*4/*4,.,.,.,*46:01/*67:01,.,*1/*1,*1/*3,*1/*1,*1/*1,*3/*3,.,.,.,*02:07/*11:01,*1/*4,AA(rs2231142)
1900492551C,rs2231142 reference (G)/rs2231142 reference (G),Reference/Reference,Reference/Reference,*1/*6,*1/*1,*1/*1,*10/*36 + *10,*1/*1,*3/*3,*3/*17,c.1896T>C (heterozygous),B (reference)/B (reference),*02:01/*11:01,*07:02/*15:01,rs12979860 reference (C)/rs12979860 variant (T),Reference,*1/*1,Reference/Reference,*1/*37,*1/*1,*1/*6,rs9923231 variant (T)/rs9923231 variant (T),1900492551C,E-B19546764913,E-B19546764913,*1/*1,.,*1/*10,AA(rs9923231),*1/*1,GA(rs2108622),.,*4/*4,.,.,*4/*4,.,.,.,*07:05/*27:05,GA(rs12979860),*1/*1,*1/*1,*1/*1,*1/*6,*3/*3,.,.,.,*03:01/*29:01,*1/*6,.
1900617654C,rs2231142 reference (G)/rs2231142 variant (T),Reference/Reference,Reference/Reference,*4/*6,*1/*2,*1/*1,*10/*36 + *10,*1/*1,*3/*3,*1/*3,c.1627A>G (*5) (heterozygous),B (reference)/B (reference),*02:01/*11:01,*07:02/*15:01,rs12979860 reference (C)/rs12979860 reference (C),Reference,*1/*1,Reference/Reference,*15/*15,*1/*1,*1/*1,rs9923231 variant (T)/rs9923231 variant (T),1900617654C,E-B19839915845,E-B19839915845,*1/*2,.,*1/*10,AA(rs9923231),*1/*1,GA(rs2108622),.,*6/*6,CC(rs4149056),.,*4/*4,.,.,.,*13:01/*15:01,.,*1/*1,*1/*1,*1/*1,*1/*1,*3/*3,.,.,.,*11:01/*24:02,*4/*6,CA(rs2231142)
1900618793C,rs2231142 variant (T)/rs2231142 variant (T),Reference/Reference,Reference/Reference,*1/*1,*1/*1,*1/*1,*10/*36 + *10,*1/*1,*3/*3,*3/*17,Reference/Reference,B (reference)/B (reference),*02:01/*11:01,*07:02/*15:01,rs12979860 reference (C)/rs12979860 reference (C),Reference,*1/*1,Reference/Reference,*1/*37,*1/*1,*1/*1,rs9923231 variant (T)/rs9923231 variant (T),1900618793C,E-B19478998713,E-B19478998713,*1/*1,.,*10/*10,AA(rs9923231),*1/*1,GA(rs2108622),GA(rs671),*4/*6,.,.,*4/*4,.,.,.,*13:02/*15:01,.,*1/*1,*1/*1,*1/*1,*1/*1,*3/*3,.,.,.,*26:01/*30:01,*1/*1,AA(rs2231142)
1900579491C,rs2231142 reference (G)/rs2231142 reference (G),Reference/Reference,Reference/Reference,,*1/*1,*1/*1,*10/*36 + *10,*1/*1,*3/*3,*1/*17,c.1627A>G (*5)/c.1627A>G (*5),B (reference)/B (reference),*02:01/*11:01,*07:02/*15:01,rs12979860 reference (C)/rs12979860 reference (C),Reference,*1/*1,c.8290G>A (heterozygous),*1/*37,*1/*1,*1/*6,rs9923231 variant (T)/rs9923231 variant (T),1900579491C,E-B19632321820,E-B19632321820,*1/*1,.,*10/*10,AA(rs9923231),*1/*1,.,.,*4/*6,.,.,*4/*4,.,.,.,*35:01/*46:01,.,*1/*1,*1/*1,*1/*1,*1/*6,*3/*3,.,.,.,*02:06/*02:07,*1/*1,.
1900581548C,rs2231142 reference (G)/rs2231142 variant (T),Reference/Reference,Reference/Reference,*1/*1,*1/*2,*1/*1,*10/*36 + *10,*1/*1,*3/*3,*1/*1,c.1896T>C/[c.85T>C (*9A) + c.496A>G],B (reference)/B (reference),*02:01/*11:01,*07:02/*15:01,rs12979860 reference (C)/rs12979860 reference (C),Reference,,Reference/Reference,*37/*37,*1/*1,*1/*1,rs9923231 variant (T)/rs9923231 variant (T),1900581548C,E-B19880481053,E-B19880481053,*1/*2,.,*1/*10,AA(rs9923231),*1/*1,.,AA(rs671),*4/*6,.,.,*4/*4,.,.,.,*15:25/*27:04,.,*1/*1,*1/*3,*1/*1,*1/*1,*3/*3,GA(rs1803274),.,.,*11:02/*11:02,*1/*1,CA(rs2231142)
1900649727C,rs2231142 reference (G)/rs2231142 variant (T),Reference/Reference,Reference/Reference,*1/*1,*1/*3,*1/*1,*10/*36 + *10,*1/*6,*3/*3,*1/*17,Reference/Reference,B (reference)/B (reference),*02:01/*11:01,*07:02/*15:01,rs12979860 reference (C)/rs12979860 reference (C),Reference,*1/*1,c.11266C>G (heterozygous),*37/*37,*1/*6,*1/*80+*28,rs9923231 reference (C)/rs9923231 variant (T),1900649727C,E-B19435542334,E-B19435542334,*1/*3,.,*1/*10,GA(rs9923231),*1/*1,.,.,*4/*4,.,.,*4/*4,.,.,.,*38:02/*46:01,.,*1/*1,*1/*1,*1/*1,*1/*28,*3/*3,.,.,.,*11:01/*24:07,*1/*1,CA(rs2231142)
1900649722C,rs2231142 reference (G)/rs2231142 reference (G),Reference/Reference,Reference/Reference,*1/*9,*1/*2,*1/*1,*10/*36 + *10,*1/*1,*1/*3,*3/*3,Reference/Reference,B (reference)/B (reference),*02:01/*11:01,*07:02/*15:01,rs12979860 reference (C)/rs12979860 reference (C),Reference,*1/*2,Reference/Reference,*1/*15,*1/*1,*1/*6,rs9923231 variant (T)/rs9923231 variant (T),1900649722C,E-B19179017524,E-B19179017524,*1/*2,.,*1/*1,AA(rs9923231),*1/*1,AA(rs2108622),.,*4/*6,TC(rs4149056),.,*4/*4,.,.,.,*40:01/*55:02,.,*1/*1,*1/*2,*1/*1,*1/*6,*1/*3,.,.,.,*11:01/*24:20,*1/*9,.
1900491218C,rs2231142 reference (G)/rs2231142 reference (G),Reference/Reference,Reference/Reference,*1/*26,*1/*3,*1/*1,*10/*36 + *10,*1/*1,*3/*3,*1/*1,c.1896T>C (heterozygous),B (reference)/B (reference),*02:01/*11:01,*07:02/*15:01,rs12979860 reference (C)/rs12979860 reference (C),Reference,,Reference/Reference,*37/*37,*1/*1,*1/*1,rs9923231 variant (T)/rs9923231 variant (T),1900491218C,E-B19786574665,E-B19786574665,*1/*3,.,*1/*10,AA(rs9923231),*1/*1,.,.,*6/*7,.,.,*4/*4,.,.,.,*44:03/*48:01,.,*1/*1,*1/*3,*1/*1,*1/*1,*3/*3,.,.,.,*11:01/*68:01,*1/*26,.
1900610984C,rs2231142 reference (G)/rs2231142 reference (G),Reference/Reference,Reference/Reference,*1/*1,*1/*1,*1/*1,*10/*36 + *10,*1/*1,*1/*3,*1/*17,c.1627A>G (*5) (heterozygous),B (reference)/B (reference),*02:01/*11:01,*07:02/*15:01,rs12979860 reference (C)/rs12979860 reference (C),Reference,,Reference/Reference,*37/*37,*1/*1,*1/*1,rs9923231 variant (T)/rs9923231 variant (T),1900610984C,E-B19121371628,E-B19121371628,*1/*1,.,*1/*10,AA(rs9923231),*1/*1,.,GA(rs671),*6/*6,.,.,*4/*4,.,.,.,*40:01/*46:01,.,*1/*1,*1/*3,*1/*1,*1/*1,*1/*3,.,.,.,*02:07/*24:02,*1/*1,.
1900493083C,rs2231142 reference (G)/rs2231142 variant (T),Reference/Reference,Reference/Reference,*1/*1,*1/*2,*1/*1,*10/*36 + *10,*1/*1,*3/*3,*3/*17,c.1896T>C (heterozygous),B (reference)/B (reference),*02:01/*11:01,*07:02/*15:01,rs12979860 reference (C)/rs12979860 reference (C),Reference,*1/*1,c.11266C>G (heterozygous),*1/*37,*1/*1,*1/*1,rs9923231 variant (T)/rs9923231 variant (T),1900493083C,E-B19707160479,E-B19707160479,*1/*2,.,*1/*10,AA(rs9923231),*1/*1,GA(rs2108622),.,*6/*7,.,.,*4/*4,.,.,.,*13:01/*58:01,.,*1/*1,*1/*1,*1/*1,*1/*1,*3/*3,.,.,.,*02:01/*33:03,*1/*1,CA(rs2231142)
1900426647C,rs2231142 reference (G)/rs2231142 variant (T),Reference/Reference,Reference/Reference,*1/*4,*1/*2,*1/*1,*10/*36 + *10,*1/*1,*1/*3,*4/*17,c.1627A>G (*5)/[c.1627A>G (*5) + c.2303C>A],B (reference)/B (reference),*02:01/*11:01,*07:02/*15:01,rs12979860 reference (C)/rs12979860 reference (C),Reference,*1/*1,Reference/Reference,*37/*37,*1/*1,*1/*6,rs9923231 variant (T)/rs9923231 variant (T),1900426647C,E-B19822230254,E-B19822230254,*1/*2,.,*1/*10,AA(rs9923231),*1/*1,GA(rs2108622),.,*4/*4,.,.,*4/*4,.,.,.,*15:07/*50:01,.,*1/*1,*1/*1,*1/*1,*1/*6,*1/*3,.,.,.,*02:05/*24:02,*1/*4,CA(rs2231142)
1900646113C,rs2231142 reference (G)/rs2231142 variant (T),Reference/Reference,Reference/Reference,*1/*2,*1/*2,*1/*1,*10/*36 + *10,*1/*1,*1/*3,*1/*17,[c.85T>C (*9A) + c.1896T>C] (heterozygous),B (reference)/B (reference),*02:01/*11:01,*07:02/*15:01,rs12979860 reference (C)/rs12979860 reference (C),Reference,*1/*1,Reference/Reference,*1/*29,*1/*1,*1/*1,rs9923231 variant (T)/rs9923231 variant (T),1900646113C,E-B19730951304,E-B19730951304,*1/*2,.,*10/*10,AA(rs9923231),*1/*1,.,GA(rs671),*6/*6,.,.,*4/*4,.,.,.,*46:01/*56:01,.,*1/*1,*1/*1,*1/*1,*1/*1,*1/*3,.,.,.,*02:07/*33:03,*1/*1,CA(rs2231142)
1900492598C,rs2231142 reference (G)/rs2231142 variant (T),Reference/Reference,Reference/Reference,*1/*4,*1/*2,*1/*1,*10/*36 + *10,*1/*1,*3/*3,*3/*17,c.1896T>C (heterozygous),B (reference)/B (reference),*02:01/*11:01,*07:02/*15:01,rs12979860 reference (C)/rs12979860 reference (C),Reference,*1/*1,Reference/Reference,*37/*37,*1/*1,*1/*1,rs9923231 variant (T)/rs9923231 variant (T),1900492598C,E-B19348725951,E-B19348725951,*1/*2,.,*1/*10,AA(rs9923231),*1/*1,GA(rs2108622),.,*4/*4,.,.,*4/*4,.,.,GG(rs28358569),*40:02/*51:01,.,*1/*1,*1/*1,*1/*1,*1/*1,*3/*3,.,.,.,*24:02/*33:03,*1/*4,CA(rs2231142)
1900426624C,rs2231142 reference (G)/rs2231142 variant (T),Reference/Reference,Reference/Reference,*1/*6,*2/*2,*1/*1,*10/*36 + *10,*1/*1,*1/*3,*1/*17,c.1627A>G (*5)/c.1896T>C,B (reference)/B (reference),*02:01/*11:01,*07:02/*15:01,rs12979860 reference (C)/rs12979860 reference (C),Reference,*1/*1,Reference/Reference,*1/*37,*1/*1,*1/*1,rs9923231 variant (T)/rs9923231 variant (T),1900426624C,E-B19505072351,E-B19505072351,*2/*2,.,*10/*10,AA(rs9923231),*1/*1,.,GA(rs671),*4/*6,.,.,*4/*4,.,.,.,*07:02/*67:01,.,*1/*1,*1/*1,*1/*1,*1/*1,*1/*3,.,.,.,*02:01/*03:01,*1/*6,CA(rs2231142)
1900495654C,rs2231142 reference (G)/rs2231142 variant (T),Reference/Reference,Reference/Reference,*1/*1,*1/*1,*1/*1,*10/*36 + *10,*1/*1,*3/*3,*1/*17,Reference/Reference,B (reference)/B (reference),*02:01/*11:01,*07:02/*15:01,rs12979860 reference (C)/rs12979860 reference (C),Reference,*1/*1,Reference/Reference,*15/*15,*1/*1,*6/*6,rs9923231 variant (T)/rs9923231 variant (T),1900495654C,E-B19984227712,E-B19984227712,*1/*1,.,*1/*10,AA(rs9923231),*1/*1,.,.,*4/*6,CC(rs4149056),.,*4/*4,.,.,.,*35:01/*40:01,.,*1/*1,*1/*1,*1/*1,*6/*6,*3/*3,.,.,.,*02:01/*26:01,*1/*1,CA(rs2231142)
1900491300C,rs2231142 reference (G)/rs2231142 variant (T),Reference/Reference,Reference/Reference,*1/*6,*1/*2,*1/*1,*10/*36 + *10,*1/*1,*1/*1,*1/*1,Reference/Reference,B (reference)/B (reference),*02:01/*11:01,*07:02/*15:01,rs12979860 reference (C)/rs12979860 reference (C),Reference,,Reference/Reference,*1/*37,*1/*1,*1/*1,rs9923231 variant (T)/rs9923231 variant (T),1900491300C,E-B19827625877,E-B19827625877,*1/*2,.,*1/*10,AA(rs9923231),*1/*1,.,AA(rs671),*4/*4,.,.,*4/*4,.,.,.,*15:01/*46:01,.,*1/*1,*1/*3,*1/*1,*1/*1,*1/*1,.,.,.,*11:01/*11:01,*1/*6,CA(rs2231142)
1900491238C,rs2231142 reference (G)/rs2231142 reference (G),Reference/Reference,Reference/Reference,*1/*6,*1/*2,*1/*1,*10/*36 + *10,*1/*1,*3/*3,*1/*17,[c.85T>C (*9A) + c.1627A>G (*5)] (heterozygous),B (reference)/B (reference),*02:01/*11:01,*07:02/*15:01,rs12979860 reference (C)/rs12979860 reference (C),Reference,*1/*2,c.11266C>G (heterozygous),*37/*37,*1/*1,*1/*1,rs9923231 variant (T)/rs9923231 variant (T),1900491238C,E-B19457493706,E-B19457493706,*1/*2,.,*10/*10,AA(rs9923231),*1/*1,.,GA(rs671),*4/*7,.,.,*4/*4,.,.,.,*15:25/*51:01,.,*1/*1,*1/*2,*1/*1,*1/*1,*3/*3,GA(rs1803274),.,.,*02:01/*11:01,*1/*6,.
1900579447C,rs2231142 reference (G)/rs2231142 reference (G),Reference/Reference,Reference/Reference,*1/*9,*1/*2,*1/*1,*10/*36 + *10,*1/*1,*1/*3,*1/*17,[c.496A>G + c.1896T>C] (heterozygous),B (reference)/B (reference),*02:01/*11:01,*07:02/*15:01,rs12979860 reference (C)/rs12979860 reference (C),Reference,*1/*1,c.11266C>G (heterozygous),*1/*37,*1/*1,*1/*1,rs9923231 variant (T)/rs9923231 variant (T),1900579447C,E-B19368153246,E-B19368153246,*1/*2,.,*10/*10,AA(rs9923231),*1/*1,.,GA(rs671),*7/*7,.,.,*4/*4,.,.,.,*46:01/*51:02,.,*1/*1,*1/*1,*1/*1,*1/*1,*1/*3,GA(rs1803274),.,.,*11:01/*31:01,*1/*9,.
2900982636C,rs2231142 reference (G)/rs2231142 variant (T),Reference/Reference,Reference/Reference,*1/*1,*2/*38,*1/*3,*10/*36 + *10,*1/*1,*3/*3,*4/*17,[c.85T>C (*9A) + c.496A>G] (heterozygous),B (reference)/B (reference),*02:01/*11:01,*07:02/*15:01,rs12979860 reference (C)/rs12979860 reference (C),Reference,*1/*5,Reference/Reference,*15/*37,*1/*1,*1/*6,rs9923231 variant (T)/rs9923231 variant (T),2900982636C,E-B19823317915,E-B19823317915,*1/*2,.,*10/*10,AA(rs9923231),*1/*3,GA(rs2108622),GA(rs671),*4/*6,TC(rs4149056),.,*4/*4,.,.,.,*13:01/*13:01,.,*1/*1,*1/*1,*1/*1,*1/*6,*3/*3,.,.,.,*24:02/*26:01,*1/*1,CA(rs2231142)
1900611336C,rs2231142 reference (G)/rs2231142 reference (G),Reference/Reference,Reference/Reference,*1/*1,*1/*3,*1/*1,*10/*36 + *10,*1/*1,*1/*3,*1/*1,Reference/Reference,B (reference)/B (reference),*02:01/*11:01,*07:02/*15:01,rs12979860 reference (C)/rs12979860 reference (C),Reference,*1/*1,Reference/Reference,*1/*1,*1/*1,*1/*1,rs9923231 variant (T)/rs9923231 variant (T),1900611336C,E-B19260436875,E-B19260436875,*1/*3,.,*1/*10,AA(rs9923231),*1/*1,.,GA(rs671),*6/*7,.,.,*4/*4,.,.,.,*44:02/*56:01,.,*1/*1,*1/*1,*1/*1,*1/*1,*1/*3,.,.,.,*26:01/*26:01,*1/*1,.
1900610921C,rs2231142 reference (G)/rs2231142 reference (G),Reference/Reference,Reference/Reference,*1/*6,*1/*1,*1/*1,*10/*36 + *10,*1/*1,*1/*3,*3/*17,c.525G>A (heterozygous),B (reference)/B (reference),*02:01/*11:01,*07:02/*15:01,rs12979860 reference (C)/rs12979860 reference (C),Reference,,Reference/Reference,*1/*37,*1/*3C,*1/*1,rs9923231 reference (C)/rs9923231 variant (T),1900610921C,E-B19502172497,E-B19502172497,*1/*1,.,*10/*10,GA(rs9923231),*1/*1,GA(rs2108622),.,*4/*6,.,.,*4/*4,.,.,.,*07:05/*40:01,.,*1/*3C,*1/*3,*1/*1,*1/*1,*1/*3,.,.,.,*24:02/*29:01,*1/*6,.
1900611600C,rs2231142 variant (T)/rs2231142 variant (T),Reference/Reference,Reference/Reference,*1/*4,*1/*2,*1/*1,*10/*36 + *10,*1/*1,*3/*3,*1/*3,Reference/Reference,B (reference)/B (reference),*02:01/*11:01,*07:02/*15:01,rs12979860 reference (C)/rs12979860 variant (T),Reference,*1/*1,Reference/Reference,*37/*37,*1/*1,*1/*6,rs9923231 variant (T)/rs9923231 variant (T),1900611600C,E-B19897844004,E-B19897844004,*1/*2,.,*10/*10,AA(rs9923231),*1/*1,GA(rs2108622),.,*4/*7,.,.,*4/*4,.,.,.,*13:01/*40:01,GA(rs12979860),*1/*1,*1/*1,*1/*1,*1/*6,*3/*3,.,.,.,*11:01/*11:01,*1/*1,AA(rs2231142)
1900611486C,rs2231142 reference (G)/rs2231142 variant (T),Reference/Reference,Reference/Reference,*1/*1,*1/*1,*1/*1,*10/*36 + *10,*1/*1,*1/*3,*1/*17,[c.85T>C (*9A) + c.1627A>G (*5)] (heterozygous),B (reference)/B (reference),*02:01/*11:01,*07:02/*15:01,rs12979860 reference (C)/rs12979860 reference (C),Reference,*1/*1,Reference/Reference,*1/*37,*1/*1,*1/*80+*28,rs9923231 variant (T)/rs9923231 variant (T),1900611486C,E-B19937916700,E-B19937916700,*1/*1,.,*10/*10,AA(rs9923231),*1/*1,.,AA(rs671),*4/*4,.,.,*4/*4,.,.,.,*15:02/*38:01,.,*1/*1,*1/*1,*1/*1,*1/*28,*1/*3,.,.,.,*02:07/*11:01,*1/*1,CA(rs2231142)
1900489729C,rs2231142 reference (G)/rs2231142 variant (T),Reference/Reference,Reference/Reference,*1/*1,*1/*2,*1/*1,*10/*36 + *10,*1/*1,*1/*3,Unknown/Unknown,Reference/Reference,B (reference)/B (reference),*02:01/*11:01,*07:02/*15:01,rs12979860 reference (C)/rs12979860 reference (C),Reference,*1/*2,Reference/Reference,*37/*37,*1/*1,*1/*1,rs9923231 variant (T)/rs9923231 variant (T),1900489729C,E-B19887081585,E-B19887081585,*1/*2,.,*1/*1,AA(rs9923231),*1/*1,AA(rs2108622),.,*4/*7,.,.,*4/*4,.,.,.,*15:01/*46:01,.,*1/*1,*1/*2,*1/*1,*1/*1,*1/*3,.,.,.,*02:07/*11:01,*1/*1,CA(rs2231142)
1900617690C,rs2231142 reference (G)/rs2231142 variant (T),Reference/Reference,Reference/Reference,*1/*6,*1/*3,*1/*1,*10/*36 + *10,*1/*1,*1/*1,*1/*1,c.1627A>G (*5)/c.1627A>G (*5),B (reference)/B (reference),*02:01/*11:01,*07:02/*15:01,rs12979860 reference (C)/rs12979860 reference (C),Reference,*1/*1,Reference/Reference,*37/*37,*1/*1,*1/*1,rs9923231 variant (T)/rs9923231 variant (T),1900617690C,E-B19711802072,E-B19711802072,*1/*3,.,*1/*10,AA(rs9923231),*1/*1,.,GA(rs671),*4/*6,.,.,*4/*4,.,.,.,*46:01/*58:01,.,*1/*1,*1/*1,*1/*1,*1/*1,*1/*1,.,.,.,*02:07/*33:03,*1/*6,CA(rs2231142)
1900489776C,rs2231142 reference (G)/rs2231142 variant (T),Reference/Reference,Reference/Reference,*1/*1,*1/*3,*1/*1,*10/*36 + *10,*1/*1,*1/*3,*1/*1,[c.496A>G + c.2194G>A (*6)] (heterozygous),B (reference)/B (reference),*02:01/*11:01,*07:02/*15:01,rs12979860 reference (C)/rs12979860 reference (C),Reference,*1/*1,Reference/Reference,*1/*15,*1/*1,*6/*80+*28,rs9923231 reference (C)/rs9923231 variant (T),1900489776C,E-B19640570143,E-B19640570143,*1/*3,.,*10/*10,GA(rs9923231),*1/*1,.,.,*7/*7,TC(rs4149056),.,*4/*4,.,.,.,*13:01/*40:01,.,*1/*1,*1/*1,*1/*1,*6/*28,*1/*3,GA(rs1803274),.,.,*26:01/*26:01,*1/*1,CA(rs2231142)
1900610844C,rs2231142 reference (G)/rs2231142 reference (G),Reference/Reference,Reference/Reference,*1/*6,*2/*2,*1/*1,*10/*36 + *10,*1/*1,*1/*3,*4/*17,Reference/Reference,B (reference)/B (reference),*02:01/*11:01,*07:02/*15:01,rs12979860 reference (C)/rs12979860 reference (C),Reference,*1/*1,Reference/Reference,*37/*37,*1/*1,Unknown/Unknown,rs9923231 variant (T)/rs9923231 variant (T),1900610844C,E-B19730836459,E-B19730836459,*2/*2,.,*1/*1,AA(rs9923231),*1/*1,GA(rs2108622),.,*4/*6,.,.,*4/*4,.,.,.,*13:02/*40:01,.,*1/*1,*1/*1,*1/*1,*27/*28,*1/*3,.,.,.,*02:01/*11:01,*1/*6,.
1900499072C,rs2231142 variant (T)/rs2231142 variant (T),Reference/Reference,Reference/Reference,*1/*1,*1/*2,*1/*1,*10/*36 + *10,*1/*1,*1/*3,*1/*17,c.1627A>G (*5) (heterozygous),B (reference)/B (reference),*02:01/*11:01,*07:02/*15:01,rs12979860 reference (C)/rs12979860 variant (T),Reference,*1/*2,Reference/Reference,*1/*37,*1/*1,*1/*1,rs9923231 variant (T)/rs9923231 variant (T),1900499072C,E-B19407169523,E-B19407169523,*1/*2,.,*1/*10,AA(rs9923231),*1/*1,.,.,*6/*7,.,.,*4/*4,.,.,.,*40:03/*52:01,GA(rs12979860),*1/*1,*1/*2,*1/*1,*1/*1,*1/*3,GA(rs1803274),.,.,*33:03/*69:01,*1/*1,AA(rs2231142)
1900492560C,rs2231142 reference (G)/rs2231142 reference (G),Reference/Reference,Reference/Reference,*1/*1,*1/*2,*1/*1,*10/*36 + *10,*1/*1,*1/*3,*1/*4,c.1627A>G (*5) (heterozygous),B (reference)/B (reference),*02:01/*11:01,*07:02/*15:01,rs12979860 reference (C)/rs12979860 reference (C),Reference,*1/*1,Reference/Reference,*37/*37,*1/*1,*1/*80+*28,rs9923231 variant (T)/rs9923231 variant (T),1900492560C,E-B19200401525,E-B19200401525,*1/*2,.,*1/*1,AA(rs9923231),*1/*1,GA(rs2108622),AA(rs671),*6/*6,.,.,*4/*4,.,.,.,*40:01/*46:01,.,*1/*1,*1/*1,*1/*1,*1/*28,*1/*3,.,.,.,*02:07/*33:03,*1/*1,.
1900492803C,rs2231142 reference (G)/rs2231142 reference (G),Reference/Reference,Reference/Reference,*2/*6,*1/*2,*1/*1,*10/*36 + *10,*1/*1,*1/*3,*1/*3,Reference/Reference,B (reference)/B (reference),*02:01/*11:01,*07:02/*15:01,rs12979860 reference (C)/rs12979860 variant (T),Reference,*1/*1,c.11266C>G (heterozygous),*15/*37,*1/*1,*1/*6,rs9923231 variant (T)/rs9923231 variant (T),1900492803C,E-B19433424065,E-B19433424065,*1/*2,.,*1/*1,AA(rs9923231),*1/*1,GA(rs2108622),.,*6/*7,TC(rs4149056),.,*4/*4,.,.,.,*40:01/*58:01,GA(rs12979860),*1/*1,*1/*1,*1/*1,*1/*6,*1/*3,.,.,.,*02:01/*33:03,*1/*6,.
1900610998C,rs2231142 reference (G)/rs2231142 variant (T),Reference/Reference,Reference/Reference,*1/*1,*1/*1,*1/*1,*10/*36 + *10,*1/*1,*1/*3,*4/*17,Reference/Reference,B (reference)/B (reference),*02:01/*11:01,*07:02/*15:01,rs12979860 reference (C)/rs12979860 reference (C),Reference,*1/*1,Reference/Reference,*37/*37,*1/*1,*1/*6,rs9923231 variant (T)/rs9923231 variant (T),1900610998C,E-B19566378176,E-B19566378176,*1/*1,.,*1/*10,AA(rs9923231),*1/*1,GA(rs2108622),.,*4/*6,.,.,*4/*4,.,.,.,*46:01/*46:01,.,*1/*1,*1/*1,*1/*1,*1/*6,*1/*3,.,.,.,*02:07/*24:02,*1/*1,CA(rs2231142)
1900489780C,rs2231142 reference (G)/rs2231142 variant (T),Reference/Reference,Reference/Reference,*6/*6,*1/*2,*1/*1,*10/*36 + *10,*1/*1,*3/*3,*1/*1,c.2194G>A (*6) (heterozygous),B (reference)/B (reference),*02:01/*11:01,*07:02/*15:01,rs12979860 reference (C)/rs12979860 reference (C),Reference,*2/*3,Reference/Reference,*15/*37,*1/*1,*1/*80+*28,rs9923231 variant (T)/rs9923231 variant (T),1900489780C,E-B19275434332,E-B19275434332,*1/*2,.,*1/*10,AA(rs9923231),*1/*1,.,AA(rs671),*7/*7,TC(rs4149056),.,*4/*4,.,.,.,*46:01/*51:01,.,*1/*1,*2/*3,*1/*1,*1/*28,*3/*3,.,.,.,*02:07/*02:07,*9/*9,CA(rs2231142)
1900649792C,rs2231142 reference (G)/rs2231142 reference (G),Reference/Reference,Reference/Reference,*1/*1,*2/*2,*1/*1,*10/*36 + *10,*1/*1,*1/*3,*1/*3,c.1896T>C (heterozygous),B (reference)/B (reference),*02:01/*11:01,*07:02/*15:01,rs12979860 reference (C)/rs12979860 reference (C),Reference,*1/*1,Reference/Reference,*37/*37,*1/*1,*1/*1,rs9923231 variant (T)/rs9923231 variant (T),1900649792C,E-B19415019361,E-B19415019361,*2/*2,.,*1/*10,AA(rs9923231),*1/*1,GA(rs2108622),.,*4/*6,.,.,*4/*4,.,.,.,*15:02/*46:01,.,*1/*1,*1/*1,*1/*1,*1/*1,*1/*3,.,.,.,*02:01/*11:01,*1/*1,.
1900492527C,rs2231142 reference (G)/rs2231142 variant (T),Reference/Reference,Reference/Reference,*1/*1,*1/*1,*1/*1,*10/*36 + *10,*1/*1,*1/*3,*1/*17,Reference/Reference,B (reference)/B (reference),*02:01/*11:01,*07:02/*15:01,rs12979860 reference (C)/rs12979860 reference (C),Reference,,Reference/Reference,*1/*37,*1/*1,*1/*6,rs9923231 variant (T)/rs9923231 variant (T),1900492527C,E-B19577992102,E-B19577992102,*1/*1,.,*1/*10,AA(rs9923231),*1/*1,.,.,*4/*7,.,.,*4/*4,.,.,GG(rs28358569),*13:02/*54:01,.,*1/*1,*1/*3,*1/*1,*1/*6,*1/*3,.,.,.,*24:02/*30:01,*1/*1,CA(rs2231142)
1900618734C,rs2231142 reference (G)/rs2231142 reference (G),Reference/Reference,Reference/Reference,*1/*4,*1/*3,*1/*1,*10/*36 + *10,*1/*1,*1/*3,*3/*17,c.1627A>G (*5) (heterozygous),B (reference)/B (reference),*02:01/*11:01,*07:02/*15:01,rs12979860 reference (C)/rs12979860 reference (C),Reference,*1/*1,Reference/Reference,*1/*37,*1/*1,*1/*80+*28,rs9923231 variant (T)/rs9923231 variant (T),1900618734C,E-B19673323887,E-B19673323887,*1/*3,.,*1/*10,AA(rs9923231),*1/*1,GA(rs2108622),.,*4/*6,.,.,*4/*4,.,.,.,*15:11/*51:01,.,*1/*1,*1/*1,*1/*1,*1/*28,*1/*3,.,.,.,*02:06/*24:02,*1/*1,.
1900496417C,rs2231142 reference (G)/rs2231142 reference (G),Reference/Reference,Reference/Reference,*1/*1,*1/*1,*1/*1,*10/*36 + *10,*1/*1,*3/*3,*3/*17,c.1627A>G (*5) (heterozygous),B (reference)/B (reference),*02:01/*11:01,*07:02/*15:01,rs12979860 reference (C)/rs12979860 reference (C),Reference,*1/*1,Reference/Reference,*37/*37,*1/*1,*1/*1,rs9923231 reference (C)/rs9923231 variant (T),1900496417C,E-B19444456418,E-B19444456418,*1/*1,.,*10/*10,GA(rs9923231),*1/*1,GA(rs2108622),.,*7/*7,.,.,*4/*4,.,.,.,*56:01/*58:01,.,*1/*1,*1/*1,*1/*1,*1/*1,*3/*3,.,.,.,*11:01/*33:03,*1/*1,.
1900580281C,rs2231142 reference (G)/rs2231142 variant (T),Reference/Reference,Reference/Reference,*1/*1,*2/*2,*1/*1,*10/*36 + *10,*1/*1,*1/*3,*1/*1,c.1627A>G (*5) (heterozygous),B (reference)/B (reference),*02:01/*11:01,*07:02/*15:01,rs12979860 reference (C)/rs12979860 variant (T),Reference,*1/*1,Reference/Reference,*1/*37,*1/*1,*1/*1,rs9923231 variant (T)/rs9923231 variant (T),1900580281C,E-B19336966589,E-B19336966589,*2/*2,.,*1/*10,AA(rs9923231),*1/*1,.,GA(rs671),*4/*6,.,.,*4/*4,.,.,.,*38:02/*46:01,GA(rs12979860),*1/*1,*1/*1,*1/*1,*1/*1,*1/*3,.,.,.,*02:01/*02:01,*1/*1,CA(rs2231142)
1900579405C,rs2231142 reference (G)/rs2231142 variant (T),Reference/Reference,Reference/Reference,*1/*2,*1/*2,*1/*1,*10/*36 + *10,*1/*1,*1/*3,*3/*17,c.1627A>G (*5)/c.1627A>G (*5),B (reference)/B (reference),*02:01/*11:01,*07:02/*15:01,rs12979860 reference (C)/rs12979860 reference (C),Reference,*1/*1,Reference/Reference,*37/*37,*1/*1,*1/*1,rs9923231 variant (T)/rs9923231 variant (T),1900579405C,E-B19328829100,E-B19328829100,*1/*2,.,*14/*4,AA(rs9923231),*1/*1,GA(rs2108622),.,*4/*4,.,.,*4/*4,.,.,.,*46:01/*51:01,.,*1/*1,*1/*1,*1/*1,*1/*1,*1/*3,.,.,.,*02:07/*02:07,*1/*1,CA(rs2231142)
1900429654C,rs2231142 reference (G)/rs2231142 reference (G),Reference/Reference,Reference/Reference,*1/*6,*1/*1,*1/*1,*10/*36 + *10,*1/*1,*3/*3,*4/*17,[c.1627A>G (*5) + c.1896T>C] (heterozygous),B (reference)/B (reference),*02:01/*11:01,*07:02/*15:01,rs12979860 reference (C)/rs12979860 reference (C),Reference,*1/*1,Reference/Reference,*37/*37,*1/*1,*1/*80+*28,rs9923231 variant (T)/rs9923231 variant (T),1900429654C,E-B19845243021,E-B19845243021,*1/*1,.,*1/*1,AA(rs9923231),*1/*1,GA(rs2108622),.,*4/*4,.,.,*4/*4,.,.,.,*07:02/*15:25,.,*1/*1,*1/*1,*1/*1,*1/*28,*3/*3,AA(rs1803274),.,.,*24:02/*29:01,*1/*6,.
1900491235C,rs2231142 reference (G)/rs2231142 variant (T),Reference/Reference,Reference/Reference,*1/*6,*1/*1,*1/*1,*10/*36 + *10,*1/*1,*3/*3,*1/*17,c.1627A>G (*5) (heterozygous),B (reference)/B (reference),*02:01/*11:01,*07:02/*15:01,rs12979860 reference (C)/rs12979860 reference (C),Reference,*1/*1,Reference/Reference,*37/*37,*1/*3C,*1/*1,rs9923231 variant (T)/rs9923231 variant (T),1900491235C,E-B19157284245,E-B19157284245,*1/*1,.,*10/*10,AA(rs9923231),*1/*1,.,GA(rs671),*4/*4,.,.,*4/*4,.,.,.,*35:08/*52:01,.,*1/*3C,*1/*1,*1/*1,*1/*1,*3/*3,GA(rs1803274),.,.,*11:01/*32:01,*1/*6,CA(rs2231142)
2901225429C,rs2231142 variant (T)/rs2231142 variant (T),Reference/Reference,Reference/Reference,,*1/*1,*1/*1,*10/*36 + *10,*1/*1,*3/*3,*1/*3,Reference/Reference,B (reference)/B (reference),*02:01/*11:01,*07:02/*15:01,rs12979860 reference (C)/rs12979860 reference (C),Reference,*1/*1,Reference/Reference,*1/*37,*1/*1,*1/*1,rs9923231 variant (T)/rs9923231 variant (T),2901225429C,E-B19592791522,E-B19592791522,*1/*1,.,*10/*10,AA(rs9923231),*1/*1,GA(rs2108622),.,*4/*6,.,E2/E2,*4/*4,.,.,.,*58:01/*58:01,.,*1/*1,*1/*1,*1/*1,*1/*1,*3/*3,.,.,.,*24:02/*33:03,*1/*1,AA(rs2231142)
2901226189C,rs2231142 reference (G)/rs2231142 reference (G),Reference/Reference,Reference/Reference,*1/*1,*1/*1,*1/*1,*10/*36 + *10,*1/*1,*3/*3,*1/*2,c.85T>C (*9A) (heterozygous),B (reference)/B (reference),*02:01/*11:01,*07:02/*15:01,rs12979860 reference (C)/rs12979860 reference (C),Reference,*1/*1,Reference/Reference,*37/*37,*1/*1,*1/*6,rs9923231 variant (T)/rs9923231 variant (T),2901226189C,E-B19198546060,E-B19198546060,*1/*1,.,*10/*10,AA(rs9923231),*1/*1,.,.,*4/*4,.,.,*4/*4,.,.,.,*51:01/*52:01,.,*1/*1,*1/*1,*1/*1,*1/*6,*3/*3,.,.,.,*11:01/*32:01,*1/*1,.
1900496874C,rs2231142 reference (G)/rs2231142 variant (T),Reference/Reference,Reference/Reference,*1/*1,*1/*38,*1/*3,*10/*36 + *10,*1/*1,*3/*3,*1/*1,[c.85T>C (*9A) + c.496A>G + c.2194G>A (*6)] (heterozygous),B (reference)/B (reference),*02:01/*11:01,*07:02/*15:01,rs12979860 reference (C)/rs12979860 variant (T),Reference,,Reference/Reference,*37/*37,*1/*1,*1/*6,rs9923231 variant (T)/rs9923231 variant (T),1900496874C,E-B19869557869,E-B19869557869,*1/*1,.,*1/*14,AA(rs9923231),*1/*3,.,.,*4/*6,.,.,*4/*4,.,.,.,*40:02/*54:01,GA(rs12979860),*1/*1,*1/*3,*1/*1,*1/*6,*3/*3,.,.,.,*24:02/*24:02,*1/*1,CA(rs2231142)
1900649711C,rs2231142 reference (G)/rs2231142 reference (G),Reference/Reference,Reference/Reference,*1/*1,*1/*2,*1/*1,*10/*36 + *10,*1/*1,*3/*3,Unknown/Unknown,c.1627A>G (*5) (heterozygous),B (reference)/B (reference),*02:01/*11:01,*07:02/*15:01,rs12979860 reference (C)/rs12979860 reference (C),Reference,*1/*1,Reference/Reference,*1/*15,*1/*1,*1/*1,rs9923231 variant (T)/rs9923231 variant (T),1900649711C,E-B19793284195,E-B19793284195,*1/*2,.,*1/*10,AA(rs9923231),*1/*1,AA(rs2108622),GA(rs671),*6/*6,TC(rs4149056),.,*4/*4,.,.,.,*13:02/*39:01,.,*1/*1,*1/*1,*1/*1,*1/*1,*3/*3,.,.,.,*11:01/*30:01,*1/*1,.
1900498091C,rs2231142 reference (G)/rs2231142 variant (T),Reference/Reference,Reference/Reference,*1/*1,*1/*1,*1/*1,*10/*36 + *10,*1/*1,*1/*3,*1/*17,c.1627A>G (*5)/c.1896T>C,B (reference)/B (reference),*02:01/*11:01,*07:02/*15:01,rs12979860 reference (C)/rs12979860 reference (C),Reference,*1/*6,Reference/Reference,*37/*37,*1/*1,*1/*80+*28,rs9923231 variant (T)/rs9923231 variant (T),1900498091C,E-B19889147465,E-B19889147465,*1/*1,.,*1/*10,AA(rs9923231),*1/*1,.,AA(rs671),*4/*6,.,.,*4/*4,.,.,.,*51:01/*51:01,.,*1/*1,*1/*1,*1/*1,*1/*28,*1/*3,.,.,.,*24:02/*31:01,*1/*1,CA(rs2231142)
1900490701C,rs2231142 reference (G)/rs2231142 reference (G),Reference/Reference,Reference/Reference,*1/*4,*1/*1,*1/*1,*10/*36 + *10,*1/*1,*1/*1,*4/*17,Reference/Reference,B (reference)/B (reference),*02:01/*11:01,*07:02/*15:01,rs12979860 reference (C)/rs12979860 reference (C),Reference,*1/*1,Reference/Reference,*1/*37,*1/*1,*1/*80+*28,rs9923231 reference (C)/rs9923231 variant (T),1900490701C,E-B19377762188,E-B19377762188,*1/*1,.,*1/*1,GA(rs9923231),*1/*1,GA(rs2108622),.,*6/*7,.,.,*4/*4,.,.,.,*38:02/*40:01,.,*1/*1,*1/*1,*1/*1,*1/*28,*1/*1,GA(rs1803274),.,.,*02:03/*24:02,*1/*1,.
1900611457C,rs2231142 reference (G)/rs2231142 variant (T),Reference/Reference,Reference/Reference,*1/*1,*1/*1,*1/*1,*10/*36 + *10,*1/*1,*1/*3,*8/*17,c.1627A>G (*5) (heterozygous),B (reference)/B (reference),*02:01/*11:01,*07:02/*15:01,rs12979860 reference (C)/rs12979860 reference (C),Reference,*1/*2,Reference/Reference,*37/*37,*1/*1,*1/*1,rs9923231 variant (T)/rs9923231 variant (T),1900611457C,E-B19296655538,E-B19296655538,*1/*1,.,*1/*1,AA(rs9923231),*1/*1,.,GA(rs671),*4/*6,.,.,*4/*4,.,.,.,*13:01/*46:01,.,*1/*1,*1/*2,*1/*1,*1/*1,*1/*3,.,.,.,*02:07/*02:07,*1/*1,CA(rs2231142)
1900649710C,rs2231142 reference (G)/rs2231142 variant (T),Reference/Reference,Reference/Reference,*9/*48,*1/*2,*1/*1,*10/*36 + *10,*1/*1,*3/*3,Unknown/Unknown,c.1627A>G (*5) (heterozygous),B (reference)/B (reference),*02:01/*11:01,*07:02/*15:01,rs12979860 reference (C)/rs12979860 reference (C),Reference,,Reference/Reference,*37/*37,*1/*1,*1/*1,rs9923231 variant (T)/rs9923231 variant (T),1900649710C,E-B19914227675,E-B19914227675,*1/*2,.,*1/*10,AA(rs9923231),*1/*1,AA(rs2108622),.,*4/*4,.,.,*4/*4,.,.,.,*15:01/*58:01,.,*1/*1,*1/*3,*1/*1,*1/*1,*3/*3,GA(rs1803274),.,.,*02:01/*33:03,*1/*9,CA(rs2231142)
1900649790C,rs2231142 reference (G)/rs2231142 reference (G),Reference/Reference,Reference/Reference,*1/*1,*1/*2,*1/*1,*10/*36 + *10,*1/*1,*1/*1,*3/*17,Reference/Reference,B (reference)/B (reference),*02:01/*11:01,*07:02/*15:01,rs12979860 reference (C)/rs12979860 reference (C),Reference,*1/*1,Reference/Reference,*1/*37,*1/*1,*1/*80+*28,rs9923231 variant (T)/rs9923231 variant (T),1900649790C,E-B19676684995,E-B19676684995,*1/*2,.,*1/*1,AA(rs9923231),*1/*1,GA(rs2108622),GA(rs671),*6/*6,.,.,*4/*4,.,.,.,*15:07/*39:01,.,*1/*1,*1/*1,*1/*1,*1/*28,*1/*1,.,.,.,*11:01/*24:02,*1/*1,.
1900488273C,rs2231142 reference (G)/rs2231142 variant (T),Reference/Reference,Reference/Reference,*1/*6,*1/*2,*1/*1,*10/*36 + *10,*1/*1,*1/*3,*1/*17,Reference/Reference,B (reference)/B (reference),*02:01/*11:01,*07:02/*15:01,rs12979860 reference (C)/rs12979860 reference (C),Reference,*1/*1,c.11266C>G (heterozygous),*37/*37,*1/*1,*1/*80+*28,rs9923231 variant (T)/rs9923231 variant (T),1900488273C,E-B19696946810,E-B19696946810,*1/*2,.,*1/*1,AA(rs9923231),*1/*1,.,.,*4/*6,.,.,*4/*4,.,.,.,*40:02/*41:02,.,*1/*1,*1/*1,*1/*1,*1/*28,*1/*3,GA(rs1803274),.,.,*11:01/*24:02,*1/*6,CA(rs2231142)
1900611379C,rs2231142 reference (G)/rs2231142 variant (T),Reference/Reference,Reference/Reference,*1/*1,*1/*1,*1/*1,*10/*36 + *10,*1/*1,*1/*3,*1/*17,c.1627A>G (*5) (heterozygous),B (reference)/B (reference),*02:01/*11:01,*07:02/*15:01,rs12979860 reference (C)/rs12979860 reference (C),Reference,*1/*1,Reference/Reference,*15/*37,*1/*1,*1/*1,rs9923231 reference (C)/rs9923231 variant (T),1900611379C,E-B19951399683,E-B19951399683,*1/*1,.,*1/*10,GA(rs9923231),*1/*1,.,.,*4/*6,TC(rs4149056),.,*4/*4,.,.,.,*40:02/*58:01,.,*1/*1,*1/*1,*1/*1,*1/*1,*1/*3,.,.,.,*11:01/*11:02,*1/*1,CA(rs2231142)
1900398135C,rs2231142 reference (G)/rs2231142 reference (G),Reference/Reference,Reference/Reference,*1/*1,*1/*2,*1/*1,*10/*36 + *10,*1/*1,*1/*3,*4/*17,c.85T>C (*9A) (heterozygous),B (reference)/B (reference),*02:01/*11:01,*07:02/*15:01,rs12979860 reference (C)/rs12979860 reference (C),Reference,*1/*2,Reference/Reference,*37/*37,*1/*1,*1/*6,rs9923231 variant (T)/rs9923231 variant (T),1900398135C,E-B19266618704,E-B19266618704,*1/*2,.,*10/*10,AA(rs9923231),*1/*1,GA(rs2108622),GA(rs671),*4/*4,.,.,*4/*4,.,.,.,*44:03/*54:01,.,*1/*1,*1/*2,*1/*1,*1/*6,*1/*3,.,.,.,*24:02/*33:03,*1/*1,.
1900581555C,rs2231142 variant (T)/rs2231142 variant (T),Reference/Reference,Reference/Reference,*1/*1,*1/*2,*1/*1,*10/*36 + *10,*1/*1,*3/*3,*3/*17,Reference/Reference,B (reference)/B (reference),*02:01/*11:01,*07:02/*15:01,rs12979860 reference (C)/rs12979860 variant (T),Reference,*1/*1,c.11266C>G (heterozygous),*37/*37,*1/*1,*1/*6,rs9923231 variant (T)/rs9923231 variant (T),1900581555C,E-B19413302323,E-B19413302323,*1/*2,.,*1/*10,AA(rs9923231),*1/*1,GA(rs2108622),.,*4/*6,.,.,*4/*4,.,.,.,*51:01/*52:01,GA(rs12979860),*1/*1,*1/*1,*1/*1,*1/*6,*3/*3,AA(rs1803274),.,.,*11:01/*11:01,*1/*1,AA(rs2231142)
1900619133C,rs2231142 reference (G)/rs2231142 reference (G),Reference/Reference,Reference/Reference,*1/*1,*1/*2,*1/*1,*10/*36 + *10,*1/*1,*1/*1,*1/*3,c.1627A>G (*5) (heterozygous),B (reference)/B (reference),*02:01/*11:01,*07:02/*15:01,rs12979860 reference (C)/rs12979860 reference (C),Reference,*1/*1,Reference/Reference,*1/*37,*1/*1,*1/*1,rs9923231 reference (C)/rs9923231 variant (T),1900619133C,E-B19581152413,E-B19581152413,*1/*2,.,*1/*1,GA(rs9923231),*1/*1,GA(rs2108622),GA(rs671),*6/*7,.,.,*4/*4,.,.,.,*27:04/*40:01,.,*1/*1,*1/*1,*1/*1,*1/*1,*1/*1,GA(rs1803274),.,.,*11:01/*11:01,*1/*1,.
1900580279C,rs2231142 reference (G)/rs2231142 variant (T),Reference/Reference,Reference/Reference,*4/*6,*1/*38,*1/*3,*10/*36 + *10,*1/*1,*1/*1,*4/*17,Reference/Reference,B (reference)/B (reference),*02:01/*11:01,*07:02/*15:01,rs12979860 reference (C)/rs12979860 reference (C),Reference,*1/*1,Reference/Reference,*1/*37,*1/*1,*1/*80+*28,rs9923231 variant (T)/rs9923231 variant (T),1900580279C,E-B19951532665,E-B19951532665,*1/*1,.,*10/*10,AA(rs9923231),*1/*3,GA(rs2108622),.,*4/*4,.,.,*4/*4,.,.,.,*37:01/*51:01,.,*1/*1,*1/*1,*1/*1,*1/*28,*1/*1,.,.,.,*01:01/*11:01,*4/*6,CA(rs2231142)
1900496483C,rs2231142 reference (G)/rs2231142 variant (T),Reference/Reference,Reference/Reference,*1/*6,*1/*2,*1/*1,*10/*36 + *10,*1/*1,*3/*3,*1/*1,c.85T>C (*9A)/c.1627A>G (*5),B (reference)/B (reference),*02:01/*11:01,*07:02/*15:01,rs12979860 reference (C)/rs12979860 reference (C),Reference,*1/*1,Reference/Reference,*1/*37,*1/*1,*1/*80+*28,rs9923231 variant (T)/rs9923231 variant (T),1900496483C,E-B19258635192,E-B19258635192,*1/*2,.,*1/*10,AA(rs9923231),*1/*1,.,GA(rs671),*4/*6,.,.,*4/*4,.,.,.,*07:02/*37:01,.,*1/*1,*1/*1,*1/*1,*1/*28,*3/*3,GA(rs1803274),.,.,*11:01/*24:02,*1/*6,CA(rs2231142)
1900581235C,rs2231142 reference (G)/rs2231142 variant (T),Reference/Reference,Reference/Reference,*1/*1,*1/*17,*1/*29,*10/*36 + *10,*1/*1,*3/*3,*3/*17,Reference/Reference,B (reference)/B (reference),*02:01/*11:01,*07:02/*15:01,rs12979860 reference (C)/rs12979860 variant (T),Reference,*1/*1,Reference/Reference,*37/*37,*1/*1,*1/*1,rs9923231 reference (C)/rs9923231 variant (T),1900581235C,E-B19279935095,E-B19279935095,*1/*17,.,*10/*10,GA(rs9923231),*1/*29,GA(rs2108622),.,*6/*7,.,.,*4/*4,.,.,.,*35:05/*38:02,GA(rs12979860),*1/*1,*1/*1,*1/*1,*1/*1,*3/*3,.,.,.,*11:01/*24:07,*1/*1,CA(rs2231142)
1900496855C,rs2231142 reference (G)/rs2231142 variant (T),Reference/Reference,Reference/Reference,*1/*6,*1/*1,*1/*1,*10/*36 + *10,*1/*1,*3/*3,Unknown/Unknown,Reference/Reference,B (reference)/B (reference),*02:01/*11:01,*07:02/*15:01,rs12979860 reference (C)/rs12979860 reference (C),Reference,*1/*1,Reference/Reference,*15/*37,*1/*1,Unknown/Unknown,rs9923231 variant (T)/rs9923231 variant (T),1900496855C,E-B19219374875,E-B19219374875,*1/*1,.,*1/*10,AA(rs9923231),*1/*1,AA(rs2108622),.,*4/*7,TC(rs4149056),.,*4/*4,.,.,.,*44:03/*51:01,.,*1/*1,*1/*1,*1/*1,*27/*28,*3/*3,.,.,.,*31:01/*31:01,*1/*6,CA(rs2231142)
1900495885C,rs2231142 reference (G)/rs2231142 reference (G),Reference/Reference,Reference/Reference,*4/*6,*1/*2,*1/*1,*10/*36 + *10,*1/*1,*3/*3,*1/*1,c.1896T>C (heterozygous),B (reference)/B (reference),*02:01/*11:01,*07:02/*15:01,rs12979860 reference (C)/rs12979860 reference (C),Reference,*1/*1,Reference/Reference,*1/*37,*1/*1,*1/*1,rs9923231 variant (T)/rs9923231 variant (T),1900495885C,E-B19884294008,E-B19884294008,*1/*2,.,*10/*10,AA(rs9923231),*1/*1,.,.,*4/*7,.,.,*4/*4,.,.,GG(rs28358569),*07:02/*13:02,.,*1/*1,*1/*1,*1/*1,*1/*1,*3/*3,.,.,.,*24:02/*30:01,*4/*6,.
1900610838C,rs2231142 reference (G)/rs2231142 variant (T),Reference/Reference,Reference/Reference,*1/*1,*1/*2,*1/*1,*10/*36 + *10,*1/*1,*3/*3,*1/*17,Reference/Reference,B (reference)/B (reference),*02:01/*11:01,*07:02/*15:01,rs12979860 reference (C)/rs12979860 variant (T),Reference,*1/*6,Reference/Reference,*1/*37,*1/*29,*1/*80+*28,rs9923231 variant (T)/rs9923231 variant (T),1900610838C,E-B19981142567,E-B19981142567,*1/*2,.,*1/*10,AA(rs9923231),*1/*1,.,GA(rs671),*4/*4,.,.,*4/*4,.,.,.,*35:01/*58:01,GA(rs12979860),*1/*29,*1/*1,*1/*1,*1/*28,*3/*3,GA(rs1803274),.,.,*24:02/*33:03,*1/*1,CA(rs2231142)
1900497356C,rs2231142 reference (G)/rs2231142 variant (T),Reference/Reference,Reference/Reference,*1/*4,*2/*2,*1/*1,*10/*36 + *10,*1/*1,*3/*3,*1/*3,Reference/Reference,B (reference)/B (reference),*02:01/*11:01,*07:02/*15:01,rs12979860 reference (C)/rs12979860 variant (T),Reference,*1/*1,Reference/Reference,*1/*37,*1/*1,*1/*6,rs9923231 variant (T)/rs9923231 variant (T),1900497356C,E-B19247083238,E-B19247083238,*2/*2,.,*1/*1,AA(rs9923231),*1/*1,GA(rs2108622),.,*4/*6,.,.,*4/*4,.,.,.,*38:02/*46:01,GA(rs12979860),*1/*1,*1/*1,*1/*1,*1/*6,*3/*3,.,.,.,*02:07/*24:02,*1/*4,CA(rs2231142)
1900499892C,rs2231142 reference (G)/rs2231142 reference (G),Reference/Reference,Reference/Reference,*1/*4,*1/*1,*1/*1,*10/*36 + *10,*1/*18,*1/*3,*1/*3,c.85T>C (*9A)/c.1896T>C,B (reference)/B (reference),*02:01/*11:01,*07:02/*15:01,rs12979860 reference (C)/rs12979860 variant (T),Reference,*2/*2,Reference/Reference,*37/*37,*1/*1,*1/*80+*28,rs9923231 variant (T)/rs9923231 variant (T),1900499892C,E-B19493102955,E-B19493102955,*1/*1,.,*1/*1,AA(rs9923231),*1/*1,GA(rs2108622),.,*4/*7,.,.,*4/*4,.,.,.,*46:01/*46:01,GA(rs12979860),*1/*1,*2/*2,*1/*1,*1/*28,*1/*3,.,.,.,*02:07/*02:07,*1/*4,.
1900578874C,rs2231142 reference (G)/rs2231142 reference (G),Reference/Reference,Reference/Reference,*1/*1,*1/*1,*1/*1,*10/*36 + *10,*1/*1,*3/*3,*1/*17,c.2194G>A (*6) (heterozygous),B (reference)/B (reference),*02:01/*11:01,*07:02/*15:01,rs12979860 reference (C)/rs12979860 reference (C),Reference,*1/*1,Reference/Reference,*1/*37,*1/*1,*1/*1,rs9923231 variant (T)/rs9923231 variant (T),1900578874C,E-B19453814855,E-B19453814855,*1/*1,.,*10/*14,AA(rs9923231),*1/*1,.,GA(rs671),*4/*6,.,.,*4/*4,.,.,.,*13:02/*58:01,.,*1/*1,*1/*1,*1/*1,*1/*1,*3/*3,.,.,.,*02:07/*30:01,*1/*1,.
1900649778C,rs2231142 reference (G)/rs2231142 variant (T),Reference/Reference,Reference/Reference,*1/*2,*1/*1,*1/*1,*10/*36 + *10,*1/*1,*3/*3,*4/*17,c.1627A>G (*5) (heterozygous),B (reference)/B (reference),*02:01/*11:01,*07:02/*15:01,rs12979860 reference (C)/rs12979860 reference (C),Reference,,Reference/Reference,*1/*37,*1/*3C,*1/*80+*28,rs9923231 variant (T)/rs9923231 variant (T),1900649778C,E-B19819486921,E-B19819486921,*1/*1,.,*1/*10,AA(rs9923231),*1/*1,GA(rs2108622),.,*4/*6,.,.,*4/*4,.,.,.,*35:01/*46:01,.,*1/*3C,*1/*3,*1/*1,*1/*28,*3/*3,.,.,.,*11:01/*24:02,*1/*1,CA(rs2231142)
1900429901C,rs2231142 reference (G)/rs2231142 reference (G),Reference/Reference,Reference/Reference,*1/*6,*1/*1,*1/*1,*10/*36 + *10,*1/*1,*1/*1,*1/*1,c.1627A>G (*5) (heterozygous),B (reference)/B (reference),*02:01/*11:01,*07:02/*15:01,rs12979860 reference (C)/rs12979860 reference (C),Reference,*1/*5,Reference/Reference,*1/*1,*1/*1,*6/*6,rs9923231 variant (T)/rs9923231 variant (T),1900429901C,E-B19309813402,E-B19309813402,*1/*1,.,*1/*10,AA(rs9923231),*1/*1,.,.,*4/*6,.,.,*4/*4,.,.,.,*15:12/*40:01,.,*1/*1,*1/*1,*1/*1,*6/*6,*1/*1,.,.,.,*11:01/*24:03,*1/*6,.
1900499076C,rs2231142 reference (G)/rs2231142 variant (T),Reference/Reference,Reference/Reference,*1/*6,*1/*1,*1/*1,*10/*36 + *10,*1/*1,*1/*3,*1/*17,c.1896T>C/[c.85T>C (*9A) + c.1627A>G (*5)],B (reference)/B (reference),*02:01/*11:01,*07:02/*15:01,rs12979860 reference (C)/rs12979860 variant (T),Reference,*1/*1,Reference/Reference,*15/*15,*1/*1,*1/*1,rs9923231 reference (C)/rs9923231 variant (T),1900499076C,E-B19405301462,E-B19405301462,*1/*1,.,*1/*1,GA(rs9923231),*1/*1,.,.,*4/*4,CC(rs4149056),.,*4/*4,.,.,.,*15:02/*15:02,GA(rs12979860),*1/*1,*1/*1,*1/*1,*1/*1,*1/*3,.,.,.,*11:01/*24:02,*1/*6,CA(rs2231142)
1900580017C,rs2231142 reference (G)/rs2231142 variant (T),Reference/Reference,Reference/Reference,*1/*1,*1/*1,*1/*1,*10/*36 + *10,*1/*1,*3/*3,Unknown/Unknown,c.1627A>G (*5) (heterozygous),B (reference)/B (reference),*02:01/*11:01,*07:02/*15:01,rs12979860 reference (C)/rs12979860 reference (C),Reference,*1/*5,Reference/Reference,*37/*37,*1/*1,*1/*1,rs9923231 variant (T)/rs9923231 variant (T),1900580017C,E-B19832858106,E-B19832858106,*1/*1,.,*1/*1,AA(rs9923231),*1/*1,AA(rs2108622),GA(rs671),*4/*6,.,.,*4/*4,.,.,.,*40:01/*40:01,.,*1/*1,*1/*1,*1/*1,*1/*1,*3/*3,.,.,.,*02:03/*24:02,*1/*1,CA(rs2231142)
1900649706C,rs2231142 reference (G)/rs2231142 reference (G),Reference/Reference,Reference/Reference,*1/*1,*1/*1,*1/*1,*10/*36 + *10,*1/*1,*1/*3,*4/*17,c.1627A>G (*5) (heterozygous),B (reference)/B (reference),*02:01/*11:01,*07:02/*15:01,rs12979860 reference (C)/rs12979860 reference (C),Reference,*1/*1,Reference/Reference,*1/*37,*1/*1,*1/*1,rs9923231 variant (T)/rs9923231 variant (T),1900649706C,E-B19629862547,E-B19629862547,*1/*1,.,*10/*10,AA(rs9923231),*1/*1,GA(rs2108622),.,*4/*7,.,.,*4/*4,.,.,.,*39:01/*58:01,.,*1/*1,*1/*1,*1/*1,*1/*1,*1/*3,.,.,.,*02:06/*33:03,*1/*1,.
1900649741C,rs2231142 reference (G)/rs2231142 reference (G),Reference/Reference,Reference/Reference,*1/*4,*1/*3,*1/*1,*10/*36 + *10,*1/*1,*1/*3,*3/*3,,B (reference)/B (reference),*02:01/*11:01,*07:02/*15:01,rs12979860 reference (C)/rs12979860 variant (T),Reference,*1/*1,Reference/Reference,*15/*37,*1/*1,*1/*6,rs9923231 variant (T)/rs9923231 variant (T),1900649741C,E-B19387444034,E-B19387444034,*1/*3,.,*10/*10,AA(rs9923231),*1/*1,AA(rs2108622),.,*4/*6,TC(rs4149056),.,*4/*4,.,.,.,*15:01/*46:01,GA(rs12979860),*1/*1,*1/*1,*1/c.1774C>T,*1/*6,*1/*3,.,.,.,*01:01/*26:01,*1/*4,.
1900488292C,rs2231142 reference (G)/rs2231142 reference (G),Reference/Reference,Reference/Reference,*1/*4,*2/*2,*1/*1,*10/*36 + *10,*1/*1,*1/*3,*1/*1,c.496A>G (heterozygous),B (reference)/B (reference),*02:01/*11:01,*07:02/*15:01,rs12979860 reference (C)/rs12979860 variant (T),Reference,*1/*1,Reference/Reference,*37/*37,*1/*1,*1/*6,rs9923231 variant (T)/rs9923231 variant (T),1900488292C,E-B19639122369,E-B19639122369,*2/*2,.,*1/*10,AA(rs9923231),*1/*1,.,AA(rs671),*4/*7,.,.,*4/*4,.,.,.,*35:03/*40:01,GA(rs12979860),*1/*1,*1/*1,*1/*1,*1/*6,*1/*3,GA(rs1803274),.,.,*02:07/*33:03,*1/*4,.
1900649780C,rs2231142 reference (G)/rs2231142 variant (T),Reference/Reference,Reference/Reference,*1/*6,*1/*1,*1/*1,*10/*36 + *10,*1/*1,*1/*1,*1/*4,[c.1627A>G (*5) + c.1896T>C] (heterozygous),B (reference)/B (reference),*02:01/*11:01,*07:02/*15:01,rs12979860 reference (C)/rs12979860 reference (C),Reference,*1/*1,Reference/Reference,*1/*37,*1/*1,*1/*6,rs9923231 reference (C)/rs9923231 reference (C),1900649780C,E-B19425557918,E-B19425557918,*1/*1,.,*1/*10,.,*1/*1,GA(rs2108622),.,*4/*7,.,.,*4/*4,.,.,.,*46:01/*67:01,.,*1/*1,*1/*1,*1/*1,*1/*6,*1/*1,.,.,.,*02:07/*24:02,*1/*6,CA(rs2231142)
1900649723C,rs2231142 reference (G)/rs2231142 reference (G),Reference/Reference,Reference/Reference,*1/*6,*1/*1,*1/*1,*10/*36 + *10,*1/*1,*3/*3,*3/*17,c.1896T>C (heterozygous),B (reference)/B (reference),*02:01/*11:01,*07:02/*15:01,rs12979860 reference (C)/rs12979860 reference (C),Reference,*1/*1,Reference/Reference,*37/*37,*1/*1,*1/*80+*28,rs9923231 variant (T)/rs9923231 variant (T),1900649723C,E-B19843643335,E-B19843643335,*1/*1,.,*1/*1,AA(rs9923231),*1/*1,GA(rs2108622),.,*4/*6,.,.,*4/*4,.,.,.,*40:01/*40:01,.,*1/*1,*1/*1,*1/*1,*1/*28,*3/*3,.,.,.,*11:01/*24:02,*1/*6,.
1900427289C,rs2231142 reference (G)/rs2231142 reference (G),Reference/Reference,Reference/Reference,*1/*6,*2/*3,*1/*1,*10/*36 + *10,*1/*1,*1/*3,*1/*17,c.1627A>G (*5)/c.1627A>G (*5),B (reference)/B (reference),*02:01/*11:01,*07:02/*15:01,rs12979860 reference (C)/rs12979860 variant (T),Reference,*1/*1,Reference/Reference,*37/*37,*1/*1,*1/*6,rs9923231 variant (T)/rs9923231 variant (T),1900427289C,E-B19547141557,E-B19547141557,*2/*3,.,*1/*10,AA(rs9923231),*1/*1,.,.,*6/*6,.,.,*4/*4,.,.,.,*15:11/*44:03,GA(rs12979860),*1/*1,*1/*1,*1/*1,*1/*6,*1/*3,GA(rs1803274),.,.,*02:01/*33:03,*1/*6,.
1900611710C,rs2231142 reference (G)/rs2231142 variant (T),Reference/Reference,Reference/Reference,*1/*4,*1/*2,*1/*1,*10/*36 + *10,*1/*1,*3/*3,*1/*17,c.1627A>G (*5) (heterozygous),B (reference)/B (reference),*02:01/*11:01,*07:02/*15:01,rs12979860 variant (T)/rs12979860 variant (T),Reference,*1/*1,Reference/Reference,*37/*37,*1/*1,*1/*1,rs9923231 variant (T)/rs9923231 variant (T),1900611710C,E-B19289543709,E-B19289543709,*1/*2,.,*10/*10,AA(rs9923231),*1/*1,.,.,*6/*7,.,.,*4/*4,.,.,.,*07:05/*40:01,AA(rs12979860),*1/*1,*1/*1,*1/*1,*1/*1,*3/*3,.,.,.,*02:03/*29:01,*1/*4,CA(rs2231142)
1900490774C,rs2231142 reference (G)/rs2231142 reference (G),Reference/Reference,Reference/Reference,*1/*6,*2/*2,*1/*1,*10/*36 + *10,*1/*1,*1/*3,*1/*4,Reference/Reference,B (reference)/B (reference),*02:01/*11:01,*07:02/*15:01,rs12979860 reference (C)/rs12979860 variant (T),Reference,*1/*1,Reference/Reference,*1/*15,*1/*1,*1/*6,rs9923231 reference (C)/rs9923231 variant (T),1900490774C,E-B19564279652,E-B19564279652,*2/*2,.,*10/*10,GA(rs9923231),*1/*1,GA(rs2108622),.,*4/*6,TC(rs4149056),.,*4/*4,.,.,.,*13:01/*40:01,GA(rs12979860),*1/*1,*1/*1,*1/*1,*1/*6,*1/*3,.,.,.,*02:01/*11:01,*1/*6,.
1900495659C,rs2231142 reference (G)/rs2231142 reference (G),Reference/Reference,Reference/Reference,*1/*1,*1/*1,*1/*1,*10/*36 + *10,*1/*1,*3/*3,*1/*17,c.2194G>A (*6) (heterozygous),B (reference)/B (reference),*02:01/*11:01,*07:02/*15:01,rs12979860 reference (C)/rs12979860 reference (C),Reference,*1/*1,Reference/Reference,*37/*37,*1/*1,*1/*1,rs9923231 variant (T)/rs9923231 variant (T),1900495659C,E-B19754118568,E-B19754118568,*1/*1,.,*10/*10,AA(rs9923231),*1/*1,.,.,*4/*5,.,.,*4/*4,.,.,.,*46:01/*51:01,.,*1/*1,*1/*1,*1/*1,*1/*1,*3/*3,.,.,.,*11:01/*24:02,*1/*1,.
1900499877C,rs2231142 reference (G)/rs2231142 variant (T),Reference/Reference,Reference/Reference,*1/*1,*1/*3,*1/*1,*10/*36 + *10,*1/*1,*1/*3,*1/*4,[c.85T>C (*9A) + c.1627A>G (*5)] (heterozygous),B (reference)/B (reference),*02:01/*11:01,*07:02/*15:01,rs12979860 reference (C)/rs12979860 reference (C),Reference,*1/*1,Reference/Reference,*37/*37,*1/*1,*1/*1,rs9923231 variant (T)/rs9923231 variant (T),1900499877C,E-B19782380531,E-B19782380531,*1/*3,.,*1/*10,AA(rs9923231),*1/*1,GA(rs2108622),.,*6/*7,.,.,*4/*4,.,.,.,*13:02/*38:01,.,*1/*1,*1/*1,*1/*1,*1/*1,*1/*3,.,.,.,*24:02/*30:01,*1/*1,CA(rs2231142)
1900496825C,rs2231142 reference (G)/rs2231142 reference (G),Reference/Reference,Reference/Reference,*1/*1,*1/*2,*1/*1,*10/*36 + *10,*1/*1,*3/*3,*1/*17,c.1627A>G (*5)/[c.85T>C (*9A) + c.1627A>G (*5)],B (reference)/B (reference),*02:01/*11:01,*07:02/*15:01,rs12979860 reference (C)/rs12979860 reference (C),Reference,*1/*1,Reference/Reference,*37/*37,*1/*1,*1/*1,rs9923231 variant (T)/rs9923231 variant (T),1900496825C,E-B19281756977,E-B19281756977,*1/*2,.,*1/*1,AA(rs9923231),*1/*1,.,.,*4/*7,.,.,*4/*4,.,.,.,*13:02/*40:01,.,*1/*1,*1/*1,*1/*1,*1/*1,*3/*3,.,.,.,*02:01/*30:01,*1/*1,.
1900649701C,rs2231142 reference (G)/rs2231142 variant (T),Reference/Reference,Reference/Reference,Unknown/Unknown,*1/*1,*1/*1,*10/*36 + *10,*1/*1,*3/*3,*1/*17,c.1627A>G (*5) (heterozygous),B (reference)/B (reference),*02:01/*11:01,*07:02/*15:01,rs12979860 reference (C)/rs12979860 reference (C),Reference,*1/*1,Reference/Reference,*37/*37,*1/*1,*1/*6,rs9923231 variant (T)/rs9923231 variant (T),1900649701C,E-B19189435162,E-B19189435162,*1/*1,.,*1/*10,AA(rs9923231),*1/*1,.,.,*4/*4,.,.,*4/*4,.,.,.,*15:01/*46:01,.,*1/*1,*1/*1,*1/*1,*1/*6,*3/*3,GA(rs1803274),.,.,*11:01/*11:01,*4/*6,CA(rs2231142)
1900617649C,rs2231142 reference (G)/rs2231142 variant (T),Reference/Reference,Reference/Reference,*4/*6,*1/*3,*1/*1,*10/*36 + *10,*1/*1,*3/*3,*1/*1,c.1627A>G (*5) (heterozygous),B (reference)/B (reference),*02:01/*11:01,*07:02/*15:01,rs12979860 reference (C)/rs12979860 variant (T),Reference,*1/*2,Reference/Reference,*1/*1,*1/*1,*1/*1,rs9923231 variant (T)/rs9923231 variant (T),1900617649C,E-B19386469471,E-B19386469471,*1/*3,.,*10/*10,AA(rs9923231),*1/*1,.,GA(rs671),*4/*4,.,.,*4/*4,.,.,.,*40:02/*54:01,GA(rs12979860),*1/*1,*1/*2,*1/*1,*1/*1,*3/*3,GA(rs1803274),.,.,*02:07/*24:02,*4/*6,CA(rs2231142)
1900611555C,rs2231142 reference (G)/rs2231142 reference (G),Reference/Reference,Reference/Reference,*1/*6,*1/*2,*1/*1,*10/*36 + *10,*1/*1,*1/*1,*4/*17,c.1896T>C (heterozygous),B (reference)/B (reference),*02:01/*11:01,*07:02/*15:01,rs12979860 reference (C)/rs12979860 reference (C),Reference,*1/*1,Reference/Reference,*1/*37,*1/*1,*1/*6,rs9923231 variant (T)/rs9923231 variant (T),1900611555C,E-B19337372768,E-B19337372768,*1/*2,.,*1/*10,AA(rs9923231),*1/*1,GA(rs2108622),GA(rs671),*4/*6,.,.,*4/*4,.,.,.,*35:01/*40:01,.,*1/*1,*1/*1,*1/*1,*1/*6,*1/*1,.,.,.,*11:02/*24:02,*1/*6,.
1900611592C,rs2231142 reference (G)/rs2231142 reference (G),Reference/Reference,Reference/Reference,*1/*1,*1/*2,*1/*1,*10/*36 + *10,*1/*1,*3/*3,*1/*17,c.85T>C (*9A)/c.1627A>G (*5),Gaohe/Gaohe,*02:01/*11:01,*07:02/*15:01,rs12979860 reference (C)/rs12979860 reference (C),Reference,*1/*2,Reference/Reference,*37/*37,*1/*1,*1/*1,rs9923231 variant (T)/rs9923231 variant (T),1900611592C,E-B19931567201,E-B19931567201,*1/*2,GG(rs137852340),*10/*10,AA(rs9923231),*1/*1,.,.,*4/*6,.,.,*4/*4,.,.,.,*13:01/*35:01,.,*1/*1,*1/*2,*1/*1,*1/*1,*3/*3,.,.,.,*11:02/*24:02,*1/*1,.
1900618792C,rs2231142 reference (G)/rs2231142 variant (T),Reference/Reference,Reference/Reference,*1/*1,*1/*1,*1/*1,*10/*36 + *10,*1/*6,*1/*3,*1/*17,c.1627A>G (*5) (heterozygous),B (reference)/B (reference),*02:01/*11:01,*07:02/*15:01,rs12979860 reference (C)/rs12979860 variant (T),Reference,*1/*1,c.11266C>G (heterozygous),*1/*37,*1/*1,*1/*1,rs9923231 variant (T)/rs9923231 variant (T),1900618792C,E-B19752746361,E-B19752746361,*1/*1,.,*1/*1,AA(rs9923231),*1/*1,.,GA(rs671),*6/*6,.,.,*4/*4,.,.,.,*13:01/*46:01,GA(rs12979860),*1/*1,*1/*1,*1/*1,*1/*1,*1/*3,GA(rs1803274),.,.,*02:07/*11:01,*1/*1,CA(rs2231142)
1900649783C,rs2231142 reference (G)/rs2231142 reference (G),Reference/Reference,Reference/Reference,*1/*1,*2/*2,*1/*1,*10/*36 + *10,*1/*5,*3/*3,*1/*1,Reference/Reference,B (reference)/B (reference),*02:01/*11:01,*07:02/*15:01,rs12979860 reference (C)/rs12979860 reference (C),Reference,*1/*1,Reference/Reference,Unknown/Unknown,*1/*1,*1/*6,rs9923231 variant (T)/rs9923231 variant (T),1900649783C,E-B19323631184,E-B19323631184,*2/*2,.,*1/*1,AA(rs9923231),*1/*1,.,.,*4/*4,.,.,*4/*4,.,.,.,*07:02/*14:02,.,*1/*1,*1/*1,*1/*1,*1/*6,*3/*3,.,.,.,*31:01/*68:02,*1/*1,.
1900611566C,rs2231142 reference (G)/rs2231142 variant (T),Reference/Reference,Reference/Reference,*1/*6,*1/*1,*1/*1,*10/*36 + *10,*1/*1,*1/*3,*1/*17,c.85T>C (*9A)/[c.1627A>G (*5) + c.1896T>C],B (reference)/B (reference),*02:01/*11:01,*07:02/*15:01,rs12979860 reference (C)/rs12979860 variant (T),Reference,*1/*1,c.11266C>G (heterozygous),*15/*15,*1/*1,*1/*6,rs9923231 variant (T)/rs9923231 variant (T),1900611566C,E-B19358453572,E-B19358453572,*1/*1,.,*1/*10,AA(rs9923231),*1/*1,.,.,*4/*6,CC(rs4149056),.,*4/*4,.,.,.,*35:01/*38:02,GA(rs12979860),*1/*1,*1/*1,*1/*1,*1/*6,*1/*3,.,.,.,*02:01/*02:03,*1/*6,CA(rs2231142)
1900619152C,rs2231142 reference (G)/rs2231142 reference (G),Reference/Reference,Reference/Reference,*1/*1,*1/*2,*1/*1,*10/*36 + *10,*1/*1,*3/*3,*1/*3,Reference/Reference,B (reference)/B (reference),*02:01/*11:01,*07:02/*15:01,rs12979860 reference (C)/rs12979860 reference (C),Reference,*1/*5,Reference/Reference,*15/*37,*1/*1,*1/*1,rs9923231 reference (C)/rs9923231 variant (T),1900619152C,E-B19524640364,E-B19524640364,*1/*2,.,*10/*10,GA(rs9923231),*1/*1,GA(rs2108622),.,*4/*7,TC(rs4149056),.,*4/*4,.,.,.,*40:01/*58:01,.,*1/*1,*1/*1,*1/*1,*1/*1,*3/*3,.,.,.,*11:01/*33:03,*1/*1,.
1900496450C,rs2231142 reference (G)/rs2231142 variant (T),Reference/Reference,Reference/Reference,*1/*1,*1/*1,*1/*1,*10/*36 + *10,*1/*1,*1/*3,Unknown/Unknown,Reference/Reference,B (reference)/B (reference),*02:01/*11:01,*07:02/*15:01,rs12979860 reference (C)/rs12979860 reference (C),Reference,*1/*1,Reference/Reference,*1/*37,*1/*1,*1/*1,rs9923231 variant (T)/rs9923231 variant (T),1900496450C,E-B19778365864,E-B19778365864,*1/*1,.,*1/*1,AA(rs9923231),*1/*1,AA(rs2108622),.,*4/*4,.,.,*4/*4,.,.,.,*13:02/*58:01,.,*1/*1,*1/*1,*1/*1,*1/*1,*1/*3,.,.,.,*30:01/*33:03,*1/*1,CA(rs2231142)
1900581561C,rs2231142 reference (G)/rs2231142 reference (G),Reference/Reference,Reference/Reference,*1/*1,*1/*2,*1/*1,*10/*36 + *10,*1/*1,*1/*3,*1/*17,c.85T>C (*9A) (heterozygous),B (reference)/B (reference),*02:01/*11:01,*07:02/*15:01,rs12979860 reference (C)/rs12979860 reference (C),Reference,*1/*1,Reference/Reference,*37/*37,*1/*29,*1/*1,rs9923231 variant (T)/rs9923231 variant (T),1900581561C,E-B19193046901,E-B19193046901,*1/*2,.,*1/*1,AA(rs9923231),*1/*1,.,.,*5/*6,.,.,*4/*4,.,.,GG(rs28358569),*35:01/*35:01,.,*1/*29,*1/*1,*1/*1,*1/*1,*1/*3,.,.,.,*11:01/*31:01,*1/*1,.
1900611746C,rs2231142 reference (G)/rs2231142 reference (G),Reference/Reference,Reference/Reference,*1/*6,*1/*2,*1/*1,*10/*36 + *10,*1/*1,*3/*3,*1/*17,c.1627A>G (*5) (heterozygous),B (reference)/B (reference),*02:01/*11:01,*07:02/*15:01,rs12979860 reference (C)/rs12979860 reference (C),Reference,*1/*1,Reference/Reference,*37/*37,*1/*1,*1/*1,rs9923231 variant (T)/rs9923231 variant (T),1900611746C,E-B19126967805,E-B19126967805,*1/*2,.,*1/*10,AA(rs9923231),*1/*1,.,AA(rs671),*6/*7,.,.,*4/*4,.,.,.,*44:03/*55:02,.,*1/*1,*1/*1,*1/*1,*1/*1,*3/*3,.,.,.,*02:07/*33:03,*1/*6,.
1900646151C,rs2231142 reference (G)/rs2231142 reference (G),Reference/Reference,Reference/Reference,*1/*1,*1/*1,*1/*1,*10/*36 + *10,*1/*1,*3/*3,*1/*1,c.1896T>C/c.1896T>C,B (reference)/B (reference),*02:01/*11:01,*07:02/*15:01,rs12979860 reference (C)/rs12979860 reference (C),Reference,*1/*1,c.11266C>G (heterozygous),*37/*37,*1/*1,*1/*1,rs9923231 variant (T)/rs9923231 variant (T),1900646151C,E-B19966451610,E-B19966451610,*1/*1,.,*1/*10,AA(rs9923231),*1/*1,.,GA(rs671),*4/*7,.,.,*4/*4,.,.,GG(rs28358569),*38:02/*81:02,.,*1/*1,*1/*1,*1/*1,*1/*1,*3/*3,.,.,.,*11:01/*30:01,*1/*1,.
1900499898C,rs2231142 reference (G)/rs2231142 reference (G),Reference/Reference,Reference/Reference,*1/*6,*1/*1,*1/*44,*10/*36 + *10,*1/*1,*3/*3,*1/*3,c.1627A>G (*5) (heterozygous),B (reference)/B (reference),*02:01/*11:01,*07:02/*15:01,rs12979860 reference (C)/rs12979860 variant (T),Reference,*1/*1,Reference/Reference,*37/*37,*1/*3C,*1/*1,rs9923231 variant (T)/rs9923231 variant (T),1900499898C,E-B19876698836,E-B19876698836,*1/*1,.,*1/*10,AA(rs9923231),*1/*44,GA(rs2108622),.,*4/*4,.,.,*4/*4,.,.,.,*15:01/*40:01,GA(rs12979860),*1/*3C,*1/*1,*1/*1,*1/*1,*3/*3,.,.,.,*02:01/*11:01,*1/*6,.
1900488744C,rs2231142 reference (G)/rs2231142 reference (G),Reference/Reference,Reference/Reference,*1/*1,*1/*2,*1/*1,*10/*36 + *10,*1/*1,*1/*1,*1/*3,Reference/Reference,B (reference)/B (reference),*02:01/*11:01,*07:02/*15:01,rs12979860 reference (C)/rs12979860 reference (C),Reference,*1/*1,Reference/Reference,*1/*37,*1/*1,*1/*6,rs9923231 reference (C)/rs9923231 variant (T),1900488744C,E-B19679386620,E-B19679386620,*1/*2,.,*1/*1,GA(rs9923231),*1/*1,GA(rs2108622),.,*6/*7,.,.,*4/*4,.,.,.,*40:06/*54:01,.,*1/*1,*1/*1,*1/*1,*1/*6,*1/*1,.,.,.,*24:02/*24:02,*1/*1,.
1900617685C,rs2231142 reference (G)/rs2231142 variant (T),Reference/Reference,Reference/Reference,*1/*1,*2/*2,*1/*1,*10/*36 + *10,*1/*1,*1/*3,*8/*17,Reference/Reference,B (reference)/B (reference),*02:01/*11:01,*07:02/*15:01,rs12979860 reference (C)/rs12979860 reference (C),Reference,*1/*1,Reference/Reference,*15/*37,*1/*1,*1/*1,rs9923231 variant (T)/rs9923231 variant (T),1900617685C,E-B19155668619,E-B19155668619,*2/*2,.,*1/*1,AA(rs9923231),*1/*1,.,.,*4/*6,TC(rs4149056),.,*4/*4,.,.,.,*13:02/*13:02,.,*1/*1,*1/*1,*1/*1,*1/*1,*1/*3,.,.,.,*30:01/*30:01,*1/*1,CA(rs2231142)
1900611481C,rs2231142 reference (G)/rs2231142 variant (T),Reference/Reference,Reference/Reference,*1/*6,*2/*2,*1/*1,*10/*36 + *10,*1/*1,*3/*3,*1/*3,Reference/Reference,B (reference)/B (reference),*02:01/*11:01,*07:02/*15:01,rs12979860 reference (C)/rs12979860 reference (C),Reference,,c.11266C>G (heterozygous),*37/*37,*1/*1,*1/*6,rs9923231 variant (T)/rs9923231 variant (T),1900611481C,E-B19305179026,E-B19305179026,*2/*2,.,*1/*1,AA(rs9923231),*1/*1,GA(rs2108622),GA(rs671),*4/*6,.,.,*4/*4,.,.,.,*40:02/*55:02,.,*1/*1,*1/*3,*1/*1,*1/*6,*3/*3,.,.,.,*11:01/*24:02,*1/*6,CA(rs2231142)
1900646148C,rs2231142 reference (G)/rs2231142 reference (G),Reference/Reference,Reference/Reference,*1/*6,*1/*38,*1/*1,*10/*36 + *10,*1/*1,*1/*3,*1/*17,Reference/Reference,B (reference)/B (reference),*02:01/*11:01,*07:02/*15:01,rs12979860 reference (C)/rs12979860 reference (C),Reference,*1/*1,Reference/Reference,*15/*15,*1/*1,Unknown/Unknown,rs9923231 variant (T)/rs9923231 variant (T),1900646148C,E-B19232615213,E-B19232615213,*1/*1,.,*1/*10,AA(rs9923231),*1/*1,.,.,*4/*5,CC(rs4149056),.,*4/*4,.,.,.,*35:05/*46:01,.,*1/*1,*1/*1,*1/*1,*27/*28,*1/*3,GA(rs1803274),.,.,*24:07/*33:03,*1/*6,.
1900580002C,rs2231142 reference (G)/rs2231142 reference (G),Reference/Reference,Reference/Reference,*1/*1,*2/*38,*1/*3,*10/*36 + *10,*1/*1,*3/*3,*1/*17,c.1627A>G (*5) (heterozygous),B (reference)/B (reference),*02:01/*11:01,*07:02/*15:01,rs12979860 reference (C)/rs12979860 variant (T),Reference,*1/*1,Reference/Reference,*37/*37,*1/*1,*1/*6,rs9923231 variant (T)/rs9923231 variant (T),1900580002C,E-B19800743402,E-B19800743402,*1/*2,.,*1/*10,AA(rs9923231),*1/*3,.,GA(rs671),*4/*6,.,.,*4/*4,.,.,.,*40:01/*44:03,GA(rs12979860),*1/*1,*1/*1,*1/*1,*1/*6,*3/*3,GA(rs1803274),.,.,*11:01/*33:03,*1/*1,.
1900611779C,rs2231142 reference (G)/rs2231142 variant (T),Reference/Reference,Reference/Reference,*1/*1,*1/*1,*1/*1,*10/*36 + *10,*1/*1,*3/*3,*1/*17,[c.1896T>C + c.2194G>A (*6)] (heterozygous),B (reference)/B (reference),*02:01/*11:01,*07:02/*15:01,rs12979860 reference (C)/rs12979860 reference (C),Reference,*1/*2,Reference/Reference,*1/*37,*1/*1,*1/*6,rs9923231 variant (T)/rs9923231 variant (T),1900611779C,E-B19263159187,E-B19263159187,*1/*1,.,*10/*10,AA(rs9923231),*1/*1,.,.,*4/*6,.,.,*4/*4,.,.,.,*15:02/*58:01,.,*1/*1,*1/*2,*1/*1,*1/*6,*3/*3,.,.,.,*11:01/*33:03,*1/*1,CA(rs2231142)
1900649737C,rs2231142 reference (G)/rs2231142 variant (T),Reference/Reference,Reference/Reference,*1/*1,*1/*1,*1/*1,*10/*36 + *10,*1/*1,*1/*3,*1/*17,c.85T>C (*9A) (heterozygous),B (reference)/B (reference),*02:01/*11:01,*07:02/*15:01,rs12979860 reference (C)/rs12979860 reference (C),Reference,*1/*1,Reference/Reference,*1/*15,*1/*1,*1/*6,rs9923231 variant (T)/rs9923231 variant (T),1900649737C,E-B19899134550,E-B19899134550,*1/*1,.,*1/*10,AA(rs9923231),*1/*1,.,GA(rs671),*4/*6,TC(rs4149056),.,*4/*4,.,.,.,*40:01/*54:01,.,*1/*1,*1/*1,*1/*1,*1/*6,*1/*3,.,.,.,*01:01/*02:01,*1/*1,CA(rs2231142)
1900618762C,rs2231142 variant (T)/rs2231142 variant (T),Reference/Reference,Reference/Reference,*4/*26,*1/*1,*1/*1,*10/*36 + *10,*1/*1,*3/*3,*1/*1,Reference/Reference,B (reference)/B (reference),*02:01/*11:01,*07:02/*15:01,rs12979860 reference (C)/rs12979860 reference (C),Reference,,Reference/Reference,*37/*37,*1/*1,*1/*6,rs9923231 variant (T)/rs9923231 variant (T),1900618762C,E-B19772443824,E-B19772443824,*1/*1,.,*1/*10,AA(rs9923231),*1/*1,.,.,*4/*6,.,.,*4/*4,.,.,.,*51:02/*58:01,.,*1/*1,*1/*3,*1/*1,*1/*6,*3/*3,.,.,.,*31:01/*33:03,*4/*26,AA(rs2231142)
1900611374C,rs2231142 reference (G)/rs2231142 reference (G),Reference/Reference,Reference/Reference,*1/*1,*1/*1,*1/*1,*10/*36 + *10,*1/*1,*3/*3,*4/*17,Reference/Reference,B (reference)/B (reference),*02:01/*11:01,*07:02/*15:01,rs12979860 reference (C)/rs12979860 reference (C),Reference,*1/*6,Reference/Reference,*37/*37,*1/*1,*1/*1,rs9923231 variant (T)/rs9923231 variant (T),1900611374C,E-B19907925671,E-B19907925671,*1/*1,.,*10/*10,AA(rs9923231),*1/*1,GA(rs2108622),GA(rs671),*4/*4,.,.,*4/*4,.,.,.,*15:02/*55:02,.,*1/*1,*1/*1,*1/*1,*1/*1,*3/*3,.,.,.,*11:01/*11:01,*1/*1,.
1900649743C,rs2231142 reference (G)/rs2231142 reference (G),Reference/Reference,Reference/Reference,*1/*1,*1/*2,*1/*1,*10/*36 + *10,*1/*1,*1/*3,*1/*17,c.1627A>G (*5) (heterozygous),B (reference)/B (reference),*02:01/*11:01,*07:02/*15:01,rs12979860 reference (C)/rs12979860 reference (C),Reference,*1/*1,Reference/Reference,*37/*37,*1/*1,*1/*1,rs9923231 variant (T)/rs9923231 variant (T),1900649743C,E-B19503398885,E-B19503398885,*1/*2,.,*10/*10,AA(rs9923231),*1/*1,.,.,*4/*4,.,.,*4/*4,.,.,.,*13:01/*52:01,.,*1/*1,*1/*1,*1/*1,*1/*1,*1/*3,.,.,.,*24:02/*26:01,*1/*1,.
1900611788C,rs2231142 reference (G)/rs2231142 variant (T),Reference/Reference,Reference/Reference,*1/*6,*1/*2,*1/*1,*10/*36 + *10,*1/*1,*3/*3,*1/*17,c.1627A>G (*5) (heterozygous),B (reference)/B (reference),*02:01/*11:01,*07:02/*15:01,rs12979860 reference (C)/rs12979860 reference (C),Reference,*1/*1,Reference/Reference,*37/*37,*1/*1,*1/*28,rs9923231 variant (T)/rs9923231 variant (T),1900611788C,E-B19799957709,E-B19799957709,*1/*2,.,*10/*14,AA(rs9923231),*1/*1,.,GA(rs671),*4/*4,.,.,*4/*4,.,.,.,*15:02/*38:02,.,*1/*1,*1/*1,*1/*1,*1/*28,*3/*3,.,.,.,*02:03/*11:01,*1/*6,CA(rs2231142)
1900580400C,rs2231142 reference (G)/rs2231142 variant (T),Reference/Reference,Reference/Reference,*1/*6,*2/*38,*1/*3,*10/*36 + *10,*1/*1,*1/*3,*1/*17,c.85T>C (*9A) (heterozygous),B (reference)/B (reference),*02:01/*11:01,*07:02/*15:01,rs12979860 reference (C)/rs12979860 reference (C),Reference,*1/*1,Reference/Reference,*37/*37,*1/*1,*6/*6,rs9923231 variant (T)/rs9923231 variant (T),1900580400C,E-B19920075988,E-B19920075988,*1/*2,.,*1/*1,AA(rs9923231),*1/*3,.,.,*4/*6,.,.,*4/*4,.,.,.,*52:01/*56:01,.,*1/*1,*1/*1,*1/*1,*6/*6,*1/*3,GA(rs1803274),.,.,*02:01/*11:01,*1/*6,CA(rs2231142)
1900436725C,rs2231142 reference (G)/rs2231142 variant (T),Reference/Reference,Reference/Reference,*1/*1,*1/*2,*1/*1,*10/*36 + *10,*1/*1,*1/*3,*3/*17,[c.85T>C (*9A) + c.1627A>G (*5)] (heterozygous),B (reference)/B (reference),*02:01/*11:01,*07:02/*15:01,rs12979860 reference (C)/rs12979860 reference (C),Reference,,Reference/Reference,*1/*37,*1/*1,*1/*1,rs9923231 variant (T)/rs9923231 variant (T),1900436725C,E-B19863115960,E-B19863115960,*1/*2,.,*1/*10,AA(rs9923231),*1/*1,GA(rs2108622),.,*4/*6,.,.,*4/*4,.,.,.,*40:06/*46:01,.,*1/*1,*1/*3,*1/*1,*1/*1,*1/*3,.,.,.,*24:82/*31:01,*1/*1,CA(rs2231142)
1900491279C,rs2231142 reference (G)/rs2231142 variant (T),Reference/Reference,Reference/Reference,*1/*1,*1/*1,*1/*1,*10/*36 + *10,*1/*1,*1/*3,*3/*17,Reference/Reference,B (reference)/B (reference),*02:01/*11:01,*07:02/*15:01,rs12979860 reference (C)/rs12979860 reference (C),Reference,*1/*1,Reference/Reference,*1/*15,*1/*1,*1/*1,rs9923231 variant (T)/rs9923231 variant (T),1900491279C,E-B19934713875,E-B19934713875,*1/*1,.,*1/*1,AA(rs9923231),*1/*1,GA(rs2108622),GA(rs671),*6/*6,TC(rs4149056),.,*4/*4,.,.,.,*13:01/*15:02,.,*1/*1,*1/*1,*1/*1,*1/*1,*1/*3,.,.,.,*02:01/*11:01,*1/*1,CA(rs2231142)
1900494737C,rs2231142 reference (G)/rs2231142 reference (G),Reference/Reference,Reference/Reference,*1/*1,*1/*2,*1/*1,*10/*36 + *10,*1/*1,*3/*3,*1/*17,c.2194G>A (*6) (heterozygous),B (reference)/B (reference),*02:01/*11:01,*07:02/*15:01,rs12979860 reference (C)/rs12979860 reference (C),Reference,*1/*2,Reference/Reference,*16/*29,*1/*1,*1/*1,rs9923231 variant (T)/rs9923231 variant (T),1900494737C,E-B19946406885,E-B19946406885,*1/*2,.,*1/*10,AA(rs9923231),*1/*1,.,.,*4/*6,.,.,*4/*4,.,.,.,*46:01/*51:01,.,*1/*1,*1/*2,*1/*1,*1/*1,*3/*3,GA(rs1803274),.,.,*11:01/*24:02,*1/*1,.
1900611720C,rs2231142 reference (G)/rs2231142 reference (G),Reference/Reference,Reference/Reference,*1/*6,*1/*1,*1/*1,*10/*36 + *10,Unknown/Unknown,*1/*3,*1/*17,c.1627A>G (*5) (heterozygous),B (reference)/Nanning,*02:01/*11:01,*07:02/*15:01,rs12979860 reference (C)/rs12979860 reference (C),Reference,*1/*5,c.5317C>T (heterozygous),*37/*37,*1/*1,*1/*6,rs9923231 variant (T)/rs9923231 variant (T),1900611720C,E-B19198958335,E-B19198958335,*1/*1,CT(rs782757170),*1/*10,AA(rs9923231),*1/*1,.,GA(rs671),*5/*7,.,.,*4/*4,.,.,.,*35:01/*46:01,.,*1/*1,*1/*1,*1/*1,*1/*6,*1/*3,.,.,.,*02:01/*02:01,*1/*6,.
1900492574C,rs2231142 reference (G)/rs2231142 variant (T),Reference/Reference,Reference/Reference,*1/*4,*1/*1,*1/*1,*10/*36 + *10,*1/*1,*1/*3,*1/*1,c.1627A>G (*5) (heterozygous),B (reference)/B (reference),*02:01/*11:01,*07:02/*15:01,rs12979860 reference (C)/rs12979860 reference (C),Reference,*2/*3,Reference/Reference,*37/*37,*1/*1,Unknown/Unknown,rs9923231 variant (T)/rs9923231 variant (T),1900492574C,E-B19994033543,E-B19994033543,*1/*1,.,*1/*10,AA(rs9923231),*1/*1,.,GA(rs671),*5/*5,.,.,*4/*4,.,.,.,*46:01/*58:01,.,*1/*1,*2/*3,*1/*1,*27/*28,*1/*3,.,.,.,*02:07/*33:03,*1/*4,CA(rs2231142)
1900489722C,rs2231142 reference (G)/rs2231142 variant (T),Reference/Reference,Reference/Reference,*1/*1,*1/*3,*1/*1,*10/*36 + *10,*1/*1,*3/*3,*1/*3,Reference/Reference,B (reference)/B (reference),*02:01/*11:01,*07:02/*15:01,rs12979860 reference (C)/rs12979860 reference (C),Reference,*1/*1,Reference/Reference,*37/*37,*1/*1,*6/*6,rs9923231 variant (T)/rs9923231 variant (T),1900489722C,E-B19243353310,E-B19243353310,*1/*3,.,*10/*10,AA(rs9923231),*1/*1,GA(rs2108622),.,*6/*6,.,.,*4/*4,.,.,.,*13:01/*40:01,.,*1/*1,*1/*1,*1/*1,*6/*6,*3/*3,.,.,.,*11:01/*24:02,*1/*1,CA(rs2231142)
1900618151C,rs2231142 reference (G)/rs2231142 reference (G),Reference/Reference,Reference/Reference,*1/*4,*2/*38,*1/*3,*10/*36 + *10,*1/*1,*1/*1,*1/*17,Reference/Reference,B (reference)/B (reference),*02:01/*11:01,*07:02/*15:01,rs12979860 reference (C)/rs12979860 reference (C),Reference,*1/*1,Reference/Reference,*37/*37,*1/*1,*6/*28,rs9923231 variant (T)/rs9923231 variant (T),1900618151C,E-B19407769920,E-B19407769920,*1/*2,.,*1/*10,AA(rs9923231),*1/*3,.,.,*4/*4,.,.,*4/*4,.,.,.,*15:07/*46:01,.,*1/*1,*1/*1,*1/*1,*6/*28,*1/*1,.,.,.,*02:07/*11:01,*1/*4,.
1900580044C,rs2231142 reference (G)/rs2231142 reference (G),Reference/Reference,Reference/Reference,*1/*1,*1/*1,*1/*1,*10/*36 + *10,*1/*1,*1/*3,*1/*1,c.1627A>G (*5) (heterozygous),B (reference)/B (reference),*02:01/*11:01,*07:02/*15:01,rs12979860 reference (C)/rs12979860 reference (C),Reference,*1/*1,Reference/Reference,*1/*37,*1/*1,*1/*6,rs9923231 variant (T)/rs9923231 variant (T),1900580044C,E-B19266941225,E-B19266941225,*1/*1,.,*1/*10,AA(rs9923231),*1/*1,.,.,*4/*5,.,.,*4/*4,.,.,.,*15:27/*40:01,.,*1/*1,*1/*1,*1/*1,*1/*6,*1/*3,.,.,.,*24:02/*24:02,*1/*1,.
1900578802C,rs2231142 reference (G)/rs2231142 variant (T),Reference/Reference,Reference/Reference,*1/*1,*1/*1,*1/*1,*10/*36 + *10,*1/*1,*1/*3,*1/*17,c.1627A>G (*5)/c.1896T>C,B (reference)/B (reference),*02:01/*11:01,*07:02/*15:01,rs12979860 reference (C)/rs12979860 reference (C),Reference,,Reference/Reference,*1/*37,*1/*1,*1/*1,rs9923231 variant (T)/rs9923231 variant (T),1900578802C,E-B19631030998,E-B19631030998,*1/*1,.,*1/*10,AA(rs9923231),*1/*1,.,.,*4/*6,.,.,*4/*4,.,.,.,*40:01/*52:01,.,*1/*1,*1/*3,*1/*1,*1/*1,*1/*3,.,.,.,*02:01/*02:01,*1/*1,CA(rs2231142)
1900499080C,rs2231142 reference (G)/rs2231142 reference (G),Reference/Reference,Reference/Reference,*1/*6,*1/*2,*1/*1,*10/*36 + *10,*1/*1,*3/*3,*4/*17,[c.1627A>G (*5) + c.2194G>A (*6)] (heterozygous),B (reference)/B (reference),*02:01/*11:01,*07:02/*15:01,rs12979860 reference (C)/rs12979860 reference (C),Reference,*1/*2,Reference/Reference,*1/*15,*1/*1,*1/*1,rs9923231 variant (T)/rs9923231 variant (T),1900499080C,E-B19860735054,E-B19860735054,*1/*2,.,*14/*14,AA(rs9923231),*1/*1,GA(rs2108622),.,*4/*6,TC(rs4149056),.,*4/*4,.,.,.,*27:04/*40:130,.,*1/*1,*1/*2,*1/*1,*1/*1,*3/*3,.,.,.,*11:01/*24:02,*1/*6,.
1900610839C,rs2231142 reference (G)/rs2231142 variant (T),Reference/Reference,Reference/Reference,*1/*6,*1/*2,*1/*1,*10/*36 + *10,*1/*1,*1/*3,Unknown/Unknown,c.1627A>G (*5) (heterozygous),B (reference)/B (reference),*02:01/*11:01,*07:02/*15:01,rs12979860 reference (C)/rs12979860 reference (C),Reference,*1/*1,Reference/Reference,*1/*15,*1/*1,*1/*6,rs9923231 variant (T)/rs9923231 variant (T),1900610839C,E-B19141570795,E-B19141570795,*1/*2,.,*1/*1,AA(rs9923231),*1/*1,AA(rs2108622),.,*4/*6,TC(rs4149056),.,*4/*4,.,.,.,*13:01/*35:03,.,*1/*1,*1/*1,*1/*1,*1/*6,*1/*3,.,.,.,*11:01/*11:01,*1/*6,CA(rs2231142)
1900581540C,rs2231142 variant (T)/rs2231142 variant (T),Reference/Reference,Reference/Reference,*1/*4,*1/*1,*1/*1,*10/*36 + *10,*1/*18,*1/*3,*3/*17,Reference/Reference,B (reference)/B (reference),*02:01/*11:01,*07:02/*15:01,rs12979860 reference (C)/rs12979860 reference (C),Reference,*1/*1,Reference/Reference,*37/*37,*1/*1,*1/*1,rs9923231 variant (T)/rs9923231 variant (T),1900581540C,E-B19389441340,E-B19389441340,*1/*1,.,*1/*1,AA(rs9923231),*1/*1,GA(rs2108622),.,*4/*4,.,.,*4/*4,.,.,.,*07:05/*55:02,.,*1/*1,*1/*1,*1/*1,*1/*1,*1/*3,.,.,.,*02:07/*24:02,*1/*4,AA(rs2231142)
1900434365C,rs2231142 reference (G)/rs2231142 reference (G),Reference/Reference,Reference/Reference,*1/*2,*1/*2,*1/*1,*10/*36 + *10,*1/*1,*3/*3,*1/*1,c.1896T>C (heterozygous),B (reference)/B (reference),*02:01/*11:01,*07:02/*15:01,rs12979860 reference (C)/rs12979860 reference (C),Reference,,Reference/Reference,*37/*37,*1/*1,*1/*1,rs9923231 variant (T)/rs9923231 variant (T),1900434365C,E-B19650813437,E-B19650813437,*1/*2,.,*1/*10,AA(rs9923231),*1/*1,.,GA(rs671),*4/*4,.,.,*4/*4,.,.,.,*40:01/*51:01,.,*1/*1,*1/*3,*1/*1,*1/*1,*3/*3,.,.,.,*02:01/*02:06,*1/*1,.
1900493049C,rs2231142 reference (G)/rs2231142 reference (G),Reference/Reference,Reference/Reference,*1/*6,*1/*2,*1/*1,*10/*36 + *10,*1/*1,*1/*3,*3/*17,c.85T>C (*9A) (heterozygous),B (reference)/B (reference),*02:01/*11:01,*07:02/*15:01,rs12979860 reference (C)/rs12979860 reference (C),Reference,*1/*1,Reference/Reference,*37/*37,*1/*1,*1/*1,rs9923231 variant (T)/rs9923231 variant (T),1900493049C,E-B19924180289,E-B19924180289,*1/*2,.,*10/*10,AA(rs9923231),*1/*1,GA(rs2108622),.,*4/*6,.,.,*4/*4,.,.,.,*40:01/*46:01,.,*1/*1,*1/*1,*1/*1,*1/*1,*1/*3,.,.,.,*02:07/*11:01,*1/*6,.
1900490733C,rs2231142 reference (G)/rs2231142 reference (G),Reference/Reference,Reference/Reference,*1/*1,*1/*2,*1/*1,*10/*36 + *10,*1/*1,*1/*1,*1/*1,[c.1627A>G (*5) + c.1896T>C] (heterozygous),B (reference)/B (reference),*02:01/*11:01,*07:02/*15:01,rs12979860 reference (C)/rs12979860 reference (C),Reference,*1/*1,Reference/Reference,*37/*37,*1/*1,*6/*6,rs9923231 variant (T)/rs9923231 variant (T),1900490733C,E-B19326428174,E-B19326428174,*1/*2,.,*1/*10,AA(rs9923231),*1/*1,.,.,*7/*7,.,.,*4/*4,.,.,.,*54:01/*58:01,.,*1/*1,*1/*1,*1/*1,*6/*6,*1/*1,GA(rs1803274),.,.,*11:01/*33:03,*1/*1,.
1900492590C,rs2231142 reference (G)/rs2231142 reference (G),Reference/Reference,Reference/Reference,*1/*2,*1/*3,*1/*1,*10/*36 + *10,*1/*1,*1/*1,*3/*17,c.1627A>G (*5)/c.1896T>C,B (reference)/B (reference),*02:01/*11:01,*07:02/*15:01,rs12979860 reference (C)/rs12979860 reference (C),Reference,*2/*3,Reference/Reference,*37/*37,*1/*1,*1/*80+*28,rs9923231 variant (T)/rs9923231 variant (T),1900492590C,E-B19216968565,E-B19216968565,*1/*3,.,*1/*10,AA(rs9923231),*1/*1,GA(rs2108622),GA(rs671),*4/*4,.,.,*4/*4,.,.,.,*40:01/*44:03,.,*1/*1,*2/*3,*1/*1,*1/*28,*1/*1,.,.,.,*24:02/*33:03,*1/*1,.
1900611571C,rs2231142 reference (G)/rs2231142 reference (G),Reference/Reference,Reference/Reference,*1/*1,*2/*3,*1/*1,*10/*36 + *10,*1/*1,*3/*3,*1/*3,c.2194G>A (*6)/[c.85T>C (*9A) + c.1627A>G (*5)],B (reference)/B (reference),*02:01/*11:01,*07:02/*15:01,rs12979860 reference (C)/rs12979860 reference (C),Reference,*1/*1,Reference/Reference,*15/*37,*1/*1,*1/*80+*28,rs9923231 variant (T)/rs9923231 variant (T),1900611571C,E-B19497431850,E-B19497431850,*2/*3,.,*10/*10,AA(rs9923231),*1/*1,GA(rs2108622),GA(rs671),*4/*7,TC(rs4149056),.,*4/*4,.,.,.,*15:25/*39:01,.,*1/*1,*1/*1,*1/*1,*1/*28,*3/*3,.,.,.,*02:03/*11:01,*1/*1,.
1900618791C,rs2231142 reference (G)/rs2231142 reference (G),Reference/Reference,Reference/Reference,*1/*1,*1/*1,*1/*1,*10/*36 + *10,*1/*1,*1/*3,*3/*17,[c.85T>C (*9A) + c.496A>G] (heterozygous),B (reference)/B (reference),*02:01/*11:01,*07:02/*15:01,rs12979860 reference (C)/rs12979860 reference (C),Reference,*1/*1,Reference/Reference,*15/*37,*1/*1,*6/*6,rs9923231 variant (T)/rs9923231 variant (T),1900618791C,E-B19765112795,E-B19765112795,*1/*1,.,*1/*10,AA(rs9923231),*1/*1,GA(rs2108622),AA(rs671),*4/*4,TC(rs4149056),.,*4/*4,.,.,.,*46:01/*58:01,.,*1/*1,*1/*1,*1/*1,*6/*6,*1/*3,.,.,.,*02:07/*33:03,*1/*1,.
1900611781B,rs2231142 reference (G)/rs2231142 reference (G),Reference/Reference,Reference/Reference,*1/*1,*1/*1,*1/*1,*10/*36 + *10,*1/*1,*1/*3,*1/*17,c.2194G>A (*6) (heterozygous),B (reference)/B (reference),*02:01/*11:01,*07:02/*15:01,rs12979860 reference (C)/rs12979860 reference (C),Reference,*1/*2,Reference/Reference,*37/*37,*1/*1,*1/*6,rs9923231 variant (T)/rs9923231 variant (T),1900611781B,E-B19127722631,E-B19127722631,*1/*1,.,*1/*1,AA(rs9923231),*1/*1,.,GA(rs671),*4/*7,.,.,*4/*4,.,.,.,*13:02/*46:01,.,*1/*1,*1/*2,*1/*1,*1/*6,*1/*3,.,.,.,*02:03/*30:01,*1/*1,.
1900618766C,rs2231142 reference (G)/rs2231142 reference (G),Reference/Reference,Reference/Reference,*1/*6,*1/*2,*1/*1,*10/*36 + *10,*1/*1,*1/*3,*1/*3,c.1896T>C/c.1896T>C,B (reference)/B (reference),*02:01/*11:01,*07:02/*15:01,rs12979860 reference (C)/rs12979860 reference (C),Reference,*1/*2,Reference/Reference,*1/*37,*1/*1,*80+*28/*80+*28,rs9923231 variant (T)/rs9923231 variant (T),1900618766C,E-B19579266584,E-B19579266584,*1/*2,.,*1/*10,AA(rs9923231),*1/*1,GA(rs2108622),.,*6/*6,.,.,*4/*4,.,.,.,*13:01/*46:01,.,*1/*1,*1/*2,*1/*1,*28/*28,*1/*3,.,.,.,*02:07/*02:07,*1/*6,.
1900499844C,rs2231142 reference (G)/rs2231142 variant (T),Reference/Reference,Reference/Reference,*1/*4,*1/*2,*1/*1,*10/*36 + *10,*1/*1,*1/*3,*1/*3,c.1627A>G (*5)/c.1627A>G (*5),B (reference)/B (reference),*02:01/*11:01,*07:02/*15:01,rs12979860 reference (C)/rs12979860 variant (T),Reference,*1/*2,Reference/Reference,*37/*37,*1/*1,*1/*6,rs9923231 variant (T)/rs9923231 variant (T),1900499844C,E-B19195335733,E-B19195335733,*1/*2,.,*1/*1,AA(rs9923231),*1/*1,GA(rs2108622),.,*4/*7,.,.,*4/*4,.,.,.,*13:01/*37:01,GA(rs12979860),*1/*1,*1/*2,*1/*1,*1/*6,*1/*3,GA(rs1803274),.,.,*01:01/*02:01,*1/*4,CA(rs2231142)
1900618182C,rs2231142 reference (G)/rs2231142 variant (T),Reference/Reference,Reference/Reference,*1/*1,*1/*38,*1/*3,*10/*36 + *10,*1/*1,*3/*3,*1/*17,c.1627A>G (*5)/c.1896T>C,B (reference)/B (reference),*02:01/*11:01,*07:02/*15:01,rs12979860 reference (C)/rs12979860 reference (C),Reference,*1/*2,Reference/Reference,*1/*37,*1/*1,*1/*80+*28,rs9923231 reference (C)/rs9923231 variant (T),1900618182C,E-B19187242955,E-B19187242955,*1/*1,.,*1/*10,GA(rs9923231),*1/*3,.,GA(rs671),*4/*6,.,.,*4/*4,.,.,CC(rs267606618),*39:01/*46:01,.,*1/*1,*1/*2,*1/*1,*1/*28,*3/*3,.,.,.,*02:07/*32:01,*1/*1,CA(rs2231142)
1900499345C,rs2231142 reference (G)/rs2231142 variant (T),Reference/Reference,Reference/Reference,,*1/*2,*1/*1,*10/*36 + *10,*1/*1,*3/*3,*4/*17,c.1896T>C (heterozygous),B (reference)/B (reference),*02:01/*11:01,*07:02/*15:01,rs12979860 reference (C)/rs12979860 reference (C),Reference,*1/*1,Reference/Reference,*37/*37,*1/*1,*1/*6,rs9923231 variant (T)/rs9923231 variant (T),1900499345C,E-B19556923778,E-B19556923778,*1/*2,.,*10/*10,AA(rs9923231),*1/*1,GA(rs2108622),.,*4/*7,.,.,*4/*4,.,.,.,*40:01/*46:01,.,*1/*1,*1/*1,*1/*1,*1/*6,*3/*3,.,.,.,*02:07/*11:01,*1/*9,CA(rs2231142)
1900496419C,rs2231142 reference (G)/rs2231142 reference (G),Reference/Reference,Reference/Reference,*1/*1,*1/*1,*1/*1,*10/*36 + *10,*1/*1,*1/*3,Unknown/Unknown,c.1627A>G (*5)/c.1896T>C,"B (reference)/Canton, Taiwan-Hakka, Gifu-like, Agrigento-like",*02:01/*11:01,*07:02/*15:01,rs12979860 reference (C)/rs12979860 variant (T),Reference,*1/*1,Reference/Reference,*37/*37,*1/*1,*1/*1,rs9923231 variant (T)/rs9923231 variant (T),1900496419C,E-B19491801075,E-B19491801075,*1/*1,GT(rs72554665),*1/*10,AA(rs9923231),*1/*1,AA(rs2108622),GA(rs671),*4/*4,.,.,*4/*4,.,.,.,*40:01/*46:01,GA(rs12979860),*1/*1,*1/*1,*1/*1,*1/*1,*1/*3,.,.,.,*02:01/*69:01,*1/*1,.
1900649770C,rs2231142 reference (G)/rs2231142 reference (G),Reference/Reference,Reference/Reference,*1/*1,*1/*1,*1/*1,*10/*36 + *10,*1/*1,*3/*3,*3/*17,c.1627A>G (*5)/[c.1627A>G (*5) + c.1896T>C],B (reference)/B (reference),*02:01/*11:01,*07:02/*15:01,rs12979860 reference (C)/rs12979860 variant (T),Reference,*1/*1,Reference/Reference,*1/*1,*1/*1,*1/*80+*28,rs9923231 variant (T)/rs9923231 variant (T),1900649770C,E-B19962250855,E-B19962250855,*1/*1,.,*10/*10,AA(rs9923231),*1/*1,GA(rs2108622),.,*4/*4,.,.,*4/*4,.,.,.,*13:02/*40:06,GA(rs12979860),*1/*1,*1/*1,*1/*1,*1/*28,*3/*3,.,.,.,*11:01/*24:02,*1/*1,.
1900492875C,rs2231142 reference (G)/rs2231142 variant (T),Reference/Reference,Reference/Reference,*1/*1,*1/*2,*1/*1,*10/*36 + *10,*1/*1,*3/*3,*1/*17,Reference/Reference,B (reference)/B (reference),*02:01/*11:01,*07:02/*15:01,rs12979860 reference (C)/rs12979860 reference (C),Reference,*1/*1,Reference/Reference,*37/*37,*1/*1,*1/*80+*28,rs9923231 variant (T)/rs9923231 variant (T),1900492875C,E-B19151616219,E-B19151616219,*1/*2,.,*1/*10,AA(rs9923231),*1/*1,.,.,*6/*6,.,.,*4/*4,.,.,.,*46:01/*52:01,.,*1/*1,*1/*1,*1/*1,*1/*28,*3/*3,.,.,.,*02:06/*24:02,*1/*1,CA(rs2231142)
1900581297C,rs2231142 reference (G)/rs2231142 reference (G),Reference/Reference,Reference/Reference,*1/*9,*2/*23,*1/*1,*10/*36 + *10,*1/*1,*3/*3,*3/*17,c.496A>G (heterozygous),B (reference)/B (reference),*02:01/*11:01,*07:02/*15:01,rs12979860 reference (C)/rs12979860 reference (C),Reference,*1/*1,Reference/Reference,*1/*1,*1/*1,*1/*1,rs9923231 variant (T)/rs9923231 variant (T),1900581297C,E-B19481668297,E-B19481668297,*1/*2,.,*10/*10,AA(rs9923231),*1/*1,GA(rs2108622),.,*4/*6,.,.,*4/*4,.,.,.,*46:01/*46:01,.,*1/*1,*1/*1,*1/*1,*1/*1,*3/*3,GA(rs1803274),.,.,*02:07/*02:07,*1/*9,.
1900617688C,rs2231142 reference (G)/rs2231142 reference (G),Reference/Reference,Reference/Reference,*1/*1,*1/*1,*1/*1,*10/*36 + *10,*1/*1,*3/*3,*1/*1,c.1896T>C (heterozygous),B (reference)/B (reference),*02:01/*11:01,*07:02/*15:01,rs12979860 reference (C)/rs12979860 reference (C),Reference,*1/*5,Reference/Reference,*1/*37,*1/*1,*1/*6,rs9923231 variant (T)/rs9923231 variant (T),1900617688C,E-B19642962071,E-B19642962071,*1/*1,.,*1/*10,AA(rs9923231),*1/*1,.,.,*4/*6,.,.,*4/*4,.,.,.,*35:01/*46:01,.,*1/*1,*1/*1,*1/*1,*1/*6,*3/*3,.,.,.,*02:07/*24:02,*1/*1,.
1900492595C,rs2231142 reference (G)/rs2231142 variant (T),Reference/Reference,Reference/Reference,*1/*6,*2/*38,*1/*3,*10/*36 + *10,*1/*1,*3/*3,Unknown/Unknown,c.1627A>G (*5) (heterozygous),B (reference)/B (reference),*02:01/*11:01,*07:02/*15:01,rs12979860 reference (C)/rs12979860 reference (C),Reference,,Reference/Reference,*37/*37,*1/*1,*1/*1,rs9923231 variant (T)/rs9923231 variant (T),1900492595C,E-B19437220632,E-B19437220632,*1/*2,.,*1/*10,AA(rs9923231),*1/*3,AA(rs2108622),.,*4/*7,.,.,*4/*4,.,.,.,*40:01/*51:01,.,*1/*1,*1/*3,*1/*1,*1/*1,*3/*3,.,.,.,*02:06/*02:07,*1/*6,CA(rs2231142)
1900498093C,rs2231142 reference (G)/rs2231142 variant (T),Reference/Reference,Reference/Reference,*1/*1,*1/*1,*1/*1,*10/*36 + *10,*1/*1,*3/*3,*1/*17,[c.85T>C (*9A) + c.1627A>G (*5)] (heterozygous),"Canton, Taiwan-Hakka, Gifu-like, Agrigento-like/Kaiping, Anant, Dhon, Sapporo-like, Wosera",*02:01/*11:01,*07:02/*15:01,rs12979860 reference (C)/rs12979860 variant (T),Reference,*1/*6,Reference/Reference,*15/*37,*1/*1,*1/*80+*28,rs9923231 variant (T)/rs9923231 variant (T),1900498093C,E-B19687177022,E-B19687177022,*1/*1,"GT(rs72554665),GA(rs72554664)",*10/*10,AA(rs9923231),*1/*1,.,GA(rs671),*4/*5,TC(rs4149056),.,*4/*4,.,.,.,*40:01/*51:01,GA(rs12979860),*1/*1,*1/*1,*1/*1,*1/*28,*3/*3,.,.,.,*24:02/*31:01,*1/*1,CA(rs2231142)
1900619158C,rs2231142 reference (G)/rs2231142 reference (G),Reference/Reference,Reference/Reference,*1/*1,*1/*38,*1/*3,*10/*36 + *10,*1/*1,*3/*3,*1/*4,[c.1627A>G (*5) + c.1896T>C] (heterozygous),B (reference)/B (reference),*02:01/*11:01,*07:02/*15:01,rs12979860 reference (C)/rs12979860 reference (C),Reference,,Reference/Reference,*1/*37,*1/*1,*1/*1,rs9923231 variant (T)/rs9923231 variant (T),1900619158C,E-B19237646699,E-B19237646699,*1/*1,.,*10/*10,AA(rs9923231),*1/*3,GA(rs2108622),GA(rs671),*4/*6,.,.,*4/*4,.,.,.,*27:125/*51:02,.,*1/*1,*1/*3,*1/*1,*1/*1,*3/*3,GA(rs1803274),.,.,*02:06/*24:02,*1/*1,.
1900611405C,rs2231142 reference (G)/rs2231142 reference (G),Reference/Reference,Reference/Reference,*1/*1,*1/*1,*1/*1,*10/*36 + *10,*1/*1,*1/*3,*3/*17,Reference/Reference,B (reference)/B (reference),*02:01/*11:01,*07:02/*15:01,rs12979860 reference (C)/rs12979860 reference (C),Reference,*1/*1,Reference/Reference,*1/*15,*1/*1,*1/*1,rs9923231 variant (T)/rs9923231 variant (T),1900611405C,E-B19706552859,E-B19706552859,*1/*1,.,*1/*10,AA(rs9923231),*1/*1,GA(rs2108622),.,*4/*4,TC(rs4149056),.,*4/*4,.,.,.,*38:02/*51:01,.,*1/*1,*1/*1,*1/*1,*1/*1,*1/*3,.,.,.,*02:03/*24:02,*1/*1,.
1900489708C,rs2231142 reference (G)/rs2231142 variant (T),Reference/Reference,Reference/Reference,*1/*1,*1/*1,*1/*1,*10/*36 + *10,*1/*1,*3/*3,*4/*17,Reference/Reference,B (reference)/B (reference),*02:01/*11:01,*07:02/*15:01,rs12979860 reference (C)/rs12979860 reference (C),Reference,*1/*1,Reference/Reference,*1/*15,*1/*1,*1/*80+*28,rs9923231 variant (T)/rs9923231 variant (T),1900489708C,E-B19423277756,E-B19423277756,*1/*1,.,*10/*10,AA(rs9923231),*1/*1,GA(rs2108622),GA(rs671),*4/*6,TC(rs4149056),.,*4/*4,.,.,.,*46:01/*54:01,.,*1/*1,*1/*1,*1/*1,*1/*28,*3/*3,.,.,.,*02:07/*31:01,*1/*1,CA(rs2231142)
1900617686C,rs2231142 reference (G)/rs2231142 reference (G),Reference/Reference,Reference/Reference,*1/*1,*1/*1,*1/*1,*10/*36 + *10,*1/*1,*1/*3,*1/*17,c.1627A>G (*5) (heterozygous),B (reference)/B (reference),*02:01/*11:01,*07:02/*15:01,rs12979860 reference (C)/rs12979860 reference (C),Reference,*1/*1,c.5317C>T (heterozygous),*1/*37,*1/*1,*1/*1,rs9923231 reference (C)/rs9923231 variant (T),1900617686C,E-B19816166415,E-B19816166415,*1/*1,.,*1/*14,GA(rs9923231),*1/*1,.,.,*4/*6,.,.,*4/*4,.,.,.,*48:01/*54:01,.,*1/*1,*1/*1,*1/*1,*1/*1,*1/*3,.,.,.,*02:01/*02:01,*1/*1,.
1900499823C,rs2231142 reference (G)/rs2231142 variant (T),Reference/Reference,Reference/Reference,*1/*1,*1/*2,*1/*1,*10/*36 + *10,*1/*18,*1/*1,*1/*1,Reference/Reference,B (reference)/B (reference),*02:01/*11:01,*07:02/*15:01,rs12979860 reference (C)/rs12979860 reference (C),Reference,*1/*1,Reference/Reference,*15/*37,*1/*1,*1/*80+*28,rs9923231 variant (T)/rs9923231 variant (T),1900499823C,E-B19324784368,E-B19324784368,*1/*2,.,*1/*1,AA(rs9923231),*1/*1,.,GA(rs671),*6/*6,TC(rs4149056),.,*4/*4,.,.,.,*52:01/*54:01,.,*1/*1,*1/*1,*1/*1,*1/*28,*1/*1,.,.,.,*01:01/*24:03,*1/*1,CA(rs2231142)
1900488764C,rs2231142 reference (G)/rs2231142 reference (G),Reference/Reference,Reference/Reference,*1/*1,*1/*1,*1/*1,*10/*36 + *10,*1/*1,*3/*3,*1/*1,c.1627A>G (*5) (heterozygous),B (reference)/B (reference),*02:01/*11:01,*07:02/*15:01,rs12979860 reference (C)/rs12979860 reference (C),Reference,*1/*2,Reference/Reference,*1/*15,*1/*1,*1/*1,rs9923231 variant (T)/rs9923231 variant (T),1900488764C,E-B19126918739,E-B19126918739,*1/*1,.,*10/*10,AA(rs9923231),*1/*1,.,GA(rs671),*4/*4,TC(rs4149056),.,*4/*4,.,.,.,*35:03/*38:02,.,*1/*1,*1/*2,*1/*1,*1/*1,*3/*3,.,.,.,*02:03/*03:01,*1/*1,.
1900581598C,rs2231142 reference (G)/rs2231142 reference (G),Reference/Reference,Reference/Reference,*1/*1,*1/*2,*1/*1,*10/*36 + *10,*1/*1,*3/*3,*1/*17,c.1627A>G (*5)/c.1896T>C,B (reference)/B (reference),*02:01/*11:01,*07:02/*15:01,rs12979860 reference (C)/rs12979860 reference (C),Reference,*1/*1,Reference/Reference,*15/*15,*1/*1,*1/*1,rs9923231 variant (T)/rs9923231 variant (T),1900581598C,E-B19583495623,E-B19583495623,*1/*2,.,*1/*10,AA(rs9923231),*1/*1,.,.,*4/*6,CC(rs4149056),.,*4/*4,.,.,.,*13:02/*40:01,.,*1/*1,*1/*1,*1/*1,*1/*1,*3/*3,GA(rs1803274),.,.,*26:01/*30:01,*1/*1,.
1900618715C,rs2231142 reference (G)/rs2231142 variant (T),Reference/Reference,Reference/Reference,*1/*2,*1/*1,*1/*1,*10/*36 + *10,*1/*1,*1/*3,*1/*4,c.1627A>G (*5) (heterozygous),B (reference)/B (reference),*02:01/*11:01,*07:02/*15:01,rs12979860 reference (C)/rs12979860 reference (C),Reference,*1/*1,Reference/Reference,*37/*37,*1/*1,*1/*1,rs9923231 variant (T)/rs9923231 variant (T),1900618715C,E-B19500959754,E-B19500959754,*1/*1,.,*1/*10,AA(rs9923231),*1/*1,GA(rs2108622),GA(rs671),*6/*7,.,.,*4/*4,.,.,.,*55:02/*58:01,.,*1/*1,*1/*1,*1/*1,*1/*1,*1/*3,.,.,.,*24:02/*26:01,*1/*1,CA(rs2231142)
1900488746C,rs2231142 reference (G)/rs2231142 variant (T),Reference/Reference,Reference/Reference,*1/*6,*1/*1,*1/*1,*10/*36 + *10,*1/*1,*3/*3,*3/*17,c.1627A>G (*5) (heterozygous),B (reference)/B (reference),*02:01/*11:01,*07:02/*15:01,rs12979860 reference (C)/rs12979860 reference (C),Reference,*1/*1,Reference/Reference,*1/*37,*1/*1,*1/*80+*28,rs9923231 variant (T)/rs9923231 variant (T),1900488746C,E-B19773573511,E-B19773573511,*1/*1,.,*10/*10,AA(rs9923231),*1/*1,GA(rs2108622),GA(rs671),*4/*4,.,.,*4/*4,.,.,.,*13:02/*40:01,.,*1/*1,*1/*1,*1/*1,*1/*28,*3/*3,.,.,.,*11:01/*11:01,*1/*6,CA(rs2231142)
1900581294C,rs2231142 reference (G)/rs2231142 reference (G),Reference/Reference,Reference/Reference,*1/*9,*1/*2,*1/*1,*10/*36 + *10,*1/*1,*1/*3,*1/*17,Reference/Reference,B (reference)/B (reference),*02:01/*11:01,*07:02/*15:01,rs12979860 reference (C)/rs12979860 reference (C),Reference,*1/*1,Reference/Reference,*1/*1,*1/*1,*1/*1,rs9923231 variant (T)/rs9923231 variant (T),1900581294C,E-B19881774036,E-B19881774036,*1/*2,.,*10/*10,AA(rs9923231),*1/*1,.,.,*4/*6,.,.,*4/*4,.,.,.,*15:05/*46:01,.,*1/*1,*1/*1,*1/*1,*1/*1,*1/*3,.,.,.,*02:07/*11:01,*1/*9,.
1900611595C,rs2231142 reference (G)/rs2231142 reference (G),Reference/Reference,Reference/Reference,*6/*48,*1/*2,*1/*1,*10/*36 + *10,*1/*1,*1/*3,*1/*17,[c.1627A>G (*5) + c.1896T>C]/[c.85T>C (*9A) + c.496A>G + c.1627A>G (*5)],B (reference)/B (reference),*02:01/*11:01,*07:02/*15:01,rs12979860 reference (C)/rs12979860 reference (C),Reference,*1/*1,Reference/Reference,*37/*37,*1/*1,*1/*1,rs9923231 variant (T)/rs9923231 variant (T),1900611595C,E-B19951780605,E-B19951780605,*1/*2,.,*1/*10,AA(rs9923231),*1/*1,.,.,*4/*4,.,.,*4/*4,.,.,.,*40:01/*51:01,.,*1/*1,*1/*1,*1/*1,*1/*1,*1/*3,.,.,.,*11:01/*24:02,*1/*9,.
1900495837C,rs2231142 reference (G)/rs2231142 variant (T),Reference/Reference,Reference/Reference,*1/*6,*1/*1,*1/*1,*10/*36 + *10,*1/*1,*1/*3,*1/*8,[c.85T>C (*9A) + c.496A>G + c.1896T>C] (heterozygous),B (reference)/B (reference),*02:01/*11:01,*07:02/*15:01,rs12979860 reference (C)/rs12979860 reference (C),Reference,*1/*5,Reference/Reference,*1/*37,*1/*1,*1/*80+*28,rs9923231 reference (C)/rs9923231 reference (C),1900495837C,E-B19367011555,E-B19367011555,*1/*1,.,*1/*10,.,*1/*1,.,GA(rs671),*4/*4,.,.,*4/*4,.,.,.,*56:01/*58:01,.,*1/*1,*1/*1,*1/*1,*1/*28,*1/*3,.,.,.,*24:02/*33:03,*1/*6,CA(rs2231142)
1900617683C,rs2231142 reference (G)/rs2231142 variant (T),Reference/Reference,Reference/Reference,*1/*6,*1/*2,*1/*1,*10/*36 + *10,*1/*1,*1/*1,*1/*17,c.1627A>G (*5)/[c.1627A>G (*5) + c.1896T>C],B (reference)/B (reference),*02:01/*11:01,*07:02/*15:01,rs12979860 reference (C)/rs12979860 reference (C),Reference,*1/*1,Reference/Reference,*1/*37,*1/*1,*1/*1,rs9923231 variant (T)/rs9923231 variant (T),1900617683C,E-B19501370920,E-B19501370920,*1/*2,.,*10/*10,AA(rs9923231),*1/*1,.,GA(rs671),*7/*7,.,.,*4/*4,.,.,.,*48:03/*51:01,.,*1/*1,*1/*1,*1/*1,*1/*1,*1/*1,.,.,.,*24:02/*24:02,*1/*6,CA(rs2231142)
1900646116C,rs2231142 reference (G)/rs2231142 reference (G),Reference/Reference,Reference/Reference,*1/*6,*1/*17,*1/*1,*10/*36 + *10,*1/*1,*3/*3,*3/*17,c.1627A>G (*5)/c.1627A>G (*5),B (reference)/B (reference),*02:01/*11:01,*07:02/*15:01,rs12979860 reference (C)/rs12979860 reference (C),Reference,*1/*1,Reference/Reference,*37/*37,*1/*3C,*1/*6,rs9923231 variant (T)/rs9923231 variant (T),1900646116C,E-B19618109512,E-B19618109512,*1/*17,.,*1/*10,AA(rs9923231),*1/*1,GA(rs2108622),.,*5/*7,.,.,*4/*4,.,.,.,*40:01/*40:01,.,*1/*3C,*1/*1,*1/*1,*1/*6,*3/*3,.,.,.,*02:01/*11:01,*1/*6,.
1900646117C,rs2231142 reference (G)/rs2231142 reference (G),Reference/Reference,Reference/Reference,*1/*6,*1/*2,*1/*1,*10/*36 + *10,*1/*1,*1/*3,*4/*17,Reference/Reference,B (reference)/B (reference),*02:01/*11:01,*07:02/*15:01,rs12979860 reference (C)/rs12979860 reference (C),Reference,*1/*6,Reference/Reference,*1/*37,*1/*1,*1/*1,rs9923231 variant (T)/rs9923231 variant (T),1900646117C,E-B19946849036,E-B19946849036,*1/*2,.,*1/*10,AA(rs9923231),*1/*1,GA(rs2108622),GA(rs671),*6/*6,.,.,*4/*4,.,.,.,*35:05/*57:01,.,*1/*1,*1/*1,*1/*1,*1/*1,*1/*3,.,.,.,*01:01/*24:02,*1/*6,.
1900611389C,rs2231142 variant (T)/rs2231142 variant (T),Reference/Reference,Reference/Reference,*1/*1,*1/*2,*1/*1,*10/*36 + *10,*1/*1,*3/*3,*1/*17,c.1627A>G (*5) (heterozygous),B (reference)/B (reference),*02:01/*11:01,*07:02/*15:01,rs12979860 reference (C)/rs12979860 variant (T),Reference,,Reference/Reference,*1/*37,*1/*1,*1/*6,rs9923231 variant (T)/rs9923231 variant (T),1900611389C,E-B19445300686,E-B19445300686,*1/*2,.,*1/*1,AA(rs9923231),*1/*1,.,.,*4/*4,.,.,*4/*4,.,.,.,*35:08/*54:01,GA(rs12979860),*1/*1,*1/*3,*1/*1,*1/*6,*3/*3,.,.,.,*11:01/*11:01,*1/*1,AA(rs2231142)
1900492561C,rs2231142 reference (G)/rs2231142 reference (G),Reference/Reference,Reference/Reference,*1/*1,*1/*2,*1/*1,*10/*36 + *10,*1/*1,*1/*3,*1/*17,Reference/Reference,B (reference)/B (reference),*02:01/*11:01,*07:02/*15:01,rs12979860 reference (C)/rs12979860 reference (C),Reference,*1/*1,Reference/Reference,*37/*37,*1/*1,*1/*6,rs9923231 variant (T)/rs9923231 variant (T),1900492561C,E-B19202079088,E-B19202079088,*1/*2,.,*1/*10,AA(rs9923231),*1/*1,.,.,*4/*4,.,.,*4/*4,.,.,.,*13:01/*52:01,.,*1/*1,*1/*1,*1/*1,*1/*6,*1/*3,.,.,.,*02:03/*11:01,*1/*1,.
1900618160C,rs2231142 reference (G)/rs2231142 variant (T),Reference/Reference,Reference/Reference,*1/*1,*1/*1,*1/*1,*10/*36 + *10,*1/*1,*3/*3,*1/*1,c.1627A>G (*5)/c.1627A>G (*5),B (reference)/B (reference),*02:01/*11:01,*07:02/*15:01,rs12979860 reference (C)/rs12979860 variant (T),Reference,*1/*1,Reference/Reference,*37/*37,*1/*1,*1/*1,rs9923231 variant (T)/rs9923231 variant (T),1900618160C,E-B19464205334,E-B19464205334,*1/*1,.,*1/*10,AA(rs9923231),*1/*1,.,.,*4/*4,.,.,*4/*4,.,.,.,*15:02/*58:01,GA(rs12979860),*1/*1,*1/*1,*1/*1,*1/*1,*3/*3,.,.,.,*11:01/*29:01,*1/*1,CA(rs2231142)
1900618784C,rs2231142 reference (G)/rs2231142 variant (T),Reference/Reference,Reference/Reference,*1/*1,*1/*3,*1/*1,*10/*36 + *10,*1/*1,*1/*3,Unknown/Unknown,c.1627A>G (*5) (heterozygous),B (reference)/B (reference),*02:01/*11:01,*07:02/*15:01,rs12979860 reference (C)/rs12979860 reference (C),Reference,*1/*2,Reference/Reference,*1/*37,*1/*1,*1/*1,rs9923231 variant (T)/rs9923231 variant (T),1900618784C,E-B19534631716,E-B19534631716,*1/*3,.,*1/*10,AA(rs9923231),*1/*1,GA(rs2108622),AA(rs671),*4/*4,.,.,*4/*4,.,.,.,*39:01/*40:01,.,*1/*1,*1/*2,*1/*1,*1/*1,*1/*3,.,.,.,*02:01/*11:02,*1/*1,CA(rs2231142)
1900499395C,rs2231142 reference (G)/rs2231142 variant (T),Reference/Reference,Reference/Reference,*1/*4,*1/*2,*1/*1,*10/*36 + *10,*1/*1,*3/*3,*1/*17,c.85T>C (*9A) (heterozygous),B (reference)/B (reference),*02:01/*11:01,*07:02/*15:01,rs12979860 reference (C)/rs12979860 reference (C),Reference,,c.5317C>T (heterozygous),*1/*37,*1/*1,*6/*80+*28,rs9923231 variant (T)/rs9923231 variant (T),1900499395C,E-B19122240059,E-B19122240059,*1/*2,.,*1/*10,AA(rs9923231),*1/*1,.,.,*7/*7,.,.,*4/*4,.,.,.,*07:02/*40:02,.,*1/*1,*1/*3,*1/*1,*6/*28,*3/*3,.,.,.,*11:01/*31:01,*1/*4,CA(rs2231142)
1900496804C,rs2231142 reference (G)/rs2231142 variant (T),Reference/Reference,Reference/Reference,*1/*1,*1/*1,*1/*1,*10/*36 + *10,*1/*1,*3/*3,*1/*3,Reference/Reference,B (reference)/B (reference),*02:01/*11:01,*07:02/*15:01,rs12979860 reference (C)/rs12979860 reference (C),Reference,,Reference/Reference,*1/*37,*1/*1,Unknown/Unknown,rs9923231 reference (C)/rs9923231 variant (T),1900496804C,E-B19648189911,E-B19648189911,*1/*1,.,*1/*10,GA(rs9923231),*1/*1,GA(rs2108622),GA(rs671),*4/*6,.,.,*4/*4,.,.,.,*15:01/*38:02,.,*1/*1,*1/*3,*1/*1,*6/*28,*3/*3,.,.,.,*02:03/*33:03,*1/*1,CA(rs2231142)
1900581241C,rs2231142 reference (G)/rs2231142 reference (G),Reference/Reference,Reference/Reference,*1/*6,*1/*3,*1/*1,*10/*36 + *10,*1/*1,*1/*3,*1/*17,c.1627A>G (*5)/c.1627A>G (*5),B (reference)/B (reference),*02:01/*11:01,*07:02/*15:01,rs12979860 reference (C)/rs12979860 reference (C),Reference,*1/*1,Reference/Reference,*1/*37,*1/*1,*1/*1,rs9923231 variant (T)/rs9923231 variant (T),1900581241C,E-B19463303627,E-B19463303627,*1/*3,.,*1/*1,AA(rs9923231),*1/*1,.,.,*4/*7,.,.,*4/*4,.,.,.,*15:02/*54:01,.,*1/*1,*1/*1,*1/*1,*1/*1,*1/*3,.,.,.,*11:01/*26:01,*1/*6,.
1900492544C,rs2231142 reference (G)/rs2231142 reference (G),Reference/Reference,Reference/Reference,*1/*2,*2/*3,*1/*1,*10/*36 + *10,*1/*1,*1/*1,*3/*17,Reference/Reference,Chinese-5/Chinese-5,*02:01/*11:01,*07:02/*15:01,rs12979860 variant (T)/rs12979860 variant (T),Reference,*1/*1,Reference/Reference,*37/*37,*1/*1,*1/*1,rs9923231 variant (T)/rs9923231 variant (T),1900492544C,E-B19784369295,E-B19784369295,*2/*3,TT(rs137852342),*1/*10,AA(rs9923231),*1/*1,GA(rs2108622),.,*4/*6,.,.,*4/*4,.,.,.,*15:02/*55:02,AA(rs12979860),*1/*1,*1/*1,*1/*1,*1/*1,*1/*1,.,.,.,*02:03/*02:07,*1/*1,.
1900488785C,rs2231142 reference (G)/rs2231142 reference (G),Reference/Reference,Reference/Reference,*1/*4,*1/*1,*1/*1,*10/*36 + *10,*1/*1,*3/*3,*1/*1,Reference/Reference,B (reference)/B (reference),*02:01/*11:01,*07:02/*15:01,rs12979860 reference (C)/rs12979860 reference (C),Reference,*1/*1,Reference/Reference,*1/*1,*1/*1,*1/*1,rs9923231 variant (T)/rs9923231 variant (T),1900488785C,E-B19919290919,E-B19919290919,*1/*1,.,*1/*10,AA(rs9923231),*1/*1,.,GA(rs671),*4/*4,.,.,*4/*4,.,.,.,*27:04/*35:03,.,*1/*1,*1/*1,*1/*1,*1/*1,*3/*3,.,.,.,*03:01/*11:02,*1/*4,.
1900646133C,rs2231142 reference (G)/rs2231142 variant (T),Reference/Reference,Reference/Reference,*1/*2,*1/*1,*1/*1,*10/*36 + *10,*1/*1,*3/*3,*1/*1,c.1896T>C (heterozygous),"B (reference)/Kaiping, Anant, Dhon, Sapporo-like, Wosera",*02:01/*11:01,*07:02/*15:01,rs12979860 reference (C)/rs12979860 reference (C),Reference,*1/*1,Reference/Reference,*1/*37,*1/*1,*1/*80+*28,rs9923231 reference (C)/rs9923231 variant (T),1900646133C,E-B19794108011,E-B19794108011,*1/*1,GA(rs72554664),*1/*10,GA(rs9923231),*1/*1,.,GA(rs671),*4/*6,.,.,*4/*4,.,.,.,*15:58/*40:01,.,*1/*1,*1/*1,*1/*1,*1/*28,*3/*3,.,.,.,*02:01/*24:02,*1/*1,CA(rs2231142)
1900646130C,rs2231142 reference (G)/rs2231142 reference (G),Reference/Reference,Reference/Reference,*6/*6,*1/*1,*1/*1,*10/*36 + *10,*1/*1,*3/*3,*1/*4,c.1627A>G (*5) (heterozygous),B (reference)/B (reference),*02:01/*11:01,*07:02/*15:01,rs12979860 reference (C)/rs12979860 reference (C),Reference,*1/*1,Reference/Reference,*37/*37,*1/*1,*1/*6,rs9923231 reference (C)/rs9923231 variant (T),1900646130C,E-B19170565007,E-B19170565007,*1/*1,.,*10/*10,GA(rs9923231),*1/*1,GA(rs2108622),.,*4/*6,.,.,*4/*4,.,.,.,*15:27/*58:01,.,*1/*1,*1/*1,*1/*1,*1/*6,*3/*3,.,.,.,*02:06/*33:03,*6/*6,.
1900619123C,rs2231142 reference (G)/rs2231142 reference (G),Reference/Reference,Reference/Reference,,*1/*1,*1/*1,*10/*36 + *10,*1/*1,*3/*3,*1/*17,[c.1627A>G (*5) + c.1896T>C] (heterozygous),B (reference)/B (reference),*02:01/*11:01,*07:02/*15:01,rs12979860 reference (C)/rs12979860 variant (T),Reference,*1/*1,Reference/Reference,*37/*37,*1/*1,*1/*1,rs9923231 variant (T)/rs9923231 variant (T),1900619123C,E-B19332241108,E-B19332241108,*1/*1,.,*10/*10,AA(rs9923231),*1/*1,.,GA(rs671),*4/*7,.,.,*4/*4,.,.,.,*40:01/*46:01,GA(rs12979860),*1/*1,*1/*1,*1/*1,*1/*1,*3/*3,GA(rs1803274),.,.,*02:07/*11:01,*1/*6,.
1900611404C,rs2231142 reference (G)/rs2231142 variant (T),Reference/Reference,Reference/Reference,*1/*1,*1/*2,*1/*1,*10/*36 + *10,*1/*1,*3/*3,*1/*4,c.1627A>G (*5) (heterozygous),B (reference)/B (reference),*02:01/*11:01,*07:02/*15:01,rs12979860 reference (C)/rs12979860 reference (C),Reference,,Reference/Reference,*15/*37,*1/*1,*6/*6,rs9923231 reference (C)/rs9923231 variant (T),1900611404C,E-B19174832746,E-B19174832746,*1/*2,.,*10/*10,GA(rs9923231),*1/*1,GA(rs2108622),GA(rs671),*4/*4,TC(rs4149056),.,*4/*4,.,.,.,*38:02/*40:01,.,*1/*1,*1/*3,*1/*1,*6/*6,*3/*3,.,.,.,*02:03/*11:01,*1/*1,CA(rs2231142)
1900492564C,rs2231142 reference (G)/rs2231142 reference (G),Reference/Reference,Reference/Reference,*1/*1,*1/*38,*1/*3,*10/*36 + *10,*1/*1,*3/*3,*1/*1,Reference/Reference,B (reference)/B (reference),*02:01/*11:01,*07:02/*15:01,rs12979860 reference (C)/rs12979860 reference (C),Reference,*1/*1,Reference/Reference,*1/*37,*1/*1,*1/*6,rs9923231 variant (T)/rs9923231 variant (T),1900492564C,E-B19916648968,E-B19916648968,*1/*1,.,*1/*10,AA(rs9923231),*1/*3,.,.,*4/*4,.,.,*4/*4,.,.,GG(rs267606617),*15:01/*57:01,.,*1/*1,*1/*1,*1/*1,*1/*6,*3/*3,.,.,.,*01:01/*24:02,*1/*1,.
1900619134C,rs2231142 reference (G)/rs2231142 variant (T),Reference/Reference,Reference/Reference,*1/*2,*1/*3,*1/*1,*10/*36 + *10,*1/*1,*1/*3,*1/*1,c.1627A>G (*5) (heterozygous),B (reference)/B (reference),*02:01/*11:01,*07:02/*15:01,rs12979860 reference (C)/rs12979860 reference (C),Reference,*1/*2,Reference/Reference,*1/*37,*1/*1,*1/*1,rs9923231 variant (T)/rs9923231 variant (T),1900619134C,E-B19795861951,E-B19795861951,*1/*3,.,*1/*10,AA(rs9923231),*1/*1,.,.,*4/*7,.,.,*4/*4,.,.,.,*15:18/*46:01,.,*1/*1,*1/*2,*1/*1,*1/*1,*1/*3,GA(rs1803274),.,.,*02:07/*11:01,*1/*1,CA(rs2231142)
1900649720C,rs2231142 reference (G)/rs2231142 variant (T),Reference/Reference,Reference/Reference,*1/*4,*1/*1,*1/*1,*10/*36 + *10,*1/*1,*3/*3,*1/*17,c.85T>C (*9A) (heterozygous),"B (reference)/Canton, Taiwan-Hakka, Gifu-like, Agrigento-like",*02:01/*11:01,*07:02/*15:01,rs12979860 reference (C)/rs12979860 variant (T),Reference,*1/*1,Reference/Reference,*1/*37,*1/*1,*1/*80+*28,rs9923231 variant (T)/rs9923231 variant (T),1900649720C,E-B19788227638,E-B19788227638,*1/*1,GT(rs72554665),*1/*10,AA(rs9923231),*1/*1,.,.,*4/*4,.,.,*4/*4,.,.,.,*13:02/*27:04,GA(rs12979860),*1/*1,*1/*1,*1/*1,*1/*28,*3/*3,.,.,.,*11:01/*11:02,*1/*4,CA(rs2231142)
1900581572C,rs2231142 reference (G)/rs2231142 reference (G),Reference/Reference,Reference/Reference,*4/*6,*1/*17,*1/*1,*10/*36 + *10,*1/*1,*3/*3,*1/*1,Reference/Reference,B (reference)/B (reference),*02:01/*11:01,*07:02/*15:01,rs12979860 reference (C)/rs12979860 variant (T),Reference,*1/*5,Reference/Reference,*15/*37,*1/*1,*1/*1,rs9923231 variant (T)/rs9923231 variant (T),1900581572C,E-B19306683354,E-B19306683354,*1/*17,.,*1/*1,AA(rs9923231),*1/*1,.,.,*6/*6,TC(rs4149056),.,*4/*4,.,.,.,*57:01/*58:01,GA(rs12979860),*1/*1,*1/*1,*1/*1,*1/*1,*3/*3,.,.,.,*01:01/*33:03,*4/*6,.
1900492514C,rs2231142 reference (G)/rs2231142 reference (G),Reference/Reference,Reference/Reference,*4/*43,*2/*2,*1/*1,*10/*36 + *10,*1/*1,*1/*3,*1/*17,Reference/Reference,B (reference)/B (reference),*02:01/*11:01,*07:02/*15:01,rs12979860 reference (C)/rs12979860 reference (C),Reference,*1/*1,Reference/Reference,*37/*37,*1/*1,*6/*6,rs9923231 variant (T)/rs9923231 variant (T),1900492514C,E-B19838671047,E-B19838671047,*2/*2,.,*1/*1,AA(rs9923231),*1/*1,.,.,*4/*4,.,.,*4/*4,.,.,.,*07:02/*13:02,.,*1/*1,*1/*1,*1/*1,*6/*6,*1/*3,.,.,.,*24:02/*30:01,*4/*6,.
1900649798C,rs2231142 reference (G)/rs2231142 reference (G),Reference/Reference,Reference/Reference,*1/*1,*1/*2,*1/*1,*10/*36 + *10,*1/*1,*3/*3,*1/*1,c.1896T>C (heterozygous),B (reference)/B (reference),*02:01/*11:01,*07:02/*15:01,rs12979860 reference (C)/rs12979860 reference (C),Reference,*1/*6,Reference/Reference,*15/*37,*1/*1,*1/*6,rs9923231 variant (T)/rs9923231 variant (T),1900649798C,E-B19113871202,E-B19113871202,*1/*2,.,*1/*1,AA(rs9923231),*1/*1,.,.,*4/*6,TC(rs4149056),.,*4/*4,.,.,.,*35:03/*44:03,.,*1/*1,*1/*1,*1/*1,*1/*6,*3/*3,GA(rs1803274),.,.,*32:01/*33:03,*1/*1,.
1900646120C,rs2231142 reference (G)/rs2231142 variant (T),Reference/Reference,Reference/Reference,*1/*9,*2/*2,*1/*1,*10/*36 + *10,*1/*1,*1/*3,*1/*17,c.1627A>G (*5) (heterozygous),B (reference)/B (reference),*02:01/*11:01,*07:02/*15:01,rs12979860 reference (C)/rs12979860 reference (C),Reference,*1/*1,Reference/Reference,*1/*37,*1/*1,*1/*1,rs9923231 reference (C)/rs9923231 variant (T),1900646120C,E-B19805874299,E-B19805874299,*2/*2,.,*1/*10,GA(rs9923231),*1/*1,.,GA(rs671),*4/*4,.,.,*4/*4,.,.,.,*46:01/*51:01,.,*1/*1,*1/*1,*1/*1,*1/*1,*1/*3,.,.,.,*11:01/*31:01,*1/*9,CA(rs2231142)
1900578690C,rs2231142 reference (G)/rs2231142 reference (G),Reference/Reference,Reference/Reference,*1/*6,*1/*2,*1/*1,*10/*36 + *10,*1/*1,*1/*1,*1/*17,c.1627A>G (*5)/[c.85T>C (*9A) + c.1896T>C],B (reference)/B (reference),*02:01/*11:01,*07:02/*15:01,rs12979860 reference (C)/rs12979860 reference (C),Reference,*1/*1,Reference/Reference,*37/*37,*1/*1,*1/*1,rs9923231 reference (C)/rs9923231 variant (T),1900578690C,E-B19238932611,E-B19238932611,*1/*2,.,*1/*1,GA(rs9923231),*1/*1,.,.,*7/*7,.,.,*4/*4,.,.,.,*15:02/*51:01,.,*1/*1,*1/*1,*1/*1,*1/*1,*1/*1,.,.,.,*24:02/*24:02,*1/*6,.
1900499376C,rs2231142 reference (G)/rs2231142 reference (G),Reference/Reference,Reference/Reference,,*1/*1,*1/*1,*10/*36 + *10,*1/*1,*3/*3,*3/*17,,B (reference)/B (reference),*02:01/*11:01,*07:02/*15:01,rs12979860 reference (C)/rs12979860 reference (C),Reference,*1/*1,Reference/Reference,*1/*37,*1/*1,*1/*6,rs9923231 variant (T)/rs9923231 variant (T),1900499376C,E-B19989099326,E-B19989099326,*1/*1,.,*1/*10,AA(rs9923231),*1/*1,GA(rs2108622),.,*4/*4,.,.,*4/*4,.,.,.,*13:02/*58:01,.,*1/*1,*1/*1,*1/*1,*1/*6,*3/*3,.,.,.,*30:01/*33:03,*1/*9,.
1900611406C,rs2231142 reference (G)/rs2231142 variant (T),Reference/Reference,Reference/Reference,*1/*1,*2/*2,*1/*1,*10/*36 + *10,*1/*1,*1/*3,*1/*17,[c.85T>C (*9A) + c.1627A>G (*5)] (heterozygous),B (reference)/B (reference),*02:01/*11:01,*07:02/*15:01,rs12979860 reference (C)/rs12979860 reference (C),Reference,*1/*1,Reference/Reference,*1/*37,*1/*1,*1/*80+*28,rs9923231 variant (T)/rs9923231 variant (T),1900611406C,E-B19625290185,E-B19625290185,*2/*2,.,*10/*10,AA(rs9923231),*1/*1,.,.,*4/*4,.,.,*4/*4,.,.,.,*46:01/*58:01,.,*1/*1,*1/*1,*1/*1,*1/*28,*1/*3,.,.,.,*02:07/*33:03,*1/*1,CA(rs2231142)
1900494753C,rs2231142 reference (G)/rs2231142 reference (G),Reference/Reference,Reference/Reference,*1/*1,*1/*1,*1/*1,*10/*36 + *10,*1/*1,*1/*3,*1/*17,Reference/Reference,B (reference)/B (reference),*02:01/*11:01,*07:02/*15:01,rs12979860 reference (C)/rs12979860 reference (C),Reference,*1/*5,Reference/Reference,*37/*37,*1/*1,*1/*6,rs9923231 variant (T)/rs9923231 variant (T),1900494753C,E-B19270822304,E-B19270822304,*1/*1,.,*10/*10,AA(rs9923231),*1/*1,.,.,*4/*6,.,.,*4/*4,.,.,.,*46:01/*51:01,.,*1/*1,*1/*1,*1/*1,*1/*6,*1/*3,.,.,.,*02:07/*11:01,*1/*1,.
1900611492C,rs2231142 reference (G)/rs2231142 variant (T),Reference/Reference,Reference/Reference,*1/*1,*1/*2,*1/*1,*10/*36 + *10,*1/*1,*3/*3,*1/*1,[c.1627A>G (*5) + c.1896T>C] (heterozygous),B (reference)/B (reference),*02:01/*11:01,*07:02/*15:01,rs12979860 reference (C)/rs12979860 reference (C),Reference,*1/*1,Reference/Reference,*1/*37,*1/*1,*1/*80+*28,rs9923231 variant (T)/rs9923231 variant (T),1900611492C,E-B19757951078,E-B19757951078,*1/*2,.,*1/*10,AA(rs9923231),*1/*1,.,.,*4/*6,.,.,*4/*4,.,.,.,*38:02/*46:01,.,*1/*1,*1/*1,*1/*1,*1/*28,*3/*3,.,.,.,*02:03/*02:07,*1/*1,CA(rs2231142)
1900578843C,rs2231142 reference (G)/rs2231142 variant (T),Reference/Reference,Reference/Reference,*1/*4,*1/*2,*1/*1,*10/*36 + *10,*1/*1,*3/*3,*1/*1,c.1627A>G (*5)/c.1627A>G (*5),B (reference)/B (reference),*02:01/*11:01,*07:02/*15:01,rs12979860 reference (C)/rs12979860 reference (C),Reference,*1/*1,Reference/Reference,*15/*37,*1/*1,*1/*6,rs9923231 reference (C)/rs9923231 variant (T),1900578843C,E-B19277339334,E-B19277339334,*1/*2,.,*1/*1,GA(rs9923231),*1/*1,.,GA(rs671),*4/*4,TC(rs4149056),.,*4/*4,.,.,.,*51:01/*58:01,.,*1/*1,*1/*1,*1/*1,*1/*6,*3/*3,.,.,.,*24:02/*31:08,*1/*4,CA(rs2231142)
1900495809C,rs2231142 reference (G)/rs2231142 reference (G),Reference/Reference,Reference/Reference,*1/*1,*1/*2,*1/*1,*10/*36 + *10,*1/*1,*3/*3,*3/*3,c.1896T>C (heterozygous),B (reference)/B (reference),*02:01/*11:01,*07:02/*15:01,rs12979860 reference (C)/rs12979860 reference (C),Reference,*1/*1,c.5317C>T (heterozygous),*37/*37,*1/*1,*1/*6,rs9923231 reference (C)/rs9923231 variant (T),1900495809C,E-B19701388461,E-B19701388461,*1/*2,.,*10/*10,GA(rs9923231),*1/*1,AA(rs2108622),.,*4/*7,.,.,*4/*4,.,.,.,*07:02/*51:02,.,*1/*1,*1/*1,*1/*1,*1/*6,*3/*3,.,.,.,*24:02/*26:01,*1/*1,.
1900649761C,rs2231142 reference (G)/rs2231142 variant (T),Reference/Reference,Reference/Reference,*1/*1,*1/*2,*1/*1,*10/*36 + *10,*1/*1,*1/*1,*1/*3,c.1896T>C/[c.85T>C (*9A) + c.496A>G],B (reference)/B (reference),*02:01/*11:01,*07:02/*15:01,rs12979860 reference (C)/rs12979860 reference (C),Reference,*1/*2,Reference/Reference,*1/*37,*1/*1,*1/*6,rs9923231 reference (C)/rs9923231 variant (T),1900649761C,E-B19659276979,E-B19659276979,*1/*2,.,*1/*1,GA(rs9923231),*1/*1,GA(rs2108622),.,*6/*7,.,.,*4/*4,.,.,.,*15:01/*44:03,.,*1/*1,*1/*2,*1/*1,*1/*6,*1/*1,.,.,.,*02:01/*02:01,*1/*1,CA(rs2231142)
1900578835C,rs2231142 reference (G)/rs2231142 reference (G),Reference/Reference,Reference/Reference,*1/*6,*1/*2,*1/*1,*10/*36 + *10,*1/*1,*3/*3,*3/*17,c.1627A>G (*5)/c.1627A>G (*5),B (reference)/B (reference),*02:01/*11:01,*07:02/*15:01,rs12979860 reference (C)/rs12979860 reference (C),Reference,*1/*1,Reference/Reference,*1/*37,*1/*1,*1/*1,rs9923231 variant (T)/rs9923231 variant (T),1900578835C,E-B19553170084,E-B19553170084,*1/*2,.,*10/*10,AA(rs9923231),*1/*1,GA(rs2108622),.,*4/*7,.,.,*4/*4,.,.,.,*40:01/*51:02,.,*1/*1,*1/*1,*1/*1,*1/*1,*3/*3,GA(rs1803274),.,.,*02:06/*11:01,*1/*6,.
1900499340C,rs2231142 reference (G)/rs2231142 variant (T),Reference/Reference,Reference/Reference,*1/*1,*1/*2,*1/*1,*10/*36 + *10,*1/*1,*1/*3,*3/*17,c.1627A>G (*5) (heterozygous),B (reference)/B (reference),*02:01/*11:01,*07:02/*15:01,rs12979860 reference (C)/rs12979860 variant (T),Reference,*1/*6,Reference/Reference,*1/*37,*1/*1,*6/*80+*28,rs9923231 variant (T)/rs9923231 variant (T),1900499340C,E-B19660168089,E-B19660168089,*1/*2,.,*1/*10,AA(rs9923231),*1/*1,GA(rs2108622),GA(rs671),*6/*7,.,.,*4/*4,.,.,.,*15:02/*40:01,GA(rs12979860),*1/*1,*1/*1,*1/*1,*6/*28,*1/*3,GA(rs1803274),.,.,*11:01/*24:02,*1/*1,CA(rs2231142)
1900611717C,rs2231142 reference (G)/rs2231142 reference (G),Reference/Reference,Reference/Reference,*1/*1,*1/*2,*1/*1,*10/*36 + *10,*1/*1,*3/*3,*1/*3,Reference/Reference,B (reference)/B (reference),*02:01/*11:01,*07:02/*15:01,rs12979860 reference (C)/rs12979860 reference (C),Reference,,Reference/Reference,*15/*37,*1/*1,*1/*1,rs9923231 variant (T)/rs9923231 variant (T),1900611717C,E-B19423764210,E-B19423764210,*1/*2,.,*1/*10,AA(rs9923231),*1/*1,GA(rs2108622),.,*6/*7,TC(rs4149056),.,*4/*4,.,.,.,*15:11/*46:01,.,*1/*1,*1/*3,*1/*1,*1/*1,*3/*3,.,.,.,*02:07/*02:07,*1/*1,.
1900489746C,rs2231142 reference (G)/rs2231142 reference (G),Reference/Reference,Reference/Reference,*1/*2,*1/*2,*1/*1,*10/*36 + *10,*1/*1,*1/*3,*1/*17,c.1896T>C/c.1896T>C,B (reference)/B (reference),*02:01/*11:01,*07:02/*15:01,rs12979860 reference (C)/rs12979860 reference (C),Reference,*1/*2,Reference/Reference,*1/*37,*1/*1,*1/*6,rs9923231 variant (T)/rs9923231 variant (T),1900489746C,E-B19251387880,E-B19251387880,*1/*2,.,*10/*10,AA(rs9923231),*1/*1,.,.,*4/*4,.,.,*4/*4,.,.,GG(rs28358569),*40:06/*55:02,.,*1/*1,*1/*2,*1/*1,*1/*6,*1/*3,.,.,.,*11:01/*24:02,*1/*1,.
1900618719C,rs2231142 reference (G)/rs2231142 reference (G),Reference/Reference,Reference/Reference,*1/*6,*1/*3,*1/*43,*10/*36 + *10,*1/*1,*3/*3,*1/*17,Reference/Reference,"Canton, Taiwan-Hakka, Gifu-like, Agrigento-like/Gaohe",*02:01/*11:01,*07:02/*15:01,rs12979860 reference (C)/rs12979860 reference (C),Reference,*1/*1,Reference/Reference,*37/*37,*1/*1,*1/*6,rs9923231 reference (C)/rs9923231 variant (T),1900618719C,E-B19779045141,E-B19779045141,*1/*3,"AG(rs137852340),GT(rs72554665)",*10/*10,GA(rs9923231),*1/*43,.,.,*6/*7,.,.,*4/*4,.,.,.,*51:01/*58:01,.,*1/*1,*1/*1,*1/*1,*1/*6,*3/*3,GA(rs1803274),.,.,*02:07/*33:03,*1/*6,.
1900499090C,rs2231142 reference (G)/rs2231142 variant (T),Reference/Reference,Reference/Reference,*1/*1,*1/*2,*1/*1,*10/*36 + *10,*1/*1,*1/*9,*1/*3,Reference/Reference,B (reference)/B (reference),*02:01/*11:01,*07:02/*15:01,rs12979860 reference (C)/rs12979860 reference (C),Reference,*1/*5,Reference/Reference,*1/*37,*1/*1,*1/*1,rs9923231 variant (T)/rs9923231 variant (T),1900499090C,E-B19576089770,E-B19576089770,*1/*2,.,*1/*10,AA(rs9923231),*1/*1,GA(rs2108622),GA(rs671),*4/*4,.,.,*4/*4,.,.,.,*40:02/*51:01,.,*1/*1,*1/*1,*1/*1,*1/*1,*1/*1,.,.,.,*02:01/*11:01,*1/*1,CA(rs2231142)
1900618173C,rs2231142 reference (G)/rs2231142 variant (T),Reference/Reference,Reference/Reference,*4/*4,*1/*2,*1/*1,*10/*36 + *10,*1/*1,*1/*3,*4/*17,c.1627A>G (*5)/c.1896T>C,B (reference)/B (reference),*02:01/*11:01,*07:02/*15:01,rs12979860 reference (C)/rs12979860 reference (C),Reference,*1/*1,Reference/Reference,*37/*37,*1/*1,*1/*1,rs9923231 variant (T)/rs9923231 variant (T),1900618173C,E-B19231610722,E-B19231610722,*1/*2,.,*1/*10,AA(rs9923231),*1/*1,GA(rs2108622),AA(rs671),*6/*7,.,.,*4/*4,.,.,.,*38:02/*40:06,.,*1/*1,*1/*1,*1/*1,*1/*1,*1/*3,GA(rs1803274),.,.,*11:02/*24:02,*4/*4,CA(rs2231142)
1900649709C,rs2231142 reference (G)/rs2231142 variant (T),Reference/Reference,Reference/Reference,*1/*1,*1/*2,*1/*1,*10/*36 + *10,*1/*1,*3/*3,*4/*17,c.1627A>G (*5) (heterozygous),B (reference)/B (reference),*02:01/*11:01,*07:02/*15:01,rs12979860 reference (C)/rs12979860 reference (C),Reference,*1/*1,Reference/Reference,*1/*1,*1/*1,*1/*1,rs9923231 variant (T)/rs9923231 variant (T),1900649709C,E-B19495527060,E-B19495527060,*1/*2,.,*1/*14,AA(rs9923231),*1/*1,GA(rs2108622),.,*4/*6,.,.,*4/*4,.,.,.,*15:11/*54:01,.,*1/*1,*1/*1,*1/*1,*1/*1,*3/*3,.,.,.,*02:01/*11:01,*1/*1,CA(rs2231142)
1900611398C,rs2231142 reference (G)/rs2231142 variant (T),Reference/Reference,Reference/Reference,*1/*6,*1/*2,*1/*1,*10/*36 + *10,*1/*1,*1/*3,*3/*17,c.1896T>C/c.2194G>A (*6),B (reference)/B (reference),*02:01/*11:01,*07:02/*15:01,rs12979860 reference (C)/rs12979860 reference (C),Reference,*1/*1,Reference/Reference,*15/*37,*1/*1,*1/*80+*28,rs9923231 variant (T)/rs9923231 variant (T),1900611398C,E-B19496716997,E-B19496716997,*1/*2,.,*10/*10,AA(rs9923231),*1/*1,GA(rs2108622),.,*4/*4,TC(rs4149056),.,*4/*4,.,.,.,*13:01/*40:01,.,*1/*1,*1/*1,*1/*1,*1/*28,*1/*3,.,.,.,*11:01/*24:02,*1/*6,CA(rs2231142)
2901225415C,rs2231142 reference (G)/rs2231142 variant (T),Reference/Reference,Reference/Reference,*1/*9,*1/*2,*1/*1,*10/*36 + *10,*1/*1,*1/*3,*1/*17,c.1896T>C (heterozygous),B (reference)/B (reference),*02:01/*11:01,*07:02/*15:01,rs12979860 reference (C)/rs12979860 variant (T),Reference,,Reference/Reference,*37/*37,*1/*1,*1/*1,rs9923231 variant (T)/rs9923231 variant (T),2901225415C,E-B19349893315,E-B19349893315,*1/*2,.,*1/*10,AA(rs9923231),*1/*1,.,.,*6/*6,.,.,*4/*4,.,.,.,*40:01/*46:01,GA(rs12979860),*1/*1,*1/*3,*1/*1,*1/*1,*1/*3,.,.,.,*11:01/*11:01,*1/*9,CA(rs2231142)
1900618730C,rs2231142 reference (G)/rs2231142 reference (G),Reference/Reference,Reference/Reference,*1/*4,*2/*2,*1/*1,*10/*36 + *10,*1/*1,*3/*3,*1/*17,c.85T>C (*9A) (heterozygous),B (reference)/B (reference),*02:01/*11:01,*07:02/*15:01,rs12979860 reference (C)/rs12979860 reference (C),Reference,*1/*1,c.11266C>G (heterozygous),*1/*37,*1/*1,*1/*80+*28,rs9923231 variant (T)/rs9923231 variant (T),1900618730C,E-B19296245277,E-B19296245277,*2/*2,.,*1/*10,AA(rs9923231),*1/*1,.,.,*5/*7,.,.,*4/*4,.,.,.,*15:01/*51:01,.,*1/*1,*1/*1,*1/*1,*1/*28,*3/*3,.,.,.,*02:07/*11:01,*1/*4,.
1900649800C,rs2231142 reference (G)/rs2231142 reference (G),Reference/Reference,Reference/Reference,*1/*26,*1/*2,*1/*1,*10/*36 + *10,*1/*1,*1/*3,*1/*1,Reference/Reference,B (reference)/B (reference),*02:01/*11:01,*07:02/*15:01,rs12979860 reference (C)/rs12979860 reference (C),Reference,*1/*1,Reference/Reference,*15/*37,*1/*1,*1/*1,rs9923231 variant (T)/rs9923231 variant (T),1900649800C,E-B19405025155,E-B19405025155,*1/*2,.,*10/*10,AA(rs9923231),*1/*1,.,.,*4/*6,TC(rs4149056),.,*4/*4,.,.,.,*08:01/*44:02,.,*1/*1,*1/*1,*1/*1,*1/*1,*1/*3,.,.,.,*02:06/*24:02,*1/*26,.
1900617695C,rs2231142 reference (G)/rs2231142 variant (T),Reference/Reference,Reference/Reference,*6/*6,*1/*2,*1/*13,*10/*36 + *10,*1/*1,*3/*3,*4/*17,c.1627A>G (*5) (heterozygous),B (reference)/B (reference),*02:01/*11:01,*07:02/*15:01,rs12979860 reference (C)/rs12979860 reference (C),Reference,*1/*1,Reference/Reference,*37/*37,*1/*1,*1/*1,rs9923231 variant (T)/rs9923231 variant (T),1900617695C,E-B19290776263,E-B19290776263,*1/*2,.,*10/*10,AA(rs9923231),*1/*13,GA(rs2108622),GA(rs671),*4/*4,.,.,*4/*4,.,.,.,*38:02/*46:01,.,*1/*1,*1/*1,*1/*1,*1/*1,*3/*3,.,.,.,*02:01/*02:03,*6/*6,CA(rs2231142)
1900437034C,rs2231142 reference (G)/rs2231142 variant (T),Reference/Reference,Reference/Reference,*1/*6,*1/*1,*1/*1,*10/*36 + *10,*1/*1,*3/*3,Unknown/Unknown,c.1627A>G (*5) (heterozygous),B (reference)/B (reference),*02:01/*11:01,*07:02/*15:01,rs12979860 reference (C)/rs12979860 reference (C),Reference,,Reference/Reference,*1/*37,*1/*1,Unknown/Unknown,rs9923231 variant (T)/rs9923231 variant (T),1900437034C,E-B19703373354,E-B19703373354,*1/*1,.,*10/*10,AA(rs9923231),*1/*1,AA(rs2108622),.,*4/*4,.,.,*4/*4,.,.,.,*08:01/*46:01,.,*1/*1,*1/*3,*1/*1,*27/*28,*3/*3,GA(rs1803274),.,.,*01:01/*24:02,*1/*6,CA(rs2231142)
1900610803C,rs2231142 reference (G)/rs2231142 reference (G),Reference/Reference,Reference/Reference,*6/*6,*1/*3,*1/*2,*10/*36 + *10,*1/*1,*1/*1,Unknown/Unknown,c.1627A>G (*5) (heterozygous),B (reference)/B (reference),*02:01/*11:01,*07:02/*15:01,rs12979860 reference (C)/rs12979860 reference (C),Reference,*1/*1,Reference/Reference,*1/*37,*1/*1,*1/*1,rs9923231 reference (C)/rs9923231 variant (T),1900610803C,E-B19495020349,E-B19495020349,*1/*3,.,*1/*10,GA(rs9923231),*1/*2,AA(rs2108622),.,*4/*7,.,.,*4/*4,.,.,.,*15:11/*49:01,.,*1/*1,*1/*1,*1/*1,*1/*1,*1/*1,.,.,.,*02:01/*24:02,*6/*6,.
1900617647C,rs2231142 reference (G)/rs2231142 variant (T),Reference/Reference,Reference/Reference,*1/*1,*1/*1,*1/*1,*10/*36 + *10,*1/*1,*1/*1,*3/*17,c.496A>G (heterozygous),B (reference)/B (reference),*02:01/*11:01,*07:02/*15:01,rs12979860 reference (C)/rs12979860 reference (C),Reference,*1/*1,Reference/Reference,*1/*1,*1/*1,*1/*1,rs9923231 variant (T)/rs9923231 variant (T),1900617647C,E-B19762980749,E-B19762980749,*1/*1,.,*10/*10,AA(rs9923231),*1/*1,GA(rs2108622),GA(rs671),*4/*7,.,.,*4/*4,.,.,.,*40:01/*58:01,.,*1/*1,*1/*1,*1/*1,*1/*1,*1/*1,.,.,.,*02:07/*02:07,*1/*1,CA(rs2231142)
1900580084C,rs2231142 reference (G)/rs2231142 reference (G),Reference/Reference,Reference/Reference,*1/*1,*1/*2,*1/*33,*10/*36 + *10,*1/*1,*3/*3,*3/*17,Reference/Reference,B (reference)/B (reference),*02:01/*11:01,*07:02/*15:01,rs12979860 reference (C)/rs12979860 reference (C),Reference,*1/*1,Reference/Reference,*37/*37,*1/*3C,*1/*6,rs9923231 variant (T)/rs9923231 variant (T),1900580084C,E-B19494288156,E-B19494288156,*1/*2,.,*10/*10,AA(rs9923231),*1/*33,GA(rs2108622),GA(rs671),*4/*6,.,.,*4/*4,.,.,.,*35:01/*35:01,.,*1/*3C,*1/*1,*1/*1,*1/*6,*3/*3,.,.,.,*31:01/*32:01,*1/*1,.
1900429907C,rs2231142 reference (G)/rs2231142 variant (T),Reference/Reference,Reference/Reference,*1/*6,*1/*1,*1/*1,*10/*36 + *10,*1/*1,*1/*1,*1/*4,c.1627A>G (*5) (heterozygous),B (reference)/B (reference),*02:01/*11:01,*07:02/*15:01,rs12979860 reference (C)/rs12979860 reference (C),Reference,,Reference/Reference,*37/*37,*1/*1,*1/*6,rs9923231 variant (T)/rs9923231 variant (T),1900429907C,E-B19342843249,E-B19342843249,*1/*1,.,*1/*1,AA(rs9923231),*1/*1,GA(rs2108622),GA(rs671),*4/*6,.,.,*4/*4,.,.,CC(rs267606618),*38:02/*40:01,.,*1/*1,*1/*3,*1/*1,*1/*6,*1/*1,.,.,.,*02:03/*11:01,*1/*6,CA(rs2231142)
1900489763C,rs2231142 reference (G)/rs2231142 reference (G),Reference/Reference,Reference/Reference,*1/*2,*1/*2,*1/*1,*10/*36 + *10,*1/*1,*3/*3,*1/*1,c.85T>C (*9A) (heterozygous),"Kaiping, Anant, Dhon, Sapporo-like, Wosera/Kaiping, Anant, Dhon, Sapporo-like, Wosera",*02:01/*11:01,*07:02/*15:01,rs12979860 reference (C)/rs12979860 reference (C),Reference,*1/*1,Reference/Reference,*1/*37,*1/*1,*6/*80+*28,rs9923231 variant (T)/rs9923231 variant (T),1900489763C,E-B19810812399,E-B19810812399,*1/*2,AA(rs72554664),*10/*10,AA(rs9923231),*1/*1,.,GA(rs671),*4/*4,.,.,*4/*4,.,.,.,*15:01/*51:02,.,*1/*1,*1/*1,*1/*1,*6/*28,*3/*3,GA(rs1803274),.,.,*11:01/*11:01,*1/*1,.
1900498809C,rs2231142 reference (G)/rs2231142 reference (G),Reference/Reference,Reference/Reference,*1/*6,*1/*1,*1/*1,*10/*36 + *10,*1/*1,*1/*3,*1/*3,Reference/Reference,B (reference)/B (reference),*02:01/*11:01,*07:02/*15:01,rs12979860 reference (C)/rs12979860 reference (C),Reference,*1/*5,c.10097G>A/c.11266C>G,*1/*37,*1/*1,*1/*1,rs9923231 variant (T)/rs9923231 variant (T),1900498809C,E-B19840145518,E-B19840145518,*1/*1,.,*1/*10,AA(rs9923231),*1/*1,GA(rs2108622),.,*4/*6,.,.,*4/*4,.,.,.,*46:01/*46:01,.,*1/*1,*1/*1,*1/*1,*1/*1,*1/*3,.,.,.,*02:07/*34:01,*1/*6,.
1900428844C,rs2231142 reference (G)/rs2231142 reference (G),Reference/Reference,Reference/Reference,*1/*4,*1/*2,*1/*1,*10/*36 + *10,*1/*1,*3/*3,*4/*17,Reference/Reference,B (reference)/B (reference),*02:01/*11:01,*07:02/*15:01,rs12979860 reference (C)/rs12979860 reference (C),Reference,*1/*6,Reference/Reference,*37/*37,*1/*1,*1/*6,rs9923231 variant (T)/rs9923231 variant (T),1900428844C,E-B19830228924,E-B19830228924,*1/*2,.,*10/*10,AA(rs9923231),*1/*1,GA(rs2108622),.,*6/*6,.,.,*4/*4,.,.,.,*40:01/*54:01,.,*1/*1,*1/*1,*1/*1,*1/*6,*3/*3,.,.,.,*26:01/*31:01,*1/*4,.
1900646102C,rs2231142 reference (G)/rs2231142 variant (T),Reference/Reference,Reference/Reference,*1/*6,*1/*2,*1/*1,*10/*36 + *10,*1/*1,*1/*1,*3/*17,Reference/Reference,B (reference)/B (reference),*02:01/*11:01,*07:02/*15:01,rs12979860 reference (C)/rs12979860 reference (C),Reference,*1/*1,Reference/Reference,*15/*37,*1/*1,*1/*6,rs9923231 variant (T)/rs9923231 variant (T),1900646102C,E-B19712054305,E-B19712054305,*1/*2,.,*10/*10,AA(rs9923231),*1/*1,GA(rs2108622),GA(rs671),*4/*6,TC(rs4149056),.,*4/*4,.,.,.,*35:01/*46:01,.,*1/*1,*1/*1,*1/*1,*1/*6,*1/*1,.,.,.,*11:01/*11:01,*1/*6,CA(rs2231142)
1900496803C,rs2231142 reference (G)/rs2231142 reference (G),Reference/Reference,Reference/Reference,*1/*6,*2/*2,*1/*1,*10/*36 + *10,*1/*1,*1/*3,*1/*17,Reference/Reference,B (reference)/B (reference),*02:01/*11:01,*07:02/*15:01,rs12979860 reference (C)/rs12979860 reference (C),Reference,,Reference/Reference,*15/*37,*1/*1,*1/*6,rs9923231 variant (T)/rs9923231 variant (T),1900496803C,E-B19115047537,E-B19115047537,*2/*2,.,*10/*10,AA(rs9923231),*1/*1,.,.,*4/*7,TC(rs4149056),.,*4/*4,.,.,.,*56:01/*58:01,.,*1/*1,*1/*3,*1/*1,*1/*6,*1/*3,.,.,.,*02:03/*33:03,*1/*6,.
1900611388C,rs2231142 reference (G)/rs2231142 reference (G),Reference/Reference,Reference/Reference,*1/*1,*1/*1,*1/*1,*10/*36 + *10,*1/*1,*1/*3,*1/*1,Reference/Reference,B (reference)/B (reference),*02:01/*11:01,*07:02/*15:01,rs12979860 reference (C)/rs12979860 reference (C),Reference,*1/*1,Reference/Reference,*1/*1,*1/*1,*1/*6,rs9923231 variant (T)/rs9923231 variant (T),1900611388C,E-B19944905849,E-B19944905849,*1/*1,.,*1/*1,AA(rs9923231),*1/*1,.,.,*4/*7,.,.,*4/*4,.,.,.,*46:01/*52:01,.,*1/*1,*1/*1,*1/*1,*1/*6,*1/*3,.,.,.,*01:01/*11:01,*1/*1,.
1900492503C,rs2231142 reference (G)/rs2231142 variant (T),Reference/Reference,Reference/Reference,*1/*6,*1/*1,*1/*1,*10/*36 + *10,*1/*1,*1/*1,*1/*17,c.85T>C (*9A)/c.1896T>C,B (reference)/B (reference),*02:01/*11:01,*07:02/*15:01,rs12979860 reference (C)/rs12979860 reference (C),Reference,*1/*1,Reference/Reference,*37/*37,*1/*1,*6/*80+*28,rs9923231 variant (T)/rs9923231 variant (T),1900492503C,E-B19767577695,E-B19767577695,*1/*1,.,*1/*10,AA(rs9923231),*1/*1,.,GA(rs671),*4/*7,.,.,*4/*4,.,.,.,*15:01/*15:11,.,*1/*1,*1/*1,*1/*1,*6/*28,*1/*1,.,.,.,*02:06/*02:06,*1/*6,CA(rs2231142)
1900499362C,rs2231142 reference (G)/rs2231142 reference (G),Reference/Reference,Reference/Reference,*1/*6,*1/*2,*1/*1,*10/*36 + *10,*1/*1,*3/*3,*1/*17,c.1627A>G (*5) (heterozygous),B (reference)/B (reference),*02:01/*11:01,*07:02/*15:01,rs12979860 reference (C)/rs12979860 reference (C),Reference,*1/*1,Reference/Reference,*37/*37,*1/*1,*1/*6,rs9923231 variant (T)/rs9923231 variant (T),1900499362C,E-B19584248875,E-B19584248875,*1/*2,.,*10/*10,AA(rs9923231),*1/*1,.,GA(rs671),*4/*7,.,.,*4/*4,.,.,.,*58:01/*58:01,.,*1/*1,*1/*1,*1/*1,*1/*6,*3/*3,.,.,.,*33:03/*33:03,*1/*6,.
1900495860C,rs2231142 reference (G)/rs2231142 reference (G),Reference/Reference,Reference/Reference,*1/*6,*1/*1,*1/*1,*10/*36 + *10,*1/*1,*3/*3,*1/*1,Reference/Reference,B (reference)/B (reference),*02:01/*11:01,*07:02/*15:01,rs12979860 reference (C)/rs12979860 variant (T),Reference,*1/*1,Reference/Reference,*15/*37,*1/*1,*1/*80+*28,rs9923231 variant (T)/rs9923231 variant (T),1900495860C,E-B19926261918,E-B19926261918,*1/*1,.,*10/*10,AA(rs9923231),*1/*1,.,GA(rs671),*4/*4,TC(rs4149056),.,*4/*4,.,.,.,*38:02/*38:02,GA(rs12979860),*1/*1,*1/*1,*1/*1,*1/*28,*3/*3,"GA(rs1803274),insA/-(rs764588882)",.,.,*02:03/*02:03,*1/*6,.
1900649767C,rs2231142 reference (G)/rs2231142 reference (G),Reference/Reference,Reference/Reference,*1/*1,*2/*2,*1/*1,*10/*36 + *10,*1/*1,*1/*1,*1/*17,Reference/Reference,B (reference)/B (reference),*02:01/*11:01,*07:02/*15:01,rs12979860 reference (C)/rs12979860 reference (C),Reference,*1/*1,Reference/Reference,*37/*37,*1/*1,*1/*80+*28,rs9923231 reference (C)/rs9923231 variant (T),1900649767C,E-B19846857905,E-B19846857905,*2/*2,.,*1/*10,GA(rs9923231),*1/*1,.,.,*4/*7,.,.,*4/*4,.,.,.,*35:01/*35:03,.,*1/*1,*1/*1,*1/*1,*1/*28,*1/*1,.,.,.,*11:01/*24:02,*1/*1,.
1900398329C,rs2231142 reference (G)/rs2231142 reference (G),Reference/Reference,Reference/Reference,*1/*1,*1/*2,*1/*1,*10/*36 + *10,*1/*1,*1/*3,*4/*17,Reference/Reference,B (reference)/B (reference),*02:01/*11:01,*07:02/*15:01,rs12979860 reference (C)/rs12979860 reference (C),Reference,*1/*1,Reference/Reference,*1/*37,*1/*1,*6/*80+*28,rs9923231 variant (T)/rs9923231 variant (T),1900398329C,E-B19378329897,E-B19378329897,*1/*2,.,*1/*10,AA(rs9923231),*1/*1,GA(rs2108622),AA(rs671),*4/*6,.,.,*4/*4,.,.,.,*39:01/*51:01,.,*1/*1,*1/*1,*1/*1,*6/*28,*1/*3,GA(rs1803274),.,.,*02:01/*68:01,*1/*1,.
1900611782C,rs2231142 reference (G)/rs2231142 reference (G),Reference/Reference,Reference/Reference,*1/*4,*1/*1,*1/*1,*10/*36 + *10,*1/*1,*1/*3,*1/*17,[c.85T>C (*9A) + c.1627A>G (*5)] (heterozygous),B (reference)/B (reference),*02:01/*11:01,*07:02/*15:01,rs12979860 reference (C)/rs12979860 reference (C),Reference,*1/*1,Reference/Reference,*37/*37,*1/*1,*1/*6,rs9923231 variant (T)/rs9923231 variant (T),1900611782C,E-B19916393755,E-B19916393755,*1/*1,.,*10/*10,AA(rs9923231),*1/*1,.,GA(rs671),*4/*6,.,.,*4/*4,.,.,.,*15:02/*40:02,.,*1/*1,*1/*1,*1/*1,*1/*6,*1/*3,GA(rs1803274),.,.,*11:01/*24:02,*1/*4,.
1900618759C,rs2231142 reference (G)/rs2231142 reference (G),Reference/Reference,Reference/Reference,*1/*6,*1/*1,*1/*3,*10/*36 + *10,*1/*1,*1/*1,*3/*17,c.1627A>G (*5) (heterozygous),B (reference)/B (reference),*02:01/*11:01,*07:02/*15:01,rs12979860 reference (C)/rs12979860 reference (C),Reference,*1/*1,Reference/Reference,*37/*37,*1/*1,*1/*6,rs9923231 variant (T)/rs9923231 variant (T),1900618759C,E-B19477909411,E-B19477909411,*1/*1,.,*10/*10,AA(rs9923231),*1/*3,GA(rs2108622),.,*4/*4,.,.,*4/*4,.,.,.,*13:01/*27:04,.,*1/*1,*1/*1,*1/*1,*1/*6,*1/*1,GA(rs1803274),.,.,*11:01/*11:02,*1/*6,.
1900618144C,rs2231142 reference (G)/rs2231142 reference (G),Reference/Reference,Reference/Reference,*1/*1,*1/*2,*1/*1,*10/*36 + *10,*1/*1,*3/*3,*3/*17,Reference/Reference,B (reference)/B (reference),*02:01/*11:01,*07:02/*15:01,rs12979860 reference (C)/rs12979860 reference (C),Reference,*1/*1,Reference/Reference,*1/*15,*1/*1,*1/*1,rs9923231 variant (T)/rs9923231 variant (T),1900618144C,E-B19422417505,E-B19422417505,*1/*2,.,*1/*10,AA(rs9923231),*1/*1,GA(rs2108622),.,*4/*4,TC(rs4149056),.,*4/*4,.,.,.,*27:07/*44:03,.,*1/*1,*1/*1,*1/*1,*1/*1,*3/*3,.,.,.,*33:03/*33:03,*1/*1,.
1900488773C,rs2231142 reference (G)/rs2231142 variant (T),Reference/Reference,Reference/Reference,*1/*1,*1/*2,*1/*1,*10/*36 + *10,*1/*1,*3/*3,*3/*17,c.1896T>C (heterozygous),B (reference)/B (reference),*02:01/*11:01,*07:02/*15:01,rs12979860 reference (C)/rs12979860 reference (C),Reference,*1/*1,Reference/Reference,*37/*37,*1/*1,*6/*80+*28,rs9923231 variant (T)/rs9923231 variant (T),1900488773C,E-B19480514189,E-B19480514189,*1/*2,.,*1/*10,AA(rs9923231),*1/*1,GA(rs2108622),.,*4/*6,.,.,*4/*4,.,.,.,*15:01/*15:11,.,*1/*1,*1/*1,*1/*1,*6/*28,*3/*3,GA(rs1803274),.,.,*02:01/*11:01,*1/*1,CA(rs2231142)
