EntityID,vcf_allsite_file,vcf_allsite_file_index,bam_file,hla_file,bam_index,positions,pharmcat_positions,pharmcat_positions_index,SampleID,HLA_dir,lush_ref_dir,HLA_ref_dir,sourceD,dbSNPDir,dbSNP,dbSNP_index
1900488800C,/zfsms3/ST_STOMICS/STOmics_cloud/odms/prd/sz_history/bigdata_warehouse/odms/P20Z10200N0157/bigdata_dw/omics_history_data/sample/EF3814E7708A8A676A8FA400E1BCB088/P17Z10200N0159/genomics/U5W54850GU/variant/snv_shortIndel/avcf/U5W54850GU.allsite.vcf.gz,/zfsms3/ST_STOMICS/STOmics_cloud/odms/prd/sz_history/bigdata_warehouse/odms/P20Z10200N0157/bigdata_dw/omics_history_data/sample/EF3814E7708A8A676A8FA400E1BCB088/P17Z10200N0159/genomics/U5W54850GU/variant/snv_shortIndel/avcf/U5W54850GU.allsite.vcf.gz.tbi,/Files/ResultData/Workflow/W202508130007117/24S08310630.bqsr.bam,/Files/ResultData/Workflow/W202507160008563/E-S24707256971/hla/E-S24707256971.hla_typing.txt,/Files/ResultData/Workflow/W202508130007117/24S08310630.bqsr.bam.bai,/Files/sz_history/longrui/pgx/positions.bed,/Files/sz_history/longrui/pgx/pharmcat_positions.vcf.gz,/Files/sz_history/longrui/pgx/pharmcat_positions.vcf.gz.csi,1900488800C,/Files/sz_history/huangfei/BGE/hcWGS/HLA,/Files/sz_history/zhenghaihui/lush,/Files/sz_history/huangfei/BGE/database,megabolt,/Files/sz_history/huangfei/BGE/database/genome/hg38_noalt_withrandom,/Files/sz_history/huangfei/BGE/database/genome/hg38_noalt_withrandom/All_20180418.new.vcf.gz,/Files/sz_history/huangfei/BGE/database/genome/hg38_noalt_withrandom/All_20180418.new.vcf.gz.csi
1900490798C,/zfsms3/ST_STOMICS/STOmics_cloud/odms/prd/sz_history/bigdata_warehouse/odms/P20Z10200N0157/bigdata_dw/omics_history_data/sample/E2216740B94B0C1EDE544E239AA7E16A/P17Z10200N0159/genomics/G614RTTOVJ/variant/snv_shortIndel/avcf/G614RTTOVJ.allsite.vcf.gz,/zfsms3/ST_STOMICS/STOmics_cloud/odms/prd/sz_history/bigdata_warehouse/odms/P20Z10200N0157/bigdata_dw/omics_history_data/sample/E2216740B94B0C1EDE544E239AA7E16A/P17Z10200N0159/genomics/G614RTTOVJ/variant/snv_shortIndel/avcf/G614RTTOVJ.allsite.vcf.gz.tbi,/Files/ResultData/Workflow/W202508130007117/24S08310630.bqsr.bam,/Files/ResultData/Workflow/W202507160008563/E-S24707256971/hla/E-S24707256971.hla_typing.txt,/Files/ResultData/Workflow/W202508130007117/24S08310630.bqsr.bam.bai,/Files/sz_history/longrui/pgx/positions.bed,/Files/sz_history/longrui/pgx/pharmcat_positions.vcf.gz,/Files/sz_history/longrui/pgx/pharmcat_positions.vcf.gz.csi,1900490798C,/Files/sz_history/huangfei/BGE/hcWGS/HLA,/Files/sz_history/zhenghaihui/lush,/Files/sz_history/huangfei/BGE/database,megabolt,/Files/sz_history/huangfei/BGE/database/genome/hg38_noalt_withrandom,/Files/sz_history/huangfei/BGE/database/genome/hg38_noalt_withrandom/All_20180418.new.vcf.gz,/Files/sz_history/huangfei/BGE/database/genome/hg38_noalt_withrandom/All_20180418.new.vcf.gz.csi
1900495657C,/zfsms3/ST_STOMICS/STOmics_cloud/odms/prd/sz_history/bigdata_warehouse/odms/P20Z10200N0157/bigdata_dw/omics_history_data/sample/60843A35009F78DF75D713117D3A0649/P17Z10200N0159/genomics/90YM4O1UNI/variant/snv_shortIndel/avcf/90YM4O1UNI.allsite.vcf.gz,/zfsms3/ST_STOMICS/STOmics_cloud/odms/prd/sz_history/bigdata_warehouse/odms/P20Z10200N0157/bigdata_dw/omics_history_data/sample/60843A35009F78DF75D713117D3A0649/P17Z10200N0159/genomics/90YM4O1UNI/variant/snv_shortIndel/avcf/90YM4O1UNI.allsite.vcf.gz.tbi,/Files/ResultData/Workflow/W202508130007117/24S08310630.bqsr.bam,/Files/ResultData/Workflow/W202507160008563/E-S24707256971/hla/E-S24707256971.hla_typing.txt,/Files/ResultData/Workflow/W202508130007117/24S08310630.bqsr.bam.bai,/Files/sz_history/longrui/pgx/positions.bed,/Files/sz_history/longrui/pgx/pharmcat_positions.vcf.gz,/Files/sz_history/longrui/pgx/pharmcat_positions.vcf.gz.csi,1900495657C,/Files/sz_history/huangfei/BGE/hcWGS/HLA,/Files/sz_history/zhenghaihui/lush,/Files/sz_history/huangfei/BGE/database,megabolt,/Files/sz_history/huangfei/BGE/database/genome/hg38_noalt_withrandom,/Files/sz_history/huangfei/BGE/database/genome/hg38_noalt_withrandom/All_20180418.new.vcf.gz,/Files/sz_history/huangfei/BGE/database/genome/hg38_noalt_withrandom/All_20180418.new.vcf.gz.csi
1900498881C,/zfsms3/ST_STOMICS/STOmics_cloud/odms/prd/sz_history/bigdata_warehouse/odms/P20Z10200N0157/bigdata_dw/omics_history_data/sample/CDB3B025211F7AE0DC5ED0AFA51E292B/P17Z10200N0159/genomics/G7MKZPKA1L/variant/snv_shortIndel/avcf/G7MKZPKA1L.allsite.vcf.gz,/zfsms3/ST_STOMICS/STOmics_cloud/odms/prd/sz_history/bigdata_warehouse/odms/P20Z10200N0157/bigdata_dw/omics_history_data/sample/CDB3B025211F7AE0DC5ED0AFA51E292B/P17Z10200N0159/genomics/G7MKZPKA1L/variant/snv_shortIndel/avcf/G7MKZPKA1L.allsite.vcf.gz.tbi,/Files/ResultData/Workflow/W202508130007117/24S08310630.bqsr.bam,/Files/ResultData/Workflow/W202507160008563/E-S24707256971/hla/E-S24707256971.hla_typing.txt,/Files/ResultData/Workflow/W202508130007117/24S08310630.bqsr.bam.bai,/Files/sz_history/longrui/pgx/positions.bed,/Files/sz_history/longrui/pgx/pharmcat_positions.vcf.gz,/Files/sz_history/longrui/pgx/pharmcat_positions.vcf.gz.csi,1900498881C,/Files/sz_history/huangfei/BGE/hcWGS/HLA,/Files/sz_history/zhenghaihui/lush,/Files/sz_history/huangfei/BGE/database,megabolt,/Files/sz_history/huangfei/BGE/database/genome/hg38_noalt_withrandom,/Files/sz_history/huangfei/BGE/database/genome/hg38_noalt_withrandom/All_20180418.new.vcf.gz,/Files/sz_history/huangfei/BGE/database/genome/hg38_noalt_withrandom/All_20180418.new.vcf.gz.csi
1900489729C,/zfsms3/ST_STOMICS/STOmics_cloud/odms/prd/sz_history/bigdata_warehouse/odms/P20Z10200N0157/bigdata_dw/omics_history_data/sample/71FF3E22CD85E5E0E8790A7A25CBA963/P17Z10200N0159/genomics/BDSMQY9OOE/variant/snv_shortIndel/avcf/BDSMQY9OOE.allsite.vcf.gz,/zfsms3/ST_STOMICS/STOmics_cloud/odms/prd/sz_history/bigdata_warehouse/odms/P20Z10200N0157/bigdata_dw/omics_history_data/sample/71FF3E22CD85E5E0E8790A7A25CBA963/P17Z10200N0159/genomics/BDSMQY9OOE/variant/snv_shortIndel/avcf/BDSMQY9OOE.allsite.vcf.gz.tbi,/Files/ResultData/Workflow/W202508130007117/24S08310630.bqsr.bam,/Files/ResultData/Workflow/W202507160008563/E-S24707256971/hla/E-S24707256971.hla_typing.txt,/Files/ResultData/Workflow/W202508130007117/24S08310630.bqsr.bam.bai,/Files/sz_history/longrui/pgx/positions.bed,/Files/sz_history/longrui/pgx/pharmcat_positions.vcf.gz,/Files/sz_history/longrui/pgx/pharmcat_positions.vcf.gz.csi,1900489729C,/Files/sz_history/huangfei/BGE/hcWGS/HLA,/Files/sz_history/zhenghaihui/lush,/Files/sz_history/huangfei/BGE/database,megabolt,/Files/sz_history/huangfei/BGE/database/genome/hg38_noalt_withrandom,/Files/sz_history/huangfei/BGE/database/genome/hg38_noalt_withrandom/All_20180418.new.vcf.gz,/Files/sz_history/huangfei/BGE/database/genome/hg38_noalt_withrandom/All_20180418.new.vcf.gz.csi
1900490779C,/zfsms3/ST_STOMICS/STOmics_cloud/odms/prd/sz_history/bigdata_warehouse/odms/P20Z10200N0157/bigdata_dw/omics_history_data/sample/F7548D99ED13200245F69AD01B765879/P17Z10200N0159/genomics/S4KMFWKP24/variant/snv_shortIndel/avcf/S4KMFWKP24.allsite.vcf.gz,/zfsms3/ST_STOMICS/STOmics_cloud/odms/prd/sz_history/bigdata_warehouse/odms/P20Z10200N0157/bigdata_dw/omics_history_data/sample/F7548D99ED13200245F69AD01B765879/P17Z10200N0159/genomics/S4KMFWKP24/variant/snv_shortIndel/avcf/S4KMFWKP24.allsite.vcf.gz.tbi,/Files/ResultData/Workflow/W202508130007117/24S08310630.bqsr.bam,/Files/ResultData/Workflow/W202507160008563/E-S24707256971/hla/E-S24707256971.hla_typing.txt,/Files/ResultData/Workflow/W202508130007117/24S08310630.bqsr.bam.bai,/Files/sz_history/longrui/pgx/positions.bed,/Files/sz_history/longrui/pgx/pharmcat_positions.vcf.gz,/Files/sz_history/longrui/pgx/pharmcat_positions.vcf.gz.csi,1900490779C,/Files/sz_history/huangfei/BGE/hcWGS/HLA,/Files/sz_history/zhenghaihui/lush,/Files/sz_history/huangfei/BGE/database,megabolt,/Files/sz_history/huangfei/BGE/database/genome/hg38_noalt_withrandom,/Files/sz_history/huangfei/BGE/database/genome/hg38_noalt_withrandom/All_20180418.new.vcf.gz,/Files/sz_history/huangfei/BGE/database/genome/hg38_noalt_withrandom/All_20180418.new.vcf.gz.csi
1900498017C,/zfsms3/ST_STOMICS/STOmics_cloud/odms/prd/sz_history/bigdata_warehouse/odms/P20Z10200N0157/bigdata_dw/omics_history_data/sample/762559592E76536E712D07D39EE46005/P17Z10200N0159/genomics/Q1PNWPDN62/variant/snv_shortIndel/avcf/Q1PNWPDN62.allsite.vcf.gz,/zfsms3/ST_STOMICS/STOmics_cloud/odms/prd/sz_history/bigdata_warehouse/odms/P20Z10200N0157/bigdata_dw/omics_history_data/sample/762559592E76536E712D07D39EE46005/P17Z10200N0159/genomics/Q1PNWPDN62/variant/snv_shortIndel/avcf/Q1PNWPDN62.allsite.vcf.gz.tbi,/Files/ResultData/Workflow/W202508130007117/24S08310630.bqsr.bam,/Files/ResultData/Workflow/W202507160008563/E-S24707256971/hla/E-S24707256971.hla_typing.txt,/Files/ResultData/Workflow/W202508130007117/24S08310630.bqsr.bam.bai,/Files/sz_history/longrui/pgx/positions.bed,/Files/sz_history/longrui/pgx/pharmcat_positions.vcf.gz,/Files/sz_history/longrui/pgx/pharmcat_positions.vcf.gz.csi,1900498017C,/Files/sz_history/huangfei/BGE/hcWGS/HLA,/Files/sz_history/zhenghaihui/lush,/Files/sz_history/huangfei/BGE/database,megabolt,/Files/sz_history/huangfei/BGE/database/genome/hg38_noalt_withrandom,/Files/sz_history/huangfei/BGE/database/genome/hg38_noalt_withrandom/All_20180418.new.vcf.gz,/Files/sz_history/huangfei/BGE/database/genome/hg38_noalt_withrandom/All_20180418.new.vcf.gz.csi
1900488223C,/zfsms3/ST_STOMICS/STOmics_cloud/odms/prd/sz_history/bigdata_warehouse/odms/P20Z10200N0157/bigdata_dw/omics_history_data/sample/65370C62D29EB99BA18DE5CCB53216D5/P17Z10200N0159/genomics/WN1PCIJFQV/variant/snv_shortIndel/avcf/WN1PCIJFQV.allsite.vcf.gz,/zfsms3/ST_STOMICS/STOmics_cloud/odms/prd/sz_history/bigdata_warehouse/odms/P20Z10200N0157/bigdata_dw/omics_history_data/sample/65370C62D29EB99BA18DE5CCB53216D5/P17Z10200N0159/genomics/WN1PCIJFQV/variant/snv_shortIndel/avcf/WN1PCIJFQV.allsite.vcf.gz.tbi,/Files/ResultData/Workflow/W202508130007117/24S08310630.bqsr.bam,/Files/ResultData/Workflow/W202507160008563/E-S24707256971/hla/E-S24707256971.hla_typing.txt,/Files/ResultData/Workflow/W202508130007117/24S08310630.bqsr.bam.bai,/Files/sz_history/longrui/pgx/positions.bed,/Files/sz_history/longrui/pgx/pharmcat_positions.vcf.gz,/Files/sz_history/longrui/pgx/pharmcat_positions.vcf.gz.csi,1900488223C,/Files/sz_history/huangfei/BGE/hcWGS/HLA,/Files/sz_history/zhenghaihui/lush,/Files/sz_history/huangfei/BGE/database,megabolt,/Files/sz_history/huangfei/BGE/database/genome/hg38_noalt_withrandom,/Files/sz_history/huangfei/BGE/database/genome/hg38_noalt_withrandom/All_20180418.new.vcf.gz,/Files/sz_history/huangfei/BGE/database/genome/hg38_noalt_withrandom/All_20180418.new.vcf.gz.csi
1900495842C,/zfsms3/ST_STOMICS/STOmics_cloud/odms/prd/sz_history/bigdata_warehouse/odms/P20Z10200N0157/bigdata_dw/omics_history_data/sample/86D7CE2B151C42FA1A5DCC8EDC139905/P17Z10200N0159/genomics/OC5K3C2IGV/variant/snv_shortIndel/avcf/OC5K3C2IGV.allsite.vcf.gz,/zfsms3/ST_STOMICS/STOmics_cloud/odms/prd/sz_history/bigdata_warehouse/odms/P20Z10200N0157/bigdata_dw/omics_history_data/sample/86D7CE2B151C42FA1A5DCC8EDC139905/P17Z10200N0159/genomics/OC5K3C2IGV/variant/snv_shortIndel/avcf/OC5K3C2IGV.allsite.vcf.gz.tbi,/Files/ResultData/Workflow/W202508130007117/24S08310630.bqsr.bam,/Files/ResultData/Workflow/W202507160008563/E-S24707256971/hla/E-S24707256971.hla_typing.txt,/Files/ResultData/Workflow/W202508130007117/24S08310630.bqsr.bam.bai,/Files/sz_history/longrui/pgx/positions.bed,/Files/sz_history/longrui/pgx/pharmcat_positions.vcf.gz,/Files/sz_history/longrui/pgx/pharmcat_positions.vcf.gz.csi,1900495842C,/Files/sz_history/huangfei/BGE/hcWGS/HLA,/Files/sz_history/zhenghaihui/lush,/Files/sz_history/huangfei/BGE/database,megabolt,/Files/sz_history/huangfei/BGE/database/genome/hg38_noalt_withrandom,/Files/sz_history/huangfei/BGE/database/genome/hg38_noalt_withrandom/All_20180418.new.vcf.gz,/Files/sz_history/huangfei/BGE/database/genome/hg38_noalt_withrandom/All_20180418.new.vcf.gz.csi
1900491300C,/zfsms3/ST_STOMICS/STOmics_cloud/odms/prd/sz_history/bigdata_warehouse/odms/P20Z10200N0157/bigdata_dw/omics_history_data/sample/213C9949AD337EE4E5D315983A638549/P17Z10200N0159/genomics/Y5XYGE1XQR/variant/snv_shortIndel/avcf/Y5XYGE1XQR.allsite.vcf.gz,/zfsms3/ST_STOMICS/STOmics_cloud/odms/prd/sz_history/bigdata_warehouse/odms/P20Z10200N0157/bigdata_dw/omics_history_data/sample/213C9949AD337EE4E5D315983A638549/P17Z10200N0159/genomics/Y5XYGE1XQR/variant/snv_shortIndel/avcf/Y5XYGE1XQR.allsite.vcf.gz.tbi,/Files/ResultData/Workflow/W202508130007117/24S08310630.bqsr.bam,/Files/ResultData/Workflow/W202507160008563/E-S24707256971/hla/E-S24707256971.hla_typing.txt,/Files/ResultData/Workflow/W202508130007117/24S08310630.bqsr.bam.bai,/Files/sz_history/longrui/pgx/positions.bed,/Files/sz_history/longrui/pgx/pharmcat_positions.vcf.gz,/Files/sz_history/longrui/pgx/pharmcat_positions.vcf.gz.csi,1900491300C,/Files/sz_history/huangfei/BGE/hcWGS/HLA,/Files/sz_history/zhenghaihui/lush,/Files/sz_history/huangfei/BGE/database,megabolt,/Files/sz_history/huangfei/BGE/database/genome/hg38_noalt_withrandom,/Files/sz_history/huangfei/BGE/database/genome/hg38_noalt_withrandom/All_20180418.new.vcf.gz,/Files/sz_history/huangfei/BGE/database/genome/hg38_noalt_withrandom/All_20180418.new.vcf.gz.csi
1900488148C,/zfsms3/ST_STOMICS/STOmics_cloud/odms/prd/sz_history/bigdata_warehouse/odms/P20Z10200N0157/bigdata_dw/omics_history_data/sample/3AAF639F81C81EA5C92522408FC13650/P17Z10200N0159/genomics/LHW6KKM2OB/variant/snv_shortIndel/avcf/LHW6KKM2OB.allsite.vcf.gz,/zfsms3/ST_STOMICS/STOmics_cloud/odms/prd/sz_history/bigdata_warehouse/odms/P20Z10200N0157/bigdata_dw/omics_history_data/sample/3AAF639F81C81EA5C92522408FC13650/P17Z10200N0159/genomics/LHW6KKM2OB/variant/snv_shortIndel/avcf/LHW6KKM2OB.allsite.vcf.gz.tbi,/Files/ResultData/Workflow/W202508130007117/24S08310630.bqsr.bam,/Files/ResultData/Workflow/W202507160008563/E-S24707256971/hla/E-S24707256971.hla_typing.txt,/Files/ResultData/Workflow/W202508130007117/24S08310630.bqsr.bam.bai,/Files/sz_history/longrui/pgx/positions.bed,/Files/sz_history/longrui/pgx/pharmcat_positions.vcf.gz,/Files/sz_history/longrui/pgx/pharmcat_positions.vcf.gz.csi,1900488148C,/Files/sz_history/huangfei/BGE/hcWGS/HLA,/Files/sz_history/zhenghaihui/lush,/Files/sz_history/huangfei/BGE/database,megabolt,/Files/sz_history/huangfei/BGE/database/genome/hg38_noalt_withrandom,/Files/sz_history/huangfei/BGE/database/genome/hg38_noalt_withrandom/All_20180418.new.vcf.gz,/Files/sz_history/huangfei/BGE/database/genome/hg38_noalt_withrandom/All_20180418.new.vcf.gz.csi
1900491233C,/zfsms3/ST_STOMICS/STOmics_cloud/odms/prd/sz_history/bigdata_warehouse/odms/P20Z10200N0157/bigdata_dw/omics_history_data/sample/01F44C2F02AA54FAC8EA01473262A152/P17Z10200N0159/genomics/DVJB5HEIIA/variant/snv_shortIndel/avcf/DVJB5HEIIA.allsite.vcf.gz,/zfsms3/ST_STOMICS/STOmics_cloud/odms/prd/sz_history/bigdata_warehouse/odms/P20Z10200N0157/bigdata_dw/omics_history_data/sample/01F44C2F02AA54FAC8EA01473262A152/P17Z10200N0159/genomics/DVJB5HEIIA/variant/snv_shortIndel/avcf/DVJB5HEIIA.allsite.vcf.gz.tbi,/Files/ResultData/Workflow/W202508130007117/24S08310630.bqsr.bam,/Files/ResultData/Workflow/W202507160008563/E-S24707256971/hla/E-S24707256971.hla_typing.txt,/Files/ResultData/Workflow/W202508130007117/24S08310630.bqsr.bam.bai,/Files/sz_history/longrui/pgx/positions.bed,/Files/sz_history/longrui/pgx/pharmcat_positions.vcf.gz,/Files/sz_history/longrui/pgx/pharmcat_positions.vcf.gz.csi,1900491233C,/Files/sz_history/huangfei/BGE/hcWGS/HLA,/Files/sz_history/zhenghaihui/lush,/Files/sz_history/huangfei/BGE/database,megabolt,/Files/sz_history/huangfei/BGE/database/genome/hg38_noalt_withrandom,/Files/sz_history/huangfei/BGE/database/genome/hg38_noalt_withrandom/All_20180418.new.vcf.gz,/Files/sz_history/huangfei/BGE/database/genome/hg38_noalt_withrandom/All_20180418.new.vcf.gz.csi
1900491218C,/zfsms3/ST_STOMICS/STOmics_cloud/odms/prd/sz_history/bigdata_warehouse/odms/P20Z10200N0157/bigdata_dw/omics_history_data/sample/37DC5E5340398BEBB7395C49AA13F54E/P17Z10200N0159/genomics/3TZKRQ1CP6/variant/snv_shortIndel/avcf/3TZKRQ1CP6.allsite.vcf.gz,/zfsms3/ST_STOMICS/STOmics_cloud/odms/prd/sz_history/bigdata_warehouse/odms/P20Z10200N0157/bigdata_dw/omics_history_data/sample/37DC5E5340398BEBB7395C49AA13F54E/P17Z10200N0159/genomics/3TZKRQ1CP6/variant/snv_shortIndel/avcf/3TZKRQ1CP6.allsite.vcf.gz.tbi,/Files/ResultData/Workflow/W202508130007117/24S08310630.bqsr.bam,/Files/ResultData/Workflow/W202507160008563/E-S24707256971/hla/E-S24707256971.hla_typing.txt,/Files/ResultData/Workflow/W202508130007117/24S08310630.bqsr.bam.bai,/Files/sz_history/longrui/pgx/positions.bed,/Files/sz_history/longrui/pgx/pharmcat_positions.vcf.gz,/Files/sz_history/longrui/pgx/pharmcat_positions.vcf.gz.csi,1900491218C,/Files/sz_history/huangfei/BGE/hcWGS/HLA,/Files/sz_history/zhenghaihui/lush,/Files/sz_history/huangfei/BGE/database,megabolt,/Files/sz_history/huangfei/BGE/database/genome/hg38_noalt_withrandom,/Files/sz_history/huangfei/BGE/database/genome/hg38_noalt_withrandom/All_20180418.new.vcf.gz,/Files/sz_history/huangfei/BGE/database/genome/hg38_noalt_withrandom/All_20180418.new.vcf.gz.csi
1900649710C,/zfsms3/ST_STOMICS/STOmics_cloud/odms/prd/sz_history/bigdata_warehouse/odms/P20Z10200N0157/bigdata_dw/omics_history_data/sample/CFDD27FAD7BE7395A153D4A622BDFB15/P17Z10200N0159/genomics/FBCP8MAWRC/variant/snv_shortIndel/avcf/FBCP8MAWRC.allsite.vcf.gz,/zfsms3/ST_STOMICS/STOmics_cloud/odms/prd/sz_history/bigdata_warehouse/odms/P20Z10200N0157/bigdata_dw/omics_history_data/sample/CFDD27FAD7BE7395A153D4A622BDFB15/P17Z10200N0159/genomics/FBCP8MAWRC/variant/snv_shortIndel/avcf/FBCP8MAWRC.allsite.vcf.gz.tbi,/Files/ResultData/Workflow/W202508130007117/24S08310630.bqsr.bam,/Files/ResultData/Workflow/W202507160008563/E-S24707256971/hla/E-S24707256971.hla_typing.txt,/Files/ResultData/Workflow/W202508130007117/24S08310630.bqsr.bam.bai,/Files/sz_history/longrui/pgx/positions.bed,/Files/sz_history/longrui/pgx/pharmcat_positions.vcf.gz,/Files/sz_history/longrui/pgx/pharmcat_positions.vcf.gz.csi,1900649710C,/Files/sz_history/huangfei/BGE/hcWGS/HLA,/Files/sz_history/zhenghaihui/lush,/Files/sz_history/huangfei/BGE/database,megabolt,/Files/sz_history/huangfei/BGE/database/genome/hg38_noalt_withrandom,/Files/sz_history/huangfei/BGE/database/genome/hg38_noalt_withrandom/All_20180418.new.vcf.gz,/Files/sz_history/huangfei/BGE/database/genome/hg38_noalt_withrandom/All_20180418.new.vcf.gz.csi
1900649794C,/zfsms3/ST_STOMICS/STOmics_cloud/odms/prd/sz_history/bigdata_warehouse/odms/P20Z10200N0157/bigdata_dw/omics_history_data/sample/AB578E53A30D83A020C0C71AFD9AAFAD/P17Z10200N0159/genomics/U26JPVXFH3/variant/snv_shortIndel/avcf/U26JPVXFH3.allsite.vcf.gz,/zfsms3/ST_STOMICS/STOmics_cloud/odms/prd/sz_history/bigdata_warehouse/odms/P20Z10200N0157/bigdata_dw/omics_history_data/sample/AB578E53A30D83A020C0C71AFD9AAFAD/P17Z10200N0159/genomics/U26JPVXFH3/variant/snv_shortIndel/avcf/U26JPVXFH3.allsite.vcf.gz.tbi,/Files/ResultData/Workflow/W202508130007117/24S08310630.bqsr.bam,/Files/ResultData/Workflow/W202507160008563/E-S24707256971/hla/E-S24707256971.hla_typing.txt,/Files/ResultData/Workflow/W202508130007117/24S08310630.bqsr.bam.bai,/Files/sz_history/longrui/pgx/positions.bed,/Files/sz_history/longrui/pgx/pharmcat_positions.vcf.gz,/Files/sz_history/longrui/pgx/pharmcat_positions.vcf.gz.csi,1900649794C,/Files/sz_history/huangfei/BGE/hcWGS/HLA,/Files/sz_history/zhenghaihui/lush,/Files/sz_history/huangfei/BGE/database,megabolt,/Files/sz_history/huangfei/BGE/database/genome/hg38_noalt_withrandom,/Files/sz_history/huangfei/BGE/database/genome/hg38_noalt_withrandom/All_20180418.new.vcf.gz,/Files/sz_history/huangfei/BGE/database/genome/hg38_noalt_withrandom/All_20180418.new.vcf.gz.csi
1900649732C,/zfsms3/ST_STOMICS/STOmics_cloud/odms/prd/sz_history/bigdata_warehouse/odms/P20Z10200N0157/bigdata_dw/omics_history_data/sample/54FE9C64CEC0D0B8516AF17B9F7B403C/P17Z10200N0159/genomics/J5Z6MTEWIX/variant/snv_shortIndel/avcf/J5Z6MTEWIX.allsite.vcf.gz,/zfsms3/ST_STOMICS/STOmics_cloud/odms/prd/sz_history/bigdata_warehouse/odms/P20Z10200N0157/bigdata_dw/omics_history_data/sample/54FE9C64CEC0D0B8516AF17B9F7B403C/P17Z10200N0159/genomics/J5Z6MTEWIX/variant/snv_shortIndel/avcf/J5Z6MTEWIX.allsite.vcf.gz.tbi,/Files/ResultData/Workflow/W202508130007117/24S08310630.bqsr.bam,/Files/ResultData/Workflow/W202507160008563/E-S24707256971/hla/E-S24707256971.hla_typing.txt,/Files/ResultData/Workflow/W202508130007117/24S08310630.bqsr.bam.bai,/Files/sz_history/longrui/pgx/positions.bed,/Files/sz_history/longrui/pgx/pharmcat_positions.vcf.gz,/Files/sz_history/longrui/pgx/pharmcat_positions.vcf.gz.csi,1900649732C,/Files/sz_history/huangfei/BGE/hcWGS/HLA,/Files/sz_history/zhenghaihui/lush,/Files/sz_history/huangfei/BGE/database,megabolt,/Files/sz_history/huangfei/BGE/database/genome/hg38_noalt_withrandom,/Files/sz_history/huangfei/BGE/database/genome/hg38_noalt_withrandom/All_20180418.new.vcf.gz,/Files/sz_history/huangfei/BGE/database/genome/hg38_noalt_withrandom/All_20180418.new.vcf.gz.csi
1900649712C,/zfsms3/ST_STOMICS/STOmics_cloud/odms/prd/sz_history/bigdata_warehouse/odms/P20Z10200N0157/bigdata_dw/omics_history_data/sample/BE0797E65F8E53F4756908ED57823BA3/P17Z10200N0159/genomics/VFZTJEDNK4/variant/snv_shortIndel/avcf/VFZTJEDNK4.allsite.vcf.gz,/zfsms3/ST_STOMICS/STOmics_cloud/odms/prd/sz_history/bigdata_warehouse/odms/P20Z10200N0157/bigdata_dw/omics_history_data/sample/BE0797E65F8E53F4756908ED57823BA3/P17Z10200N0159/genomics/VFZTJEDNK4/variant/snv_shortIndel/avcf/VFZTJEDNK4.allsite.vcf.gz.tbi,/Files/ResultData/Workflow/W202508130007117/24S08310630.bqsr.bam,/Files/ResultData/Workflow/W202507160008563/E-S24707256971/hla/E-S24707256971.hla_typing.txt,/Files/ResultData/Workflow/W202508130007117/24S08310630.bqsr.bam.bai,/Files/sz_history/longrui/pgx/positions.bed,/Files/sz_history/longrui/pgx/pharmcat_positions.vcf.gz,/Files/sz_history/longrui/pgx/pharmcat_positions.vcf.gz.csi,1900649712C,/Files/sz_history/huangfei/BGE/hcWGS/HLA,/Files/sz_history/zhenghaihui/lush,/Files/sz_history/huangfei/BGE/database,megabolt,/Files/sz_history/huangfei/BGE/database/genome/hg38_noalt_withrandom,/Files/sz_history/huangfei/BGE/database/genome/hg38_noalt_withrandom/All_20180418.new.vcf.gz,/Files/sz_history/huangfei/BGE/database/genome/hg38_noalt_withrandom/All_20180418.new.vcf.gz.csi
1900649701C,/zfsms3/ST_STOMICS/STOmics_cloud/odms/prd/sz_history/bigdata_warehouse/odms/P20Z10200N0157/bigdata_dw/omics_history_data/sample/8F6A71751D3880DCE9F85A1E10359FCA/P17Z10200N0159/genomics/SYOPIQJCRU/variant/snv_shortIndel/avcf/SYOPIQJCRU.allsite.vcf.gz,/zfsms3/ST_STOMICS/STOmics_cloud/odms/prd/sz_history/bigdata_warehouse/odms/P20Z10200N0157/bigdata_dw/omics_history_data/sample/8F6A71751D3880DCE9F85A1E10359FCA/P17Z10200N0159/genomics/SYOPIQJCRU/variant/snv_shortIndel/avcf/SYOPIQJCRU.allsite.vcf.gz.tbi,/Files/ResultData/Workflow/W202508130007117/24S08310630.bqsr.bam,/Files/ResultData/Workflow/W202507160008563/E-S24707256971/hla/E-S24707256971.hla_typing.txt,/Files/ResultData/Workflow/W202508130007117/24S08310630.bqsr.bam.bai,/Files/sz_history/longrui/pgx/positions.bed,/Files/sz_history/longrui/pgx/pharmcat_positions.vcf.gz,/Files/sz_history/longrui/pgx/pharmcat_positions.vcf.gz.csi,1900649701C,/Files/sz_history/huangfei/BGE/hcWGS/HLA,/Files/sz_history/zhenghaihui/lush,/Files/sz_history/huangfei/BGE/database,megabolt,/Files/sz_history/huangfei/BGE/database/genome/hg38_noalt_withrandom,/Files/sz_history/huangfei/BGE/database/genome/hg38_noalt_withrandom/All_20180418.new.vcf.gz,/Files/sz_history/huangfei/BGE/database/genome/hg38_noalt_withrandom/All_20180418.new.vcf.gz.csi
1900649741C,/zfsms3/ST_STOMICS/STOmics_cloud/odms/prd/sz_history/bigdata_warehouse/odms/P20Z10200N0157/bigdata_dw/omics_history_data/sample/3310B468397EE9719181EE0781227EBB/P17Z10200N0159/genomics/HSG56PD7GA/variant/snv_shortIndel/avcf/HSG56PD7GA.allsite.vcf.gz,/zfsms3/ST_STOMICS/STOmics_cloud/odms/prd/sz_history/bigdata_warehouse/odms/P20Z10200N0157/bigdata_dw/omics_history_data/sample/3310B468397EE9719181EE0781227EBB/P17Z10200N0159/genomics/HSG56PD7GA/variant/snv_shortIndel/avcf/HSG56PD7GA.allsite.vcf.gz.tbi,/Files/ResultData/Workflow/W202508130007117/24S08310630.bqsr.bam,/Files/ResultData/Workflow/W202507160008563/E-S24707256971/hla/E-S24707256971.hla_typing.txt,/Files/ResultData/Workflow/W202508130007117/24S08310630.bqsr.bam.bai,/Files/sz_history/longrui/pgx/positions.bed,/Files/sz_history/longrui/pgx/pharmcat_positions.vcf.gz,/Files/sz_history/longrui/pgx/pharmcat_positions.vcf.gz.csi,1900649741C,/Files/sz_history/huangfei/BGE/hcWGS/HLA,/Files/sz_history/zhenghaihui/lush,/Files/sz_history/huangfei/BGE/database,megabolt,/Files/sz_history/huangfei/BGE/database/genome/hg38_noalt_withrandom,/Files/sz_history/huangfei/BGE/database/genome/hg38_noalt_withrandom/All_20180418.new.vcf.gz,/Files/sz_history/huangfei/BGE/database/genome/hg38_noalt_withrandom/All_20180418.new.vcf.gz.csi
1900649711C,/zfsms3/ST_STOMICS/STOmics_cloud/odms/prd/sz_history/bigdata_warehouse/odms/P20Z10200N0157/bigdata_dw/omics_history_data/sample/AF389736FFDB72B45570BA2F464227A9/P17Z10200N0159/genomics/E4NCGLTOO6/variant/snv_shortIndel/avcf/E4NCGLTOO6.allsite.vcf.gz,/zfsms3/ST_STOMICS/STOmics_cloud/odms/prd/sz_history/bigdata_warehouse/odms/P20Z10200N0157/bigdata_dw/omics_history_data/sample/AF389736FFDB72B45570BA2F464227A9/P17Z10200N0159/genomics/E4NCGLTOO6/variant/snv_shortIndel/avcf/E4NCGLTOO6.allsite.vcf.gz.tbi,/Files/ResultData/Workflow/W202508130007117/24S08310630.bqsr.bam,/Files/ResultData/Workflow/W202507160008563/E-S24707256971/hla/E-S24707256971.hla_typing.txt,/Files/ResultData/Workflow/W202508130007117/24S08310630.bqsr.bam.bai,/Files/sz_history/longrui/pgx/positions.bed,/Files/sz_history/longrui/pgx/pharmcat_positions.vcf.gz,/Files/sz_history/longrui/pgx/pharmcat_positions.vcf.gz.csi,1900649711C,/Files/sz_history/huangfei/BGE/hcWGS/HLA,/Files/sz_history/zhenghaihui/lush,/Files/sz_history/huangfei/BGE/database,megabolt,/Files/sz_history/huangfei/BGE/database/genome/hg38_noalt_withrandom,/Files/sz_history/huangfei/BGE/database/genome/hg38_noalt_withrandom/All_20180418.new.vcf.gz,/Files/sz_history/huangfei/BGE/database/genome/hg38_noalt_withrandom/All_20180418.new.vcf.gz.csi
1900649783C,/zfsms3/ST_STOMICS/STOmics_cloud/odms/prd/sz_history/bigdata_warehouse/odms/P20Z10200N0157/bigdata_dw/omics_history_data/sample/858EC854DE22B68E1D18E119350B2C65/P17Z10200N0159/genomics/EO8UAA9MKL/variant/snv_shortIndel/avcf/EO8UAA9MKL.allsite.vcf.gz,/zfsms3/ST_STOMICS/STOmics_cloud/odms/prd/sz_history/bigdata_warehouse/odms/P20Z10200N0157/bigdata_dw/omics_history_data/sample/858EC854DE22B68E1D18E119350B2C65/P17Z10200N0159/genomics/EO8UAA9MKL/variant/snv_shortIndel/avcf/EO8UAA9MKL.allsite.vcf.gz.tbi,/Files/ResultData/Workflow/W202508130007117/24S08310630.bqsr.bam,/Files/ResultData/Workflow/W202507160008563/E-S24707256971/hla/E-S24707256971.hla_typing.txt,/Files/ResultData/Workflow/W202508130007117/24S08310630.bqsr.bam.bai,/Files/sz_history/longrui/pgx/positions.bed,/Files/sz_history/longrui/pgx/pharmcat_positions.vcf.gz,/Files/sz_history/longrui/pgx/pharmcat_positions.vcf.gz.csi,1900649783C,/Files/sz_history/huangfei/BGE/hcWGS/HLA,/Files/sz_history/zhenghaihui/lush,/Files/sz_history/huangfei/BGE/database,megabolt,/Files/sz_history/huangfei/BGE/database/genome/hg38_noalt_withrandom,/Files/sz_history/huangfei/BGE/database/genome/hg38_noalt_withrandom/All_20180418.new.vcf.gz,/Files/sz_history/huangfei/BGE/database/genome/hg38_noalt_withrandom/All_20180418.new.vcf.gz.csi
1900649778C,/zfsms3/ST_STOMICS/STOmics_cloud/odms/prd/sz_history/bigdata_warehouse/odms/P20Z10200N0157/bigdata_dw/omics_history_data/sample/CEB882FD1FAED8212828C41F0BAB049E/P17Z10200N0159/genomics/1O0CG6PMKL/variant/snv_shortIndel/avcf/diff_arg_nullOrEmpty/1O0CG6PMKL.allsite.vcf.gz,/zfsms3/ST_STOMICS/STOmics_cloud/odms/prd/sz_history/bigdata_warehouse/odms/P20Z10200N0157/bigdata_dw/omics_history_data/sample/CEB882FD1FAED8212828C41F0BAB049E/P17Z10200N0159/genomics/1O0CG6PMKL/variant/snv_shortIndel/avcf/diff_arg_nullOrEmpty/1O0CG6PMKL.allsite.vcf.gz.tbi,/Files/ResultData/Workflow/W202508130007117/24S08310630.bqsr.bam,/Files/ResultData/Workflow/W202507160008563/E-S24707256971/hla/E-S24707256971.hla_typing.txt,/Files/ResultData/Workflow/W202508130007117/24S08310630.bqsr.bam.bai,/Files/sz_history/longrui/pgx/positions.bed,/Files/sz_history/longrui/pgx/pharmcat_positions.vcf.gz,/Files/sz_history/longrui/pgx/pharmcat_positions.vcf.gz.csi,1900649778C,/Files/sz_history/huangfei/BGE/hcWGS/HLA,/Files/sz_history/zhenghaihui/lush,/Files/sz_history/huangfei/BGE/database,megabolt,/Files/sz_history/huangfei/BGE/database/genome/hg38_noalt_withrandom,/Files/sz_history/huangfei/BGE/database/genome/hg38_noalt_withrandom/All_20180418.new.vcf.gz,/Files/sz_history/huangfei/BGE/database/genome/hg38_noalt_withrandom/All_20180418.new.vcf.gz.csi
1900646148C,/zfsms3/ST_STOMICS/STOmics_cloud/odms/prd/sz_history/bigdata_warehouse/odms/P20Z10200N0157/bigdata_dw/omics_history_data/sample/CC2C5534D152260B6364AA6619370DC4/P17Z10200N0159/genomics/RNVY8Y4SDS/variant/snv_shortIndel/avcf/diff_arg_nullOrEmpty/RNVY8Y4SDS.allsite.vcf.gz,/zfsms3/ST_STOMICS/STOmics_cloud/odms/prd/sz_history/bigdata_warehouse/odms/P20Z10200N0157/bigdata_dw/omics_history_data/sample/CC2C5534D152260B6364AA6619370DC4/P17Z10200N0159/genomics/RNVY8Y4SDS/variant/snv_shortIndel/avcf/diff_arg_nullOrEmpty/RNVY8Y4SDS.allsite.vcf.gz.tbi,/Files/ResultData/Workflow/W202508130007117/24S08310630.bqsr.bam,/Files/ResultData/Workflow/W202507160008563/E-S24707256971/hla/E-S24707256971.hla_typing.txt,/Files/ResultData/Workflow/W202508130007117/24S08310630.bqsr.bam.bai,/Files/sz_history/longrui/pgx/positions.bed,/Files/sz_history/longrui/pgx/pharmcat_positions.vcf.gz,/Files/sz_history/longrui/pgx/pharmcat_positions.vcf.gz.csi,1900646148C,/Files/sz_history/huangfei/BGE/hcWGS/HLA,/Files/sz_history/zhenghaihui/lush,/Files/sz_history/huangfei/BGE/database,megabolt,/Files/sz_history/huangfei/BGE/database/genome/hg38_noalt_withrandom,/Files/sz_history/huangfei/BGE/database/genome/hg38_noalt_withrandom/All_20180418.new.vcf.gz,/Files/sz_history/huangfei/BGE/database/genome/hg38_noalt_withrandom/All_20180418.new.vcf.gz.csi
1900618788C,/zfsms3/ST_STOMICS/STOmics_cloud/odms/prd/sz_history/bigdata_warehouse/odms/P20Z10200N0157/bigdata_dw/omics_history_data/sample/499A46B792DA1E261CA2A14E6B8EA14E/P17Z10200N0159/genomics/6ML7U06ENV/variant/snv_shortIndel/avcf/6ML7U06ENV.allsite.vcf.gz,/zfsms3/ST_STOMICS/STOmics_cloud/odms/prd/sz_history/bigdata_warehouse/odms/P20Z10200N0157/bigdata_dw/omics_history_data/sample/499A46B792DA1E261CA2A14E6B8EA14E/P17Z10200N0159/genomics/6ML7U06ENV/variant/snv_shortIndel/avcf/6ML7U06ENV.allsite.vcf.gz.tbi,/Files/ResultData/Workflow/W202508130007117/24S08310630.bqsr.bam,/Files/ResultData/Workflow/W202507160008563/E-S24707256971/hla/E-S24707256971.hla_typing.txt,/Files/ResultData/Workflow/W202508130007117/24S08310630.bqsr.bam.bai,/Files/sz_history/longrui/pgx/positions.bed,/Files/sz_history/longrui/pgx/pharmcat_positions.vcf.gz,/Files/sz_history/longrui/pgx/pharmcat_positions.vcf.gz.csi,1900618788C,/Files/sz_history/huangfei/BGE/hcWGS/HLA,/Files/sz_history/zhenghaihui/lush,/Files/sz_history/huangfei/BGE/database,megabolt,/Files/sz_history/huangfei/BGE/database/genome/hg38_noalt_withrandom,/Files/sz_history/huangfei/BGE/database/genome/hg38_noalt_withrandom/All_20180418.new.vcf.gz,/Files/sz_history/huangfei/BGE/database/genome/hg38_noalt_withrandom/All_20180418.new.vcf.gz.csi
1900646136C,/zfsms3/ST_STOMICS/STOmics_cloud/odms/prd/sz_history/bigdata_warehouse/odms/P20Z10200N0157/bigdata_dw/omics_history_data/sample/CB0C59181F69FC49AB2D2DA8C1FDFF40/P17Z10200N0159/genomics/VMEZK8CFBA/variant/snv_shortIndel/avcf/VMEZK8CFBA.allsite.vcf.gz,/zfsms3/ST_STOMICS/STOmics_cloud/odms/prd/sz_history/bigdata_warehouse/odms/P20Z10200N0157/bigdata_dw/omics_history_data/sample/CB0C59181F69FC49AB2D2DA8C1FDFF40/P17Z10200N0159/genomics/VMEZK8CFBA/variant/snv_shortIndel/avcf/VMEZK8CFBA.allsite.vcf.gz.tbi,/Files/ResultData/Workflow/W202508130007117/24S08310630.bqsr.bam,/Files/ResultData/Workflow/W202507160008563/E-S24707256971/hla/E-S24707256971.hla_typing.txt,/Files/ResultData/Workflow/W202508130007117/24S08310630.bqsr.bam.bai,/Files/sz_history/longrui/pgx/positions.bed,/Files/sz_history/longrui/pgx/pharmcat_positions.vcf.gz,/Files/sz_history/longrui/pgx/pharmcat_positions.vcf.gz.csi,1900646136C,/Files/sz_history/huangfei/BGE/hcWGS/HLA,/Files/sz_history/zhenghaihui/lush,/Files/sz_history/huangfei/BGE/database,megabolt,/Files/sz_history/huangfei/BGE/database/genome/hg38_noalt_withrandom,/Files/sz_history/huangfei/BGE/database/genome/hg38_noalt_withrandom/All_20180418.new.vcf.gz,/Files/sz_history/huangfei/BGE/database/genome/hg38_noalt_withrandom/All_20180418.new.vcf.gz.csi
1900618762C,/zfsms3/ST_STOMICS/STOmics_cloud/odms/prd/sz_history/bigdata_warehouse/odms/P20Z10200N0157/bigdata_dw/omics_history_data/sample/5A3B7444A0BA4AC3C666E22CB88D83B5/P17Z10200N0159/genomics/ZODQAR9DZM/variant/snv_shortIndel/avcf/ZODQAR9DZM.allsite.vcf.gz,/zfsms3/ST_STOMICS/STOmics_cloud/odms/prd/sz_history/bigdata_warehouse/odms/P20Z10200N0157/bigdata_dw/omics_history_data/sample/5A3B7444A0BA4AC3C666E22CB88D83B5/P17Z10200N0159/genomics/ZODQAR9DZM/variant/snv_shortIndel/avcf/ZODQAR9DZM.allsite.vcf.gz.tbi,/Files/ResultData/Workflow/W202508130007117/24S08310630.bqsr.bam,/Files/ResultData/Workflow/W202507160008563/E-S24707256971/hla/E-S24707256971.hla_typing.txt,/Files/ResultData/Workflow/W202508130007117/24S08310630.bqsr.bam.bai,/Files/sz_history/longrui/pgx/positions.bed,/Files/sz_history/longrui/pgx/pharmcat_positions.vcf.gz,/Files/sz_history/longrui/pgx/pharmcat_positions.vcf.gz.csi,1900618762C,/Files/sz_history/huangfei/BGE/hcWGS/HLA,/Files/sz_history/zhenghaihui/lush,/Files/sz_history/huangfei/BGE/database,megabolt,/Files/sz_history/huangfei/BGE/database/genome/hg38_noalt_withrandom,/Files/sz_history/huangfei/BGE/database/genome/hg38_noalt_withrandom/All_20180418.new.vcf.gz,/Files/sz_history/huangfei/BGE/database/genome/hg38_noalt_withrandom/All_20180418.new.vcf.gz.csi
1900646155C,/zfsms3/ST_STOMICS/STOmics_cloud/odms/prd/sz_history/bigdata_warehouse/odms/P20Z10200N0157/bigdata_dw/omics_history_data/sample/65A1D1C950DD9C287B2A76BBD0DCB86F/P17Z10200N0159/genomics/O7N7A6FJB3/variant/snv_shortIndel/avcf/O7N7A6FJB3.allsite.vcf.gz,/zfsms3/ST_STOMICS/STOmics_cloud/odms/prd/sz_history/bigdata_warehouse/odms/P20Z10200N0157/bigdata_dw/omics_history_data/sample/65A1D1C950DD9C287B2A76BBD0DCB86F/P17Z10200N0159/genomics/O7N7A6FJB3/variant/snv_shortIndel/avcf/O7N7A6FJB3.allsite.vcf.gz.tbi,/Files/ResultData/Workflow/W202508130007117/24S08310630.bqsr.bam,/Files/ResultData/Workflow/W202507160008563/E-S24707256971/hla/E-S24707256971.hla_typing.txt,/Files/ResultData/Workflow/W202508130007117/24S08310630.bqsr.bam.bai,/Files/sz_history/longrui/pgx/positions.bed,/Files/sz_history/longrui/pgx/pharmcat_positions.vcf.gz,/Files/sz_history/longrui/pgx/pharmcat_positions.vcf.gz.csi,1900646155C,/Files/sz_history/huangfei/BGE/hcWGS/HLA,/Files/sz_history/zhenghaihui/lush,/Files/sz_history/huangfei/BGE/database,megabolt,/Files/sz_history/huangfei/BGE/database/genome/hg38_noalt_withrandom,/Files/sz_history/huangfei/BGE/database/genome/hg38_noalt_withrandom/All_20180418.new.vcf.gz,/Files/sz_history/huangfei/BGE/database/genome/hg38_noalt_withrandom/All_20180418.new.vcf.gz.csi
1900618789C,/zfsms3/ST_STOMICS/STOmics_cloud/odms/prd/sz_history/bigdata_warehouse/odms/P20Z10200N0157/bigdata_dw/omics_history_data/sample/C42987094459932C9BFBA1645027E933/P17Z10200N0159/genomics/CDB2ZS4E9F/variant/snv_shortIndel/avcf/CDB2ZS4E9F.allsite.vcf.gz,/zfsms3/ST_STOMICS/STOmics_cloud/odms/prd/sz_history/bigdata_warehouse/odms/P20Z10200N0157/bigdata_dw/omics_history_data/sample/C42987094459932C9BFBA1645027E933/P17Z10200N0159/genomics/CDB2ZS4E9F/variant/snv_shortIndel/avcf/CDB2ZS4E9F.allsite.vcf.gz.tbi,/Files/ResultData/Workflow/W202508130007117/24S08310630.bqsr.bam,/Files/ResultData/Workflow/W202507160008563/E-S24707256971/hla/E-S24707256971.hla_typing.txt,/Files/ResultData/Workflow/W202508130007117/24S08310630.bqsr.bam.bai,/Files/sz_history/longrui/pgx/positions.bed,/Files/sz_history/longrui/pgx/pharmcat_positions.vcf.gz,/Files/sz_history/longrui/pgx/pharmcat_positions.vcf.gz.csi,1900618789C,/Files/sz_history/huangfei/BGE/hcWGS/HLA,/Files/sz_history/zhenghaihui/lush,/Files/sz_history/huangfei/BGE/database,megabolt,/Files/sz_history/huangfei/BGE/database/genome/hg38_noalt_withrandom,/Files/sz_history/huangfei/BGE/database/genome/hg38_noalt_withrandom/All_20180418.new.vcf.gz,/Files/sz_history/huangfei/BGE/database/genome/hg38_noalt_withrandom/All_20180418.new.vcf.gz.csi
1900617650C,/zfsms3/ST_STOMICS/STOmics_cloud/odms/prd/sz_history/bigdata_warehouse/odms/P20Z10200N0157/bigdata_dw/omics_history_data/sample/27CD661E3685B7F835E3BB47CA82FA24/P17Z10200N0159/genomics/I6C7BCPM1G/variant/snv_shortIndel/avcf/I6C7BCPM1G.allsite.vcf.gz,/zfsms3/ST_STOMICS/STOmics_cloud/odms/prd/sz_history/bigdata_warehouse/odms/P20Z10200N0157/bigdata_dw/omics_history_data/sample/27CD661E3685B7F835E3BB47CA82FA24/P17Z10200N0159/genomics/I6C7BCPM1G/variant/snv_shortIndel/avcf/I6C7BCPM1G.allsite.vcf.gz.tbi,/Files/ResultData/Workflow/W202508130007117/24S08310630.bqsr.bam,/Files/ResultData/Workflow/W202507160008563/E-S24707256971/hla/E-S24707256971.hla_typing.txt,/Files/ResultData/Workflow/W202508130007117/24S08310630.bqsr.bam.bai,/Files/sz_history/longrui/pgx/positions.bed,/Files/sz_history/longrui/pgx/pharmcat_positions.vcf.gz,/Files/sz_history/longrui/pgx/pharmcat_positions.vcf.gz.csi,1900617650C,/Files/sz_history/huangfei/BGE/hcWGS/HLA,/Files/sz_history/zhenghaihui/lush,/Files/sz_history/huangfei/BGE/database,megabolt,/Files/sz_history/huangfei/BGE/database/genome/hg38_noalt_withrandom,/Files/sz_history/huangfei/BGE/database/genome/hg38_noalt_withrandom/All_20180418.new.vcf.gz,/Files/sz_history/huangfei/BGE/database/genome/hg38_noalt_withrandom/All_20180418.new.vcf.gz.csi
1900618781C,/zfsms3/ST_STOMICS/STOmics_cloud/odms/prd/sz_history/bigdata_warehouse/odms/P20Z10200N0157/bigdata_dw/omics_history_data/sample/F90D0C9D122A3348E165061854587EFB/P17Z10200N0159/genomics/D3CNIUWGXS/variant/snv_shortIndel/avcf/D3CNIUWGXS.allsite.vcf.gz,/zfsms3/ST_STOMICS/STOmics_cloud/odms/prd/sz_history/bigdata_warehouse/odms/P20Z10200N0157/bigdata_dw/omics_history_data/sample/F90D0C9D122A3348E165061854587EFB/P17Z10200N0159/genomics/D3CNIUWGXS/variant/snv_shortIndel/avcf/D3CNIUWGXS.allsite.vcf.gz.tbi,/Files/ResultData/Workflow/W202508130007117/24S08310630.bqsr.bam,/Files/ResultData/Workflow/W202507160008563/E-S24707256971/hla/E-S24707256971.hla_typing.txt,/Files/ResultData/Workflow/W202508130007117/24S08310630.bqsr.bam.bai,/Files/sz_history/longrui/pgx/positions.bed,/Files/sz_history/longrui/pgx/pharmcat_positions.vcf.gz,/Files/sz_history/longrui/pgx/pharmcat_positions.vcf.gz.csi,1900618781C,/Files/sz_history/huangfei/BGE/hcWGS/HLA,/Files/sz_history/zhenghaihui/lush,/Files/sz_history/huangfei/BGE/database,megabolt,/Files/sz_history/huangfei/BGE/database/genome/hg38_noalt_withrandom,/Files/sz_history/huangfei/BGE/database/genome/hg38_noalt_withrandom/All_20180418.new.vcf.gz,/Files/sz_history/huangfei/BGE/database/genome/hg38_noalt_withrandom/All_20180418.new.vcf.gz.csi
1900618756C,/zfsms3/ST_STOMICS/STOmics_cloud/odms/prd/sz_history/bigdata_warehouse/odms/P20Z10200N0157/bigdata_dw/omics_history_data/sample/2178AE7E466CFFEB2BA39D9F8735756F/P17Z10200N0159/genomics/YYQKG8TOXP/variant/snv_shortIndel/avcf/YYQKG8TOXP.allsite.vcf.gz,/zfsms3/ST_STOMICS/STOmics_cloud/odms/prd/sz_history/bigdata_warehouse/odms/P20Z10200N0157/bigdata_dw/omics_history_data/sample/2178AE7E466CFFEB2BA39D9F8735756F/P17Z10200N0159/genomics/YYQKG8TOXP/variant/snv_shortIndel/avcf/YYQKG8TOXP.allsite.vcf.gz.tbi,/Files/ResultData/Workflow/W202508130007117/24S08310630.bqsr.bam,/Files/ResultData/Workflow/W202507160008563/E-S24707256971/hla/E-S24707256971.hla_typing.txt,/Files/ResultData/Workflow/W202508130007117/24S08310630.bqsr.bam.bai,/Files/sz_history/longrui/pgx/positions.bed,/Files/sz_history/longrui/pgx/pharmcat_positions.vcf.gz,/Files/sz_history/longrui/pgx/pharmcat_positions.vcf.gz.csi,1900618756C,/Files/sz_history/huangfei/BGE/hcWGS/HLA,/Files/sz_history/zhenghaihui/lush,/Files/sz_history/huangfei/BGE/database,megabolt,/Files/sz_history/huangfei/BGE/database/genome/hg38_noalt_withrandom,/Files/sz_history/huangfei/BGE/database/genome/hg38_noalt_withrandom/All_20180418.new.vcf.gz,/Files/sz_history/huangfei/BGE/database/genome/hg38_noalt_withrandom/All_20180418.new.vcf.gz.csi
1900618784C,/zfsms3/ST_STOMICS/STOmics_cloud/odms/prd/sz_history/bigdata_warehouse/odms/P20Z10200N0157/bigdata_dw/omics_history_data/sample/966DA1256D400FAF5759E2D146EF4033/P17Z10200N0159/genomics/9H92YJ8J4Z/variant/snv_shortIndel/avcf/9H92YJ8J4Z.allsite.vcf.gz,/zfsms3/ST_STOMICS/STOmics_cloud/odms/prd/sz_history/bigdata_warehouse/odms/P20Z10200N0157/bigdata_dw/omics_history_data/sample/966DA1256D400FAF5759E2D146EF4033/P17Z10200N0159/genomics/9H92YJ8J4Z/variant/snv_shortIndel/avcf/9H92YJ8J4Z.allsite.vcf.gz.tbi,/Files/ResultData/Workflow/W202508130007117/24S08310630.bqsr.bam,/Files/ResultData/Workflow/W202507160008563/E-S24707256971/hla/E-S24707256971.hla_typing.txt,/Files/ResultData/Workflow/W202508130007117/24S08310630.bqsr.bam.bai,/Files/sz_history/longrui/pgx/positions.bed,/Files/sz_history/longrui/pgx/pharmcat_positions.vcf.gz,/Files/sz_history/longrui/pgx/pharmcat_positions.vcf.gz.csi,1900618784C,/Files/sz_history/huangfei/BGE/hcWGS/HLA,/Files/sz_history/zhenghaihui/lush,/Files/sz_history/huangfei/BGE/database,megabolt,/Files/sz_history/huangfei/BGE/database/genome/hg38_noalt_withrandom,/Files/sz_history/huangfei/BGE/database/genome/hg38_noalt_withrandom/All_20180418.new.vcf.gz,/Files/sz_history/huangfei/BGE/database/genome/hg38_noalt_withrandom/All_20180418.new.vcf.gz.csi
1900617671C,/zfsms3/ST_STOMICS/STOmics_cloud/odms/prd/sz_history/bigdata_warehouse/odms/P20Z10200N0157/bigdata_dw/omics_history_data/sample/F1081E2149CFFBE42881D450767441E4/P17Z10200N0159/genomics/HG88NH4G7X/variant/snv_shortIndel/avcf/HG88NH4G7X.allsite.vcf.gz,/zfsms3/ST_STOMICS/STOmics_cloud/odms/prd/sz_history/bigdata_warehouse/odms/P20Z10200N0157/bigdata_dw/omics_history_data/sample/F1081E2149CFFBE42881D450767441E4/P17Z10200N0159/genomics/HG88NH4G7X/variant/snv_shortIndel/avcf/HG88NH4G7X.allsite.vcf.gz.tbi,/Files/ResultData/Workflow/W202508130007117/24S08310630.bqsr.bam,/Files/ResultData/Workflow/W202507160008563/E-S24707256971/hla/E-S24707256971.hla_typing.txt,/Files/ResultData/Workflow/W202508130007117/24S08310630.bqsr.bam.bai,/Files/sz_history/longrui/pgx/positions.bed,/Files/sz_history/longrui/pgx/pharmcat_positions.vcf.gz,/Files/sz_history/longrui/pgx/pharmcat_positions.vcf.gz.csi,1900617671C,/Files/sz_history/huangfei/BGE/hcWGS/HLA,/Files/sz_history/zhenghaihui/lush,/Files/sz_history/huangfei/BGE/database,megabolt,/Files/sz_history/huangfei/BGE/database/genome/hg38_noalt_withrandom,/Files/sz_history/huangfei/BGE/database/genome/hg38_noalt_withrandom/All_20180418.new.vcf.gz,/Files/sz_history/huangfei/BGE/database/genome/hg38_noalt_withrandom/All_20180418.new.vcf.gz.csi
1900618778C,/zfsms3/ST_STOMICS/STOmics_cloud/odms/prd/sz_history/bigdata_warehouse/odms/P20Z10200N0157/bigdata_dw/omics_history_data/sample/40A848F027EB451819E93E1D08AC763B/P17Z10200N0159/genomics/2203TE3T5K/variant/snv_shortIndel/avcf/2203TE3T5K.allsite.vcf.gz,/zfsms3/ST_STOMICS/STOmics_cloud/odms/prd/sz_history/bigdata_warehouse/odms/P20Z10200N0157/bigdata_dw/omics_history_data/sample/40A848F027EB451819E93E1D08AC763B/P17Z10200N0159/genomics/2203TE3T5K/variant/snv_shortIndel/avcf/2203TE3T5K.allsite.vcf.gz.tbi,/Files/ResultData/Workflow/W202508130007117/24S08310630.bqsr.bam,/Files/ResultData/Workflow/W202507160008563/E-S24707256971/hla/E-S24707256971.hla_typing.txt,/Files/ResultData/Workflow/W202508130007117/24S08310630.bqsr.bam.bai,/Files/sz_history/longrui/pgx/positions.bed,/Files/sz_history/longrui/pgx/pharmcat_positions.vcf.gz,/Files/sz_history/longrui/pgx/pharmcat_positions.vcf.gz.csi,1900618778C,/Files/sz_history/huangfei/BGE/hcWGS/HLA,/Files/sz_history/zhenghaihui/lush,/Files/sz_history/huangfei/BGE/database,megabolt,/Files/sz_history/huangfei/BGE/database/genome/hg38_noalt_withrandom,/Files/sz_history/huangfei/BGE/database/genome/hg38_noalt_withrandom/All_20180418.new.vcf.gz,/Files/sz_history/huangfei/BGE/database/genome/hg38_noalt_withrandom/All_20180418.new.vcf.gz.csi
1900617603C,/zfsms3/ST_STOMICS/STOmics_cloud/odms/prd/sz_history/bigdata_warehouse/odms/P20Z10200N0157/bigdata_dw/omics_history_data/sample/5BA81AB169399A9E784F89FBECC71841/P17Z10200N0159/genomics/Q1MXHXLGL0/variant/snv_shortIndel/avcf/Q1MXHXLGL0.allsite.vcf.gz,/zfsms3/ST_STOMICS/STOmics_cloud/odms/prd/sz_history/bigdata_warehouse/odms/P20Z10200N0157/bigdata_dw/omics_history_data/sample/5BA81AB169399A9E784F89FBECC71841/P17Z10200N0159/genomics/Q1MXHXLGL0/variant/snv_shortIndel/avcf/Q1MXHXLGL0.allsite.vcf.gz.tbi,/Files/ResultData/Workflow/W202508130007117/24S08310630.bqsr.bam,/Files/ResultData/Workflow/W202507160008563/E-S24707256971/hla/E-S24707256971.hla_typing.txt,/Files/ResultData/Workflow/W202508130007117/24S08310630.bqsr.bam.bai,/Files/sz_history/longrui/pgx/positions.bed,/Files/sz_history/longrui/pgx/pharmcat_positions.vcf.gz,/Files/sz_history/longrui/pgx/pharmcat_positions.vcf.gz.csi,1900617603C,/Files/sz_history/huangfei/BGE/hcWGS/HLA,/Files/sz_history/zhenghaihui/lush,/Files/sz_history/huangfei/BGE/database,megabolt,/Files/sz_history/huangfei/BGE/database/genome/hg38_noalt_withrandom,/Files/sz_history/huangfei/BGE/database/genome/hg38_noalt_withrandom/All_20180418.new.vcf.gz,/Files/sz_history/huangfei/BGE/database/genome/hg38_noalt_withrandom/All_20180418.new.vcf.gz.csi
1900617694C,/zfsms3/ST_STOMICS/STOmics_cloud/odms/prd/sz_history/bigdata_warehouse/odms/P20Z10200N0157/bigdata_dw/omics_history_data/sample/FF994E812E92C32EA6A19E6F00F8B788/P17Z10200N0159/genomics/8YN0OTD2UU/variant/snv_shortIndel/avcf/8YN0OTD2UU.allsite.vcf.gz,/zfsms3/ST_STOMICS/STOmics_cloud/odms/prd/sz_history/bigdata_warehouse/odms/P20Z10200N0157/bigdata_dw/omics_history_data/sample/FF994E812E92C32EA6A19E6F00F8B788/P17Z10200N0159/genomics/8YN0OTD2UU/variant/snv_shortIndel/avcf/8YN0OTD2UU.allsite.vcf.gz.tbi,/Files/ResultData/Workflow/W202508130007117/24S08310630.bqsr.bam,/Files/ResultData/Workflow/W202507160008563/E-S24707256971/hla/E-S24707256971.hla_typing.txt,/Files/ResultData/Workflow/W202508130007117/24S08310630.bqsr.bam.bai,/Files/sz_history/longrui/pgx/positions.bed,/Files/sz_history/longrui/pgx/pharmcat_positions.vcf.gz,/Files/sz_history/longrui/pgx/pharmcat_positions.vcf.gz.csi,1900617694C,/Files/sz_history/huangfei/BGE/hcWGS/HLA,/Files/sz_history/zhenghaihui/lush,/Files/sz_history/huangfei/BGE/database,megabolt,/Files/sz_history/huangfei/BGE/database/genome/hg38_noalt_withrandom,/Files/sz_history/huangfei/BGE/database/genome/hg38_noalt_withrandom/All_20180418.new.vcf.gz,/Files/sz_history/huangfei/BGE/database/genome/hg38_noalt_withrandom/All_20180418.new.vcf.gz.csi
1900611422C,/zfsms3/ST_STOMICS/STOmics_cloud/odms/prd/sz_history/bigdata_warehouse/odms/P20Z10200N0157/bigdata_dw/omics_history_data/sample/717A01738480E1669F21F21441CD1728/P17Z10200N0159/genomics/65DX3YAMPS/variant/snv_shortIndel/avcf/65DX3YAMPS.allsite.vcf.gz,/zfsms3/ST_STOMICS/STOmics_cloud/odms/prd/sz_history/bigdata_warehouse/odms/P20Z10200N0157/bigdata_dw/omics_history_data/sample/717A01738480E1669F21F21441CD1728/P17Z10200N0159/genomics/65DX3YAMPS/variant/snv_shortIndel/avcf/65DX3YAMPS.allsite.vcf.gz.tbi,/Files/ResultData/Workflow/W202508130007117/24S08310630.bqsr.bam,/Files/ResultData/Workflow/W202507160008563/E-S24707256971/hla/E-S24707256971.hla_typing.txt,/Files/ResultData/Workflow/W202508130007117/24S08310630.bqsr.bam.bai,/Files/sz_history/longrui/pgx/positions.bed,/Files/sz_history/longrui/pgx/pharmcat_positions.vcf.gz,/Files/sz_history/longrui/pgx/pharmcat_positions.vcf.gz.csi,1900611422C,/Files/sz_history/huangfei/BGE/hcWGS/HLA,/Files/sz_history/zhenghaihui/lush,/Files/sz_history/huangfei/BGE/database,megabolt,/Files/sz_history/huangfei/BGE/database/genome/hg38_noalt_withrandom,/Files/sz_history/huangfei/BGE/database/genome/hg38_noalt_withrandom/All_20180418.new.vcf.gz,/Files/sz_history/huangfei/BGE/database/genome/hg38_noalt_withrandom/All_20180418.new.vcf.gz.csi
1900611481C,/zfsms3/ST_STOMICS/STOmics_cloud/odms/prd/sz_history/bigdata_warehouse/odms/P20Z10200N0157/bigdata_dw/omics_history_data/sample/C1310861FDC4F408CA4908B4B1CF9E32/P17Z10200N0159/genomics/YVWBOTUSKG/variant/snv_shortIndel/avcf/YVWBOTUSKG.allsite.vcf.gz,/zfsms3/ST_STOMICS/STOmics_cloud/odms/prd/sz_history/bigdata_warehouse/odms/P20Z10200N0157/bigdata_dw/omics_history_data/sample/C1310861FDC4F408CA4908B4B1CF9E32/P17Z10200N0159/genomics/YVWBOTUSKG/variant/snv_shortIndel/avcf/YVWBOTUSKG.allsite.vcf.gz.tbi,/Files/ResultData/Workflow/W202508130007117/24S08310630.bqsr.bam,/Files/ResultData/Workflow/W202507160008563/E-S24707256971/hla/E-S24707256971.hla_typing.txt,/Files/ResultData/Workflow/W202508130007117/24S08310630.bqsr.bam.bai,/Files/sz_history/longrui/pgx/positions.bed,/Files/sz_history/longrui/pgx/pharmcat_positions.vcf.gz,/Files/sz_history/longrui/pgx/pharmcat_positions.vcf.gz.csi,1900611481C,/Files/sz_history/huangfei/BGE/hcWGS/HLA,/Files/sz_history/zhenghaihui/lush,/Files/sz_history/huangfei/BGE/database,megabolt,/Files/sz_history/huangfei/BGE/database/genome/hg38_noalt_withrandom,/Files/sz_history/huangfei/BGE/database/genome/hg38_noalt_withrandom/All_20180418.new.vcf.gz,/Files/sz_history/huangfei/BGE/database/genome/hg38_noalt_withrandom/All_20180418.new.vcf.gz.csi
1900610844C,/zfsms3/ST_STOMICS/STOmics_cloud/odms/prd/sz_history/bigdata_warehouse/odms/P20Z10200N0157/bigdata_dw/omics_history_data/sample/150396C8F8C0F722AD2528C0AB9B6F26/P17Z10200N0159/genomics/7TKYSAPVKR/variant/snv_shortIndel/avcf/7TKYSAPVKR.allsite.vcf.gz,/zfsms3/ST_STOMICS/STOmics_cloud/odms/prd/sz_history/bigdata_warehouse/odms/P20Z10200N0157/bigdata_dw/omics_history_data/sample/150396C8F8C0F722AD2528C0AB9B6F26/P17Z10200N0159/genomics/7TKYSAPVKR/variant/snv_shortIndel/avcf/7TKYSAPVKR.allsite.vcf.gz.tbi,/Files/ResultData/Workflow/W202508130007117/24S08310630.bqsr.bam,/Files/ResultData/Workflow/W202507160008563/E-S24707256971/hla/E-S24707256971.hla_typing.txt,/Files/ResultData/Workflow/W202508130007117/24S08310630.bqsr.bam.bai,/Files/sz_history/longrui/pgx/positions.bed,/Files/sz_history/longrui/pgx/pharmcat_positions.vcf.gz,/Files/sz_history/longrui/pgx/pharmcat_positions.vcf.gz.csi,1900610844C,/Files/sz_history/huangfei/BGE/hcWGS/HLA,/Files/sz_history/zhenghaihui/lush,/Files/sz_history/huangfei/BGE/database,megabolt,/Files/sz_history/huangfei/BGE/database/genome/hg38_noalt_withrandom,/Files/sz_history/huangfei/BGE/database/genome/hg38_noalt_withrandom/All_20180418.new.vcf.gz,/Files/sz_history/huangfei/BGE/database/genome/hg38_noalt_withrandom/All_20180418.new.vcf.gz.csi
1900610835C,/zfsms3/ST_STOMICS/STOmics_cloud/odms/prd/sz_history/bigdata_warehouse/odms/P20Z10200N0157/bigdata_dw/omics_history_data/sample/070790BB1B4A8A05E5B9A6FFC1E028D3/P17Z10200N0159/genomics/QGVJFT4CDT/variant/snv_shortIndel/avcf/QGVJFT4CDT.allsite.vcf.gz,/zfsms3/ST_STOMICS/STOmics_cloud/odms/prd/sz_history/bigdata_warehouse/odms/P20Z10200N0157/bigdata_dw/omics_history_data/sample/070790BB1B4A8A05E5B9A6FFC1E028D3/P17Z10200N0159/genomics/QGVJFT4CDT/variant/snv_shortIndel/avcf/QGVJFT4CDT.allsite.vcf.gz.tbi,/Files/ResultData/Workflow/W202508130007117/24S08310630.bqsr.bam,/Files/ResultData/Workflow/W202507160008563/E-S24707256971/hla/E-S24707256971.hla_typing.txt,/Files/ResultData/Workflow/W202508130007117/24S08310630.bqsr.bam.bai,/Files/sz_history/longrui/pgx/positions.bed,/Files/sz_history/longrui/pgx/pharmcat_positions.vcf.gz,/Files/sz_history/longrui/pgx/pharmcat_positions.vcf.gz.csi,1900610835C,/Files/sz_history/huangfei/BGE/hcWGS/HLA,/Files/sz_history/zhenghaihui/lush,/Files/sz_history/huangfei/BGE/database,megabolt,/Files/sz_history/huangfei/BGE/database/genome/hg38_noalt_withrandom,/Files/sz_history/huangfei/BGE/database/genome/hg38_noalt_withrandom/All_20180418.new.vcf.gz,/Files/sz_history/huangfei/BGE/database/genome/hg38_noalt_withrandom/All_20180418.new.vcf.gz.csi
1900611389C,/zfsms3/ST_STOMICS/STOmics_cloud/odms/prd/sz_history/bigdata_warehouse/odms/P20Z10200N0157/bigdata_dw/omics_history_data/sample/7CB4E818C65080D06A9979F430FBBA8F/P17Z10200N0159/genomics/PC1M7GMW0W/variant/snv_shortIndel/avcf/PC1M7GMW0W.allsite.vcf.gz,/zfsms3/ST_STOMICS/STOmics_cloud/odms/prd/sz_history/bigdata_warehouse/odms/P20Z10200N0157/bigdata_dw/omics_history_data/sample/7CB4E818C65080D06A9979F430FBBA8F/P17Z10200N0159/genomics/PC1M7GMW0W/variant/snv_shortIndel/avcf/PC1M7GMW0W.allsite.vcf.gz.tbi,/Files/ResultData/Workflow/W202508130007117/24S08310630.bqsr.bam,/Files/ResultData/Workflow/W202507160008563/E-S24707256971/hla/E-S24707256971.hla_typing.txt,/Files/ResultData/Workflow/W202508130007117/24S08310630.bqsr.bam.bai,/Files/sz_history/longrui/pgx/positions.bed,/Files/sz_history/longrui/pgx/pharmcat_positions.vcf.gz,/Files/sz_history/longrui/pgx/pharmcat_positions.vcf.gz.csi,1900611389C,/Files/sz_history/huangfei/BGE/hcWGS/HLA,/Files/sz_history/zhenghaihui/lush,/Files/sz_history/huangfei/BGE/database,megabolt,/Files/sz_history/huangfei/BGE/database/genome/hg38_noalt_withrandom,/Files/sz_history/huangfei/BGE/database/genome/hg38_noalt_withrandom/All_20180418.new.vcf.gz,/Files/sz_history/huangfei/BGE/database/genome/hg38_noalt_withrandom/All_20180418.new.vcf.gz.csi
1900619158C,/zfsms3/ST_STOMICS/STOmics_cloud/odms/prd/sz_history/bigdata_warehouse/odms/P20Z10200N0157/bigdata_dw/omics_history_data/sample/FBB5A236DC7102035F7E67F0E6D60B49/P17Z10200N0159/genomics/KIHGJUVPZY/variant/snv_shortIndel/avcf/KIHGJUVPZY.allsite.vcf.gz,/zfsms3/ST_STOMICS/STOmics_cloud/odms/prd/sz_history/bigdata_warehouse/odms/P20Z10200N0157/bigdata_dw/omics_history_data/sample/FBB5A236DC7102035F7E67F0E6D60B49/P17Z10200N0159/genomics/KIHGJUVPZY/variant/snv_shortIndel/avcf/KIHGJUVPZY.allsite.vcf.gz.tbi,/Files/ResultData/Workflow/W202508130007117/24S08310630.bqsr.bam,/Files/ResultData/Workflow/W202507160008563/E-S24707256971/hla/E-S24707256971.hla_typing.txt,/Files/ResultData/Workflow/W202508130007117/24S08310630.bqsr.bam.bai,/Files/sz_history/longrui/pgx/positions.bed,/Files/sz_history/longrui/pgx/pharmcat_positions.vcf.gz,/Files/sz_history/longrui/pgx/pharmcat_positions.vcf.gz.csi,1900619158C,/Files/sz_history/huangfei/BGE/hcWGS/HLA,/Files/sz_history/zhenghaihui/lush,/Files/sz_history/huangfei/BGE/database,megabolt,/Files/sz_history/huangfei/BGE/database/genome/hg38_noalt_withrandom,/Files/sz_history/huangfei/BGE/database/genome/hg38_noalt_withrandom/All_20180418.new.vcf.gz,/Files/sz_history/huangfei/BGE/database/genome/hg38_noalt_withrandom/All_20180418.new.vcf.gz.csi
1900611404C,/zfsms3/ST_STOMICS/STOmics_cloud/odms/prd/sz_history/bigdata_warehouse/odms/P20Z10200N0157/bigdata_dw/omics_history_data/sample/81CE88B7F5D122F4DBB7098ED1940B24/P17Z10200N0159/genomics/49NNI3IHRH/variant/snv_shortIndel/avcf/49NNI3IHRH.allsite.vcf.gz,/zfsms3/ST_STOMICS/STOmics_cloud/odms/prd/sz_history/bigdata_warehouse/odms/P20Z10200N0157/bigdata_dw/omics_history_data/sample/81CE88B7F5D122F4DBB7098ED1940B24/P17Z10200N0159/genomics/49NNI3IHRH/variant/snv_shortIndel/avcf/49NNI3IHRH.allsite.vcf.gz.tbi,/Files/ResultData/Workflow/W202508130007117/24S08310630.bqsr.bam,/Files/ResultData/Workflow/W202507160008563/E-S24707256971/hla/E-S24707256971.hla_typing.txt,/Files/ResultData/Workflow/W202508130007117/24S08310630.bqsr.bam.bai,/Files/sz_history/longrui/pgx/positions.bed,/Files/sz_history/longrui/pgx/pharmcat_positions.vcf.gz,/Files/sz_history/longrui/pgx/pharmcat_positions.vcf.gz.csi,1900611404C,/Files/sz_history/huangfei/BGE/hcWGS/HLA,/Files/sz_history/zhenghaihui/lush,/Files/sz_history/huangfei/BGE/database,megabolt,/Files/sz_history/huangfei/BGE/database/genome/hg38_noalt_withrandom,/Files/sz_history/huangfei/BGE/database/genome/hg38_noalt_withrandom/All_20180418.new.vcf.gz,/Files/sz_history/huangfei/BGE/database/genome/hg38_noalt_withrandom/All_20180418.new.vcf.gz.csi
1900611735C,/zfsms3/ST_STOMICS/STOmics_cloud/odms/prd/sz_history/bigdata_warehouse/odms/P20Z10200N0157/bigdata_dw/omics_history_data/sample/D901DB2D393D9FB4DE6A5AF72AE0BEDE/P17Z10200N0159/genomics/B0IURA5J6T/variant/snv_shortIndel/avcf/B0IURA5J6T.allsite.vcf.gz,/zfsms3/ST_STOMICS/STOmics_cloud/odms/prd/sz_history/bigdata_warehouse/odms/P20Z10200N0157/bigdata_dw/omics_history_data/sample/D901DB2D393D9FB4DE6A5AF72AE0BEDE/P17Z10200N0159/genomics/B0IURA5J6T/variant/snv_shortIndel/avcf/B0IURA5J6T.allsite.vcf.gz.tbi,/Files/ResultData/Workflow/W202508130007117/24S08310630.bqsr.bam,/Files/ResultData/Workflow/W202507160008563/E-S24707256971/hla/E-S24707256971.hla_typing.txt,/Files/ResultData/Workflow/W202508130007117/24S08310630.bqsr.bam.bai,/Files/sz_history/longrui/pgx/positions.bed,/Files/sz_history/longrui/pgx/pharmcat_positions.vcf.gz,/Files/sz_history/longrui/pgx/pharmcat_positions.vcf.gz.csi,1900611735C,/Files/sz_history/huangfei/BGE/hcWGS/HLA,/Files/sz_history/zhenghaihui/lush,/Files/sz_history/huangfei/BGE/database,megabolt,/Files/sz_history/huangfei/BGE/database/genome/hg38_noalt_withrandom,/Files/sz_history/huangfei/BGE/database/genome/hg38_noalt_withrandom/All_20180418.new.vcf.gz,/Files/sz_history/huangfei/BGE/database/genome/hg38_noalt_withrandom/All_20180418.new.vcf.gz.csi
1900611717C,/zfsms3/ST_STOMICS/STOmics_cloud/odms/prd/sz_history/bigdata_warehouse/odms/P20Z10200N0157/bigdata_dw/omics_history_data/sample/A370E6F3ED8CFF37DE3139144217DD9E/P17Z10200N0159/genomics/5YP5KZMBWD/variant/snv_shortIndel/avcf/5YP5KZMBWD.allsite.vcf.gz,/zfsms3/ST_STOMICS/STOmics_cloud/odms/prd/sz_history/bigdata_warehouse/odms/P20Z10200N0157/bigdata_dw/omics_history_data/sample/A370E6F3ED8CFF37DE3139144217DD9E/P17Z10200N0159/genomics/5YP5KZMBWD/variant/snv_shortIndel/avcf/5YP5KZMBWD.allsite.vcf.gz.tbi,/Files/ResultData/Workflow/W202508130007117/24S08310630.bqsr.bam,/Files/ResultData/Workflow/W202507160008563/E-S24707256971/hla/E-S24707256971.hla_typing.txt,/Files/ResultData/Workflow/W202508130007117/24S08310630.bqsr.bam.bai,/Files/sz_history/longrui/pgx/positions.bed,/Files/sz_history/longrui/pgx/pharmcat_positions.vcf.gz,/Files/sz_history/longrui/pgx/pharmcat_positions.vcf.gz.csi,1900611717C,/Files/sz_history/huangfei/BGE/hcWGS/HLA,/Files/sz_history/zhenghaihui/lush,/Files/sz_history/huangfei/BGE/database,megabolt,/Files/sz_history/huangfei/BGE/database/genome/hg38_noalt_withrandom,/Files/sz_history/huangfei/BGE/database/genome/hg38_noalt_withrandom/All_20180418.new.vcf.gz,/Files/sz_history/huangfei/BGE/database/genome/hg38_noalt_withrandom/All_20180418.new.vcf.gz.csi
1900610839C,/zfsms3/ST_STOMICS/STOmics_cloud/odms/prd/sz_history/bigdata_warehouse/odms/P20Z10200N0157/bigdata_dw/omics_history_data/sample/6EBC61EE6EA4EC80A70E819B89A48A80/P17Z10200N0159/genomics/FBI0VQQO5Q/variant/snv_shortIndel/avcf/FBI0VQQO5Q.allsite.vcf.gz,/zfsms3/ST_STOMICS/STOmics_cloud/odms/prd/sz_history/bigdata_warehouse/odms/P20Z10200N0157/bigdata_dw/omics_history_data/sample/6EBC61EE6EA4EC80A70E819B89A48A80/P17Z10200N0159/genomics/FBI0VQQO5Q/variant/snv_shortIndel/avcf/FBI0VQQO5Q.allsite.vcf.gz.tbi,/Files/ResultData/Workflow/W202508130007117/24S08310630.bqsr.bam,/Files/ResultData/Workflow/W202507160008563/E-S24707256971/hla/E-S24707256971.hla_typing.txt,/Files/ResultData/Workflow/W202508130007117/24S08310630.bqsr.bam.bai,/Files/sz_history/longrui/pgx/positions.bed,/Files/sz_history/longrui/pgx/pharmcat_positions.vcf.gz,/Files/sz_history/longrui/pgx/pharmcat_positions.vcf.gz.csi,1900610839C,/Files/sz_history/huangfei/BGE/hcWGS/HLA,/Files/sz_history/zhenghaihui/lush,/Files/sz_history/huangfei/BGE/database,megabolt,/Files/sz_history/huangfei/BGE/database/genome/hg38_noalt_withrandom,/Files/sz_history/huangfei/BGE/database/genome/hg38_noalt_withrandom/All_20180418.new.vcf.gz,/Files/sz_history/huangfei/BGE/database/genome/hg38_noalt_withrandom/All_20180418.new.vcf.gz.csi
1900618171C,/zfsms3/ST_STOMICS/STOmics_cloud/odms/prd/sz_history/bigdata_warehouse/odms/P20Z10200N0157/bigdata_dw/omics_history_data/sample/A72FE6B1D6BA4CCAD6C4EAD4D9987C92/P17Z10200N0159/genomics/CD1FKCHKOI/variant/snv_shortIndel/avcf/CD1FKCHKOI.allsite.vcf.gz,/zfsms3/ST_STOMICS/STOmics_cloud/odms/prd/sz_history/bigdata_warehouse/odms/P20Z10200N0157/bigdata_dw/omics_history_data/sample/A72FE6B1D6BA4CCAD6C4EAD4D9987C92/P17Z10200N0159/genomics/CD1FKCHKOI/variant/snv_shortIndel/avcf/CD1FKCHKOI.allsite.vcf.gz.tbi,/Files/ResultData/Workflow/W202508130007117/24S08310630.bqsr.bam,/Files/ResultData/Workflow/W202507160008563/E-S24707256971/hla/E-S24707256971.hla_typing.txt,/Files/ResultData/Workflow/W202508130007117/24S08310630.bqsr.bam.bai,/Files/sz_history/longrui/pgx/positions.bed,/Files/sz_history/longrui/pgx/pharmcat_positions.vcf.gz,/Files/sz_history/longrui/pgx/pharmcat_positions.vcf.gz.csi,1900618171C,/Files/sz_history/huangfei/BGE/hcWGS/HLA,/Files/sz_history/zhenghaihui/lush,/Files/sz_history/huangfei/BGE/database,megabolt,/Files/sz_history/huangfei/BGE/database/genome/hg38_noalt_withrandom,/Files/sz_history/huangfei/BGE/database/genome/hg38_noalt_withrandom/All_20180418.new.vcf.gz,/Files/sz_history/huangfei/BGE/database/genome/hg38_noalt_withrandom/All_20180418.new.vcf.gz.csi
1900610921C,/zfsms3/ST_STOMICS/STOmics_cloud/odms/prd/sz_history/bigdata_warehouse/odms/P20Z10200N0157/bigdata_dw/omics_history_data/sample/8F13B6FFE5A3BB0484B773535B8E3EDA/P17Z10200N0159/genomics/HK65UMKKGE/variant/snv_shortIndel/avcf/HK65UMKKGE.allsite.vcf.gz,/zfsms3/ST_STOMICS/STOmics_cloud/odms/prd/sz_history/bigdata_warehouse/odms/P20Z10200N0157/bigdata_dw/omics_history_data/sample/8F13B6FFE5A3BB0484B773535B8E3EDA/P17Z10200N0159/genomics/HK65UMKKGE/variant/snv_shortIndel/avcf/HK65UMKKGE.allsite.vcf.gz.tbi,/Files/ResultData/Workflow/W202508130007117/24S08310630.bqsr.bam,/Files/ResultData/Workflow/W202507160008563/E-S24707256971/hla/E-S24707256971.hla_typing.txt,/Files/ResultData/Workflow/W202508130007117/24S08310630.bqsr.bam.bai,/Files/sz_history/longrui/pgx/positions.bed,/Files/sz_history/longrui/pgx/pharmcat_positions.vcf.gz,/Files/sz_history/longrui/pgx/pharmcat_positions.vcf.gz.csi,1900610921C,/Files/sz_history/huangfei/BGE/hcWGS/HLA,/Files/sz_history/zhenghaihui/lush,/Files/sz_history/huangfei/BGE/database,megabolt,/Files/sz_history/huangfei/BGE/database/genome/hg38_noalt_withrandom,/Files/sz_history/huangfei/BGE/database/genome/hg38_noalt_withrandom/All_20180418.new.vcf.gz,/Files/sz_history/huangfei/BGE/database/genome/hg38_noalt_withrandom/All_20180418.new.vcf.gz.csi
1900610984C,/zfsms3/ST_STOMICS/STOmics_cloud/odms/prd/sz_history/bigdata_warehouse/odms/P20Z10200N0157/bigdata_dw/omics_history_data/sample/F1322ACC85AE88DB9BB56F7861EFD1AE/P17Z10200N0159/genomics/YDUTLEOLL9/variant/snv_shortIndel/avcf/YDUTLEOLL9.allsite.vcf.gz,/zfsms3/ST_STOMICS/STOmics_cloud/odms/prd/sz_history/bigdata_warehouse/odms/P20Z10200N0157/bigdata_dw/omics_history_data/sample/F1322ACC85AE88DB9BB56F7861EFD1AE/P17Z10200N0159/genomics/YDUTLEOLL9/variant/snv_shortIndel/avcf/YDUTLEOLL9.allsite.vcf.gz.tbi,/Files/ResultData/Workflow/W202508130007117/24S08310630.bqsr.bam,/Files/ResultData/Workflow/W202507160008563/E-S24707256971/hla/E-S24707256971.hla_typing.txt,/Files/ResultData/Workflow/W202508130007117/24S08310630.bqsr.bam.bai,/Files/sz_history/longrui/pgx/positions.bed,/Files/sz_history/longrui/pgx/pharmcat_positions.vcf.gz,/Files/sz_history/longrui/pgx/pharmcat_positions.vcf.gz.csi,1900610984C,/Files/sz_history/huangfei/BGE/hcWGS/HLA,/Files/sz_history/zhenghaihui/lush,/Files/sz_history/huangfei/BGE/database,megabolt,/Files/sz_history/huangfei/BGE/database/genome/hg38_noalt_withrandom,/Files/sz_history/huangfei/BGE/database/genome/hg38_noalt_withrandom/All_20180418.new.vcf.gz,/Files/sz_history/huangfei/BGE/database/genome/hg38_noalt_withrandom/All_20180418.new.vcf.gz.csi
1900611720C,/zfsms3/ST_STOMICS/STOmics_cloud/odms/prd/sz_history/bigdata_warehouse/odms/P20Z10200N0157/bigdata_dw/omics_history_data/sample/2A0FFF3D6E3973BE2691490C5F130805/P17Z10200N0159/genomics/IYPRW2F3FU/variant/snv_shortIndel/avcf/IYPRW2F3FU.allsite.vcf.gz,/zfsms3/ST_STOMICS/STOmics_cloud/odms/prd/sz_history/bigdata_warehouse/odms/P20Z10200N0157/bigdata_dw/omics_history_data/sample/2A0FFF3D6E3973BE2691490C5F130805/P17Z10200N0159/genomics/IYPRW2F3FU/variant/snv_shortIndel/avcf/IYPRW2F3FU.allsite.vcf.gz.tbi,/Files/ResultData/Workflow/W202508130007117/24S08310630.bqsr.bam,/Files/ResultData/Workflow/W202507160008563/E-S24707256971/hla/E-S24707256971.hla_typing.txt,/Files/ResultData/Workflow/W202508130007117/24S08310630.bqsr.bam.bai,/Files/sz_history/longrui/pgx/positions.bed,/Files/sz_history/longrui/pgx/pharmcat_positions.vcf.gz,/Files/sz_history/longrui/pgx/pharmcat_positions.vcf.gz.csi,1900611720C,/Files/sz_history/huangfei/BGE/hcWGS/HLA,/Files/sz_history/zhenghaihui/lush,/Files/sz_history/huangfei/BGE/database,megabolt,/Files/sz_history/huangfei/BGE/database/genome/hg38_noalt_withrandom,/Files/sz_history/huangfei/BGE/database/genome/hg38_noalt_withrandom/All_20180418.new.vcf.gz,/Files/sz_history/huangfei/BGE/database/genome/hg38_noalt_withrandom/All_20180418.new.vcf.gz.csi
1900611714C,/zfsms3/ST_STOMICS/STOmics_cloud/odms/prd/sz_history/bigdata_warehouse/odms/P20Z10200N0157/bigdata_dw/omics_history_data/sample/B09D4CF67D0FEC5B85230AAF56153806/P17Z10200N0159/genomics/JS7WZI3KIS/variant/snv_shortIndel/avcf/JS7WZI3KIS.allsite.vcf.gz,/zfsms3/ST_STOMICS/STOmics_cloud/odms/prd/sz_history/bigdata_warehouse/odms/P20Z10200N0157/bigdata_dw/omics_history_data/sample/B09D4CF67D0FEC5B85230AAF56153806/P17Z10200N0159/genomics/JS7WZI3KIS/variant/snv_shortIndel/avcf/JS7WZI3KIS.allsite.vcf.gz.tbi,/Files/ResultData/Workflow/W202508130007117/24S08310630.bqsr.bam,/Files/ResultData/Workflow/W202507160008563/E-S24707256971/hla/E-S24707256971.hla_typing.txt,/Files/ResultData/Workflow/W202508130007117/24S08310630.bqsr.bam.bai,/Files/sz_history/longrui/pgx/positions.bed,/Files/sz_history/longrui/pgx/pharmcat_positions.vcf.gz,/Files/sz_history/longrui/pgx/pharmcat_positions.vcf.gz.csi,1900611714C,/Files/sz_history/huangfei/BGE/hcWGS/HLA,/Files/sz_history/zhenghaihui/lush,/Files/sz_history/huangfei/BGE/database,megabolt,/Files/sz_history/huangfei/BGE/database/genome/hg38_noalt_withrandom,/Files/sz_history/huangfei/BGE/database/genome/hg38_noalt_withrandom/All_20180418.new.vcf.gz,/Files/sz_history/huangfei/BGE/database/genome/hg38_noalt_withrandom/All_20180418.new.vcf.gz.csi
1900581548C,/zfsms3/ST_STOMICS/STOmics_cloud/odms/prd/sz_history/bigdata_warehouse/odms/P20Z10200N0157/bigdata_dw/omics_history_data/sample/C663C5CF440E774802C20B46670A0BD0/P17Z10200N0159/genomics/QDAIVJY49B/variant/snv_shortIndel/avcf/QDAIVJY49B.allsite.vcf.gz,/zfsms3/ST_STOMICS/STOmics_cloud/odms/prd/sz_history/bigdata_warehouse/odms/P20Z10200N0157/bigdata_dw/omics_history_data/sample/C663C5CF440E774802C20B46670A0BD0/P17Z10200N0159/genomics/QDAIVJY49B/variant/snv_shortIndel/avcf/QDAIVJY49B.allsite.vcf.gz.tbi,/Files/ResultData/Workflow/W202508130007117/24S08310630.bqsr.bam,/Files/ResultData/Workflow/W202507160008563/E-S24707256971/hla/E-S24707256971.hla_typing.txt,/Files/ResultData/Workflow/W202508130007117/24S08310630.bqsr.bam.bai,/Files/sz_history/longrui/pgx/positions.bed,/Files/sz_history/longrui/pgx/pharmcat_positions.vcf.gz,/Files/sz_history/longrui/pgx/pharmcat_positions.vcf.gz.csi,1900581548C,/Files/sz_history/huangfei/BGE/hcWGS/HLA,/Files/sz_history/zhenghaihui/lush,/Files/sz_history/huangfei/BGE/database,megabolt,/Files/sz_history/huangfei/BGE/database/genome/hg38_noalt_withrandom,/Files/sz_history/huangfei/BGE/database/genome/hg38_noalt_withrandom/All_20180418.new.vcf.gz,/Files/sz_history/huangfei/BGE/database/genome/hg38_noalt_withrandom/All_20180418.new.vcf.gz.csi
1900492574C,/zfsms3/ST_STOMICS/STOmics_cloud/odms/prd/sz_history/bigdata_warehouse/odms/P20Z10200N0157/bigdata_dw/omics_history_data/sample/AFE36386497C7823F3D49676CA9E0CE3/P17Z10200N0159/genomics/DL8RLXR6ZL/variant/snv_shortIndel/avcf/DL8RLXR6ZL.allsite.vcf.gz,/zfsms3/ST_STOMICS/STOmics_cloud/odms/prd/sz_history/bigdata_warehouse/odms/P20Z10200N0157/bigdata_dw/omics_history_data/sample/AFE36386497C7823F3D49676CA9E0CE3/P17Z10200N0159/genomics/DL8RLXR6ZL/variant/snv_shortIndel/avcf/DL8RLXR6ZL.allsite.vcf.gz.tbi,/Files/ResultData/Workflow/W202508130007117/24S08310630.bqsr.bam,/Files/ResultData/Workflow/W202507160008563/E-S24707256971/hla/E-S24707256971.hla_typing.txt,/Files/ResultData/Workflow/W202508130007117/24S08310630.bqsr.bam.bai,/Files/sz_history/longrui/pgx/positions.bed,/Files/sz_history/longrui/pgx/pharmcat_positions.vcf.gz,/Files/sz_history/longrui/pgx/pharmcat_positions.vcf.gz.csi,1900492574C,/Files/sz_history/huangfei/BGE/hcWGS/HLA,/Files/sz_history/zhenghaihui/lush,/Files/sz_history/huangfei/BGE/database,megabolt,/Files/sz_history/huangfei/BGE/database/genome/hg38_noalt_withrandom,/Files/sz_history/huangfei/BGE/database/genome/hg38_noalt_withrandom/All_20180418.new.vcf.gz,/Files/sz_history/huangfei/BGE/database/genome/hg38_noalt_withrandom/All_20180418.new.vcf.gz.csi
1900496450C,/zfsms3/ST_STOMICS/STOmics_cloud/odms/prd/sz_history/bigdata_warehouse/odms/P20Z10200N0157/bigdata_dw/omics_history_data/sample/0B5BC7C8E7187D9528039059DCFE104C/P17Z10200N0159/genomics/NE2D0MFLJQ/variant/snv_shortIndel/avcf/NE2D0MFLJQ.allsite.vcf.gz,/zfsms3/ST_STOMICS/STOmics_cloud/odms/prd/sz_history/bigdata_warehouse/odms/P20Z10200N0157/bigdata_dw/omics_history_data/sample/0B5BC7C8E7187D9528039059DCFE104C/P17Z10200N0159/genomics/NE2D0MFLJQ/variant/snv_shortIndel/avcf/NE2D0MFLJQ.allsite.vcf.gz.tbi,/Files/ResultData/Workflow/W202508130007117/24S08310630.bqsr.bam,/Files/ResultData/Workflow/W202507160008563/E-S24707256971/hla/E-S24707256971.hla_typing.txt,/Files/ResultData/Workflow/W202508130007117/24S08310630.bqsr.bam.bai,/Files/sz_history/longrui/pgx/positions.bed,/Files/sz_history/longrui/pgx/pharmcat_positions.vcf.gz,/Files/sz_history/longrui/pgx/pharmcat_positions.vcf.gz.csi,1900496450C,/Files/sz_history/huangfei/BGE/hcWGS/HLA,/Files/sz_history/zhenghaihui/lush,/Files/sz_history/huangfei/BGE/database,megabolt,/Files/sz_history/huangfei/BGE/database/genome/hg38_noalt_withrandom,/Files/sz_history/huangfei/BGE/database/genome/hg38_noalt_withrandom/All_20180418.new.vcf.gz,/Files/sz_history/huangfei/BGE/database/genome/hg38_noalt_withrandom/All_20180418.new.vcf.gz.csi
1900598056C,/zfsms3/ST_STOMICS/STOmics_cloud/odms/prd/sz_history/bigdata_warehouse/odms/P20Z10200N0157/bigdata_dw/omics_history_data/sample/804F9F896DE8C0FE63F9698629AF3F69/P17Z10200N0159/genomics/48REFN6OCF/variant/snv_shortIndel/avcf/48REFN6OCF.allsite.vcf.gz,/zfsms3/ST_STOMICS/STOmics_cloud/odms/prd/sz_history/bigdata_warehouse/odms/P20Z10200N0157/bigdata_dw/omics_history_data/sample/804F9F896DE8C0FE63F9698629AF3F69/P17Z10200N0159/genomics/48REFN6OCF/variant/snv_shortIndel/avcf/48REFN6OCF.allsite.vcf.gz.tbi,/Files/ResultData/Workflow/W202508130007117/24S08310630.bqsr.bam,/Files/ResultData/Workflow/W202507160008563/E-S24707256971/hla/E-S24707256971.hla_typing.txt,/Files/ResultData/Workflow/W202508130007117/24S08310630.bqsr.bam.bai,/Files/sz_history/longrui/pgx/positions.bed,/Files/sz_history/longrui/pgx/pharmcat_positions.vcf.gz,/Files/sz_history/longrui/pgx/pharmcat_positions.vcf.gz.csi,1900598056C,/Files/sz_history/huangfei/BGE/hcWGS/HLA,/Files/sz_history/zhenghaihui/lush,/Files/sz_history/huangfei/BGE/database,megabolt,/Files/sz_history/huangfei/BGE/database/genome/hg38_noalt_withrandom,/Files/sz_history/huangfei/BGE/database/genome/hg38_noalt_withrandom/All_20180418.new.vcf.gz,/Files/sz_history/huangfei/BGE/database/genome/hg38_noalt_withrandom/All_20180418.new.vcf.gz.csi
1900611536C,/zfsms3/ST_STOMICS/STOmics_cloud/odms/prd/sz_history/bigdata_warehouse/odms/P20Z10200N0157/bigdata_dw/omics_history_data/sample/72B1BD9C11E18126E9E426EBE8CBD1B1/P17Z10200N0159/genomics/QDC2NEFNRK/variant/snv_shortIndel/avcf/QDC2NEFNRK.allsite.vcf.gz,/zfsms3/ST_STOMICS/STOmics_cloud/odms/prd/sz_history/bigdata_warehouse/odms/P20Z10200N0157/bigdata_dw/omics_history_data/sample/72B1BD9C11E18126E9E426EBE8CBD1B1/P17Z10200N0159/genomics/QDC2NEFNRK/variant/snv_shortIndel/avcf/QDC2NEFNRK.allsite.vcf.gz.tbi,/Files/ResultData/Workflow/W202508130007117/24S08310630.bqsr.bam,/Files/ResultData/Workflow/W202507160008563/E-S24707256971/hla/E-S24707256971.hla_typing.txt,/Files/ResultData/Workflow/W202508130007117/24S08310630.bqsr.bam.bai,/Files/sz_history/longrui/pgx/positions.bed,/Files/sz_history/longrui/pgx/pharmcat_positions.vcf.gz,/Files/sz_history/longrui/pgx/pharmcat_positions.vcf.gz.csi,1900611536C,/Files/sz_history/huangfei/BGE/hcWGS/HLA,/Files/sz_history/zhenghaihui/lush,/Files/sz_history/huangfei/BGE/database,megabolt,/Files/sz_history/huangfei/BGE/database/genome/hg38_noalt_withrandom,/Files/sz_history/huangfei/BGE/database/genome/hg38_noalt_withrandom/All_20180418.new.vcf.gz,/Files/sz_history/huangfei/BGE/database/genome/hg38_noalt_withrandom/All_20180418.new.vcf.gz.csi
1900496424C,/zfsms3/ST_STOMICS/STOmics_cloud/odms/prd/sz_history/bigdata_warehouse/odms/P20Z10200N0157/bigdata_dw/omics_history_data/sample/4A5A9F3EF51C0D17899B4F9ADEFAF541/P17Z10200N0159/genomics/406Z1LSJMR/variant/snv_shortIndel/avcf/406Z1LSJMR.allsite.vcf.gz,/zfsms3/ST_STOMICS/STOmics_cloud/odms/prd/sz_history/bigdata_warehouse/odms/P20Z10200N0157/bigdata_dw/omics_history_data/sample/4A5A9F3EF51C0D17899B4F9ADEFAF541/P17Z10200N0159/genomics/406Z1LSJMR/variant/snv_shortIndel/avcf/406Z1LSJMR.allsite.vcf.gz.tbi,/Files/ResultData/Workflow/W202508130007117/24S08310630.bqsr.bam,/Files/ResultData/Workflow/W202507160008563/E-S24707256971/hla/E-S24707256971.hla_typing.txt,/Files/ResultData/Workflow/W202508130007117/24S08310630.bqsr.bam.bai,/Files/sz_history/longrui/pgx/positions.bed,/Files/sz_history/longrui/pgx/pharmcat_positions.vcf.gz,/Files/sz_history/longrui/pgx/pharmcat_positions.vcf.gz.csi,1900496424C,/Files/sz_history/huangfei/BGE/hcWGS/HLA,/Files/sz_history/zhenghaihui/lush,/Files/sz_history/huangfei/BGE/database,megabolt,/Files/sz_history/huangfei/BGE/database/genome/hg38_noalt_withrandom,/Files/sz_history/huangfei/BGE/database/genome/hg38_noalt_withrandom/All_20180418.new.vcf.gz,/Files/sz_history/huangfei/BGE/database/genome/hg38_noalt_withrandom/All_20180418.new.vcf.gz.csi
1900496412C,/zfsms3/ST_STOMICS/STOmics_cloud/odms/prd/sz_history/bigdata_warehouse/odms/P20Z10200N0157/bigdata_dw/omics_history_data/sample/5F90014366DAC403FB5A6C6AB710D3DC/P17Z10200N0159/genomics/6F4YRTYGU0/variant/snv_shortIndel/avcf/6F4YRTYGU0.allsite.vcf.gz,/zfsms3/ST_STOMICS/STOmics_cloud/odms/prd/sz_history/bigdata_warehouse/odms/P20Z10200N0157/bigdata_dw/omics_history_data/sample/5F90014366DAC403FB5A6C6AB710D3DC/P17Z10200N0159/genomics/6F4YRTYGU0/variant/snv_shortIndel/avcf/6F4YRTYGU0.allsite.vcf.gz.tbi,/Files/ResultData/Workflow/W202508130007117/24S08310630.bqsr.bam,/Files/ResultData/Workflow/W202507160008563/E-S24707256971/hla/E-S24707256971.hla_typing.txt,/Files/ResultData/Workflow/W202508130007117/24S08310630.bqsr.bam.bai,/Files/sz_history/longrui/pgx/positions.bed,/Files/sz_history/longrui/pgx/pharmcat_positions.vcf.gz,/Files/sz_history/longrui/pgx/pharmcat_positions.vcf.gz.csi,1900496412C,/Files/sz_history/huangfei/BGE/hcWGS/HLA,/Files/sz_history/zhenghaihui/lush,/Files/sz_history/huangfei/BGE/database,megabolt,/Files/sz_history/huangfei/BGE/database/genome/hg38_noalt_withrandom,/Files/sz_history/huangfei/BGE/database/genome/hg38_noalt_withrandom/All_20180418.new.vcf.gz,/Files/sz_history/huangfei/BGE/database/genome/hg38_noalt_withrandom/All_20180418.new.vcf.gz.csi
1900617606C,/zfsms3/ST_STOMICS/STOmics_cloud/odms/prd/sz_history/bigdata_warehouse/odms/P20Z10200N0157/bigdata_dw/omics_history_data/sample/BC791F3B3B25D3DBE7A3E4E337127E4B/P17Z10200N0159/genomics/94L9B9K8TG/variant/snv_shortIndel/avcf/94L9B9K8TG.allsite.vcf.gz,/zfsms3/ST_STOMICS/STOmics_cloud/odms/prd/sz_history/bigdata_warehouse/odms/P20Z10200N0157/bigdata_dw/omics_history_data/sample/BC791F3B3B25D3DBE7A3E4E337127E4B/P17Z10200N0159/genomics/94L9B9K8TG/variant/snv_shortIndel/avcf/94L9B9K8TG.allsite.vcf.gz.tbi,/Files/ResultData/Workflow/W202508130007117/24S08310630.bqsr.bam,/Files/ResultData/Workflow/W202507160008563/E-S24707256971/hla/E-S24707256971.hla_typing.txt,/Files/ResultData/Workflow/W202508130007117/24S08310630.bqsr.bam.bai,/Files/sz_history/longrui/pgx/positions.bed,/Files/sz_history/longrui/pgx/pharmcat_positions.vcf.gz,/Files/sz_history/longrui/pgx/pharmcat_positions.vcf.gz.csi,1900617606C,/Files/sz_history/huangfei/BGE/hcWGS/HLA,/Files/sz_history/zhenghaihui/lush,/Files/sz_history/huangfei/BGE/database,megabolt,/Files/sz_history/huangfei/BGE/database/genome/hg38_noalt_withrandom,/Files/sz_history/huangfei/BGE/database/genome/hg38_noalt_withrandom/All_20180418.new.vcf.gz,/Files/sz_history/huangfei/BGE/database/genome/hg38_noalt_withrandom/All_20180418.new.vcf.gz.csi
1900611437C,/zfsms3/ST_STOMICS/STOmics_cloud/odms/prd/sz_history/bigdata_warehouse/odms/P20Z10200N0157/bigdata_dw/omics_history_data/sample/C7848D2EB907AD5B52AFE6D20B6A3CF5/P17Z10200N0159/genomics/8YAZ5OS7VG/variant/snv_shortIndel/avcf/8YAZ5OS7VG.allsite.vcf.gz,/zfsms3/ST_STOMICS/STOmics_cloud/odms/prd/sz_history/bigdata_warehouse/odms/P20Z10200N0157/bigdata_dw/omics_history_data/sample/C7848D2EB907AD5B52AFE6D20B6A3CF5/P17Z10200N0159/genomics/8YAZ5OS7VG/variant/snv_shortIndel/avcf/8YAZ5OS7VG.allsite.vcf.gz.tbi,/Files/ResultData/Workflow/W202508130007117/24S08310630.bqsr.bam,/Files/ResultData/Workflow/W202507160008563/E-S24707256971/hla/E-S24707256971.hla_typing.txt,/Files/ResultData/Workflow/W202508130007117/24S08310630.bqsr.bam.bai,/Files/sz_history/longrui/pgx/positions.bed,/Files/sz_history/longrui/pgx/pharmcat_positions.vcf.gz,/Files/sz_history/longrui/pgx/pharmcat_positions.vcf.gz.csi,1900611437C,/Files/sz_history/huangfei/BGE/hcWGS/HLA,/Files/sz_history/zhenghaihui/lush,/Files/sz_history/huangfei/BGE/database,megabolt,/Files/sz_history/huangfei/BGE/database/genome/hg38_noalt_withrandom,/Files/sz_history/huangfei/BGE/database/genome/hg38_noalt_withrandom/All_20180418.new.vcf.gz,/Files/sz_history/huangfei/BGE/database/genome/hg38_noalt_withrandom/All_20180418.new.vcf.gz.csi
1900611303C,/zfsms3/ST_STOMICS/STOmics_cloud/odms/prd/sz_history/bigdata_warehouse/odms/P20Z10200N0157/bigdata_dw/omics_history_data/sample/9E438FCBD411ED9927CCD41E144EB4DD/P17Z10200N0159/genomics/ZVL4BYZD7D/variant/snv_shortIndel/avcf/ZVL4BYZD7D.allsite.vcf.gz,/zfsms3/ST_STOMICS/STOmics_cloud/odms/prd/sz_history/bigdata_warehouse/odms/P20Z10200N0157/bigdata_dw/omics_history_data/sample/9E438FCBD411ED9927CCD41E144EB4DD/P17Z10200N0159/genomics/ZVL4BYZD7D/variant/snv_shortIndel/avcf/ZVL4BYZD7D.allsite.vcf.gz.tbi,/Files/ResultData/Workflow/W202508130007117/24S08310630.bqsr.bam,/Files/ResultData/Workflow/W202507160008563/E-S24707256971/hla/E-S24707256971.hla_typing.txt,/Files/ResultData/Workflow/W202508130007117/24S08310630.bqsr.bam.bai,/Files/sz_history/longrui/pgx/positions.bed,/Files/sz_history/longrui/pgx/pharmcat_positions.vcf.gz,/Files/sz_history/longrui/pgx/pharmcat_positions.vcf.gz.csi,1900611303C,/Files/sz_history/huangfei/BGE/hcWGS/HLA,/Files/sz_history/zhenghaihui/lush,/Files/sz_history/huangfei/BGE/database,megabolt,/Files/sz_history/huangfei/BGE/database/genome/hg38_noalt_withrandom,/Files/sz_history/huangfei/BGE/database/genome/hg38_noalt_withrandom/All_20180418.new.vcf.gz,/Files/sz_history/huangfei/BGE/database/genome/hg38_noalt_withrandom/All_20180418.new.vcf.gz.csi
1900496419C,/zfsms3/ST_STOMICS/STOmics_cloud/odms/prd/sz_history/bigdata_warehouse/odms/P20Z10200N0157/bigdata_dw/omics_history_data/sample/3B15EA8FB13839F6F4AFFC366C8BC0F0/P17Z10200N0159/genomics/ITAT5O2PXY/variant/snv_shortIndel/avcf/ITAT5O2PXY.allsite.vcf.gz,/zfsms3/ST_STOMICS/STOmics_cloud/odms/prd/sz_history/bigdata_warehouse/odms/P20Z10200N0157/bigdata_dw/omics_history_data/sample/3B15EA8FB13839F6F4AFFC366C8BC0F0/P17Z10200N0159/genomics/ITAT5O2PXY/variant/snv_shortIndel/avcf/ITAT5O2PXY.allsite.vcf.gz.tbi,/Files/ResultData/Workflow/W202508130007117/24S08310630.bqsr.bam,/Files/ResultData/Workflow/W202507160008563/E-S24707256971/hla/E-S24707256971.hla_typing.txt,/Files/ResultData/Workflow/W202508130007117/24S08310630.bqsr.bam.bai,/Files/sz_history/longrui/pgx/positions.bed,/Files/sz_history/longrui/pgx/pharmcat_positions.vcf.gz,/Files/sz_history/longrui/pgx/pharmcat_positions.vcf.gz.csi,1900496419C,/Files/sz_history/huangfei/BGE/hcWGS/HLA,/Files/sz_history/zhenghaihui/lush,/Files/sz_history/huangfei/BGE/database,megabolt,/Files/sz_history/huangfei/BGE/database/genome/hg38_noalt_withrandom,/Files/sz_history/huangfei/BGE/database/genome/hg38_noalt_withrandom/All_20180418.new.vcf.gz,/Files/sz_history/huangfei/BGE/database/genome/hg38_noalt_withrandom/All_20180418.new.vcf.gz.csi
1900611438C,/zfsms3/ST_STOMICS/STOmics_cloud/odms/prd/sz_history/bigdata_warehouse/odms/P20Z10200N0157/bigdata_dw/omics_history_data/sample/DD6EC9F83E3D976D740F98B986C34E88/P17Z10200N0159/genomics/SQXJHD28V2/variant/snv_shortIndel/avcf/SQXJHD28V2.allsite.vcf.gz,/zfsms3/ST_STOMICS/STOmics_cloud/odms/prd/sz_history/bigdata_warehouse/odms/P20Z10200N0157/bigdata_dw/omics_history_data/sample/DD6EC9F83E3D976D740F98B986C34E88/P17Z10200N0159/genomics/SQXJHD28V2/variant/snv_shortIndel/avcf/SQXJHD28V2.allsite.vcf.gz.tbi,/Files/ResultData/Workflow/W202508130007117/24S08310630.bqsr.bam,/Files/ResultData/Workflow/W202507160008563/E-S24707256971/hla/E-S24707256971.hla_typing.txt,/Files/ResultData/Workflow/W202508130007117/24S08310630.bqsr.bam.bai,/Files/sz_history/longrui/pgx/positions.bed,/Files/sz_history/longrui/pgx/pharmcat_positions.vcf.gz,/Files/sz_history/longrui/pgx/pharmcat_positions.vcf.gz.csi,1900611438C,/Files/sz_history/huangfei/BGE/hcWGS/HLA,/Files/sz_history/zhenghaihui/lush,/Files/sz_history/huangfei/BGE/database,megabolt,/Files/sz_history/huangfei/BGE/database/genome/hg38_noalt_withrandom,/Files/sz_history/huangfei/BGE/database/genome/hg38_noalt_withrandom/All_20180418.new.vcf.gz,/Files/sz_history/huangfei/BGE/database/genome/hg38_noalt_withrandom/All_20180418.new.vcf.gz.csi
1900581551C,/zfsms3/ST_STOMICS/STOmics_cloud/odms/prd/sz_history/bigdata_warehouse/odms/P20Z10200N0157/bigdata_dw/omics_history_data/sample/B9F60F4BED012ECD24DE0E14D60311D6/P17Z10200N0159/genomics/I2HBXURLFF/variant/snv_shortIndel/avcf/I2HBXURLFF.allsite.vcf.gz,/zfsms3/ST_STOMICS/STOmics_cloud/odms/prd/sz_history/bigdata_warehouse/odms/P20Z10200N0157/bigdata_dw/omics_history_data/sample/B9F60F4BED012ECD24DE0E14D60311D6/P17Z10200N0159/genomics/I2HBXURLFF/variant/snv_shortIndel/avcf/I2HBXURLFF.allsite.vcf.gz.tbi,/Files/ResultData/Workflow/W202508130007117/24S08310630.bqsr.bam,/Files/ResultData/Workflow/W202507160008563/E-S24707256971/hla/E-S24707256971.hla_typing.txt,/Files/ResultData/Workflow/W202508130007117/24S08310630.bqsr.bam.bai,/Files/sz_history/longrui/pgx/positions.bed,/Files/sz_history/longrui/pgx/pharmcat_positions.vcf.gz,/Files/sz_history/longrui/pgx/pharmcat_positions.vcf.gz.csi,1900581551C,/Files/sz_history/huangfei/BGE/hcWGS/HLA,/Files/sz_history/zhenghaihui/lush,/Files/sz_history/huangfei/BGE/database,megabolt,/Files/sz_history/huangfei/BGE/database/genome/hg38_noalt_withrandom,/Files/sz_history/huangfei/BGE/database/genome/hg38_noalt_withrandom/All_20180418.new.vcf.gz,/Files/sz_history/huangfei/BGE/database/genome/hg38_noalt_withrandom/All_20180418.new.vcf.gz.csi
1900611585C,/zfsms3/ST_STOMICS/STOmics_cloud/odms/prd/sz_history/bigdata_warehouse/odms/P20Z10200N0157/bigdata_dw/omics_history_data/sample/F5E4397E6228AF464FAB822012E59754/P17Z10200N0159/genomics/OS0NLOP527/variant/snv_shortIndel/avcf/OS0NLOP527.allsite.vcf.gz,/zfsms3/ST_STOMICS/STOmics_cloud/odms/prd/sz_history/bigdata_warehouse/odms/P20Z10200N0157/bigdata_dw/omics_history_data/sample/F5E4397E6228AF464FAB822012E59754/P17Z10200N0159/genomics/OS0NLOP527/variant/snv_shortIndel/avcf/OS0NLOP527.allsite.vcf.gz.tbi,/Files/ResultData/Workflow/W202508130007117/24S08310630.bqsr.bam,/Files/ResultData/Workflow/W202507160008563/E-S24707256971/hla/E-S24707256971.hla_typing.txt,/Files/ResultData/Workflow/W202508130007117/24S08310630.bqsr.bam.bai,/Files/sz_history/longrui/pgx/positions.bed,/Files/sz_history/longrui/pgx/pharmcat_positions.vcf.gz,/Files/sz_history/longrui/pgx/pharmcat_positions.vcf.gz.csi,1900611585C,/Files/sz_history/huangfei/BGE/hcWGS/HLA,/Files/sz_history/zhenghaihui/lush,/Files/sz_history/huangfei/BGE/database,megabolt,/Files/sz_history/huangfei/BGE/database/genome/hg38_noalt_withrandom,/Files/sz_history/huangfei/BGE/database/genome/hg38_noalt_withrandom/All_20180418.new.vcf.gz,/Files/sz_history/huangfei/BGE/database/genome/hg38_noalt_withrandom/All_20180418.new.vcf.gz.csi
1900619123C,/zfsms3/ST_STOMICS/STOmics_cloud/odms/prd/sz_history/bigdata_warehouse/odms/P20Z10200N0157/bigdata_dw/omics_history_data/sample/350510F00F1C8B609C28EA8C52EABA7D/P17Z10200N0159/genomics/YN2ALNP0NL/variant/snv_shortIndel/avcf/YN2ALNP0NL.allsite.vcf.gz,/zfsms3/ST_STOMICS/STOmics_cloud/odms/prd/sz_history/bigdata_warehouse/odms/P20Z10200N0157/bigdata_dw/omics_history_data/sample/350510F00F1C8B609C28EA8C52EABA7D/P17Z10200N0159/genomics/YN2ALNP0NL/variant/snv_shortIndel/avcf/YN2ALNP0NL.allsite.vcf.gz.tbi,/Files/ResultData/Workflow/W202508130007117/24S08310630.bqsr.bam,/Files/ResultData/Workflow/W202507160008563/E-S24707256971/hla/E-S24707256971.hla_typing.txt,/Files/ResultData/Workflow/W202508130007117/24S08310630.bqsr.bam.bai,/Files/sz_history/longrui/pgx/positions.bed,/Files/sz_history/longrui/pgx/pharmcat_positions.vcf.gz,/Files/sz_history/longrui/pgx/pharmcat_positions.vcf.gz.csi,1900619123C,/Files/sz_history/huangfei/BGE/hcWGS/HLA,/Files/sz_history/zhenghaihui/lush,/Files/sz_history/huangfei/BGE/database,megabolt,/Files/sz_history/huangfei/BGE/database/genome/hg38_noalt_withrandom,/Files/sz_history/huangfei/BGE/database/genome/hg38_noalt_withrandom/All_20180418.new.vcf.gz,/Files/sz_history/huangfei/BGE/database/genome/hg38_noalt_withrandom/All_20180418.new.vcf.gz.csi
1900610803C,/zfsms3/ST_STOMICS/STOmics_cloud/odms/prd/sz_history/bigdata_warehouse/odms/P20Z10200N0157/bigdata_dw/omics_history_data/sample/FE566719003E06527AE2B5FBA49FA693/P17Z10200N0159/genomics/5HJQEKMAER/variant/snv_shortIndel/avcf/5HJQEKMAER.allsite.vcf.gz,/zfsms3/ST_STOMICS/STOmics_cloud/odms/prd/sz_history/bigdata_warehouse/odms/P20Z10200N0157/bigdata_dw/omics_history_data/sample/FE566719003E06527AE2B5FBA49FA693/P17Z10200N0159/genomics/5HJQEKMAER/variant/snv_shortIndel/avcf/5HJQEKMAER.allsite.vcf.gz.tbi,/Files/ResultData/Workflow/W202508130007117/24S08310630.bqsr.bam,/Files/ResultData/Workflow/W202507160008563/E-S24707256971/hla/E-S24707256971.hla_typing.txt,/Files/ResultData/Workflow/W202508130007117/24S08310630.bqsr.bam.bai,/Files/sz_history/longrui/pgx/positions.bed,/Files/sz_history/longrui/pgx/pharmcat_positions.vcf.gz,/Files/sz_history/longrui/pgx/pharmcat_positions.vcf.gz.csi,1900610803C,/Files/sz_history/huangfei/BGE/hcWGS/HLA,/Files/sz_history/zhenghaihui/lush,/Files/sz_history/huangfei/BGE/database,megabolt,/Files/sz_history/huangfei/BGE/database/genome/hg38_noalt_withrandom,/Files/sz_history/huangfei/BGE/database/genome/hg38_noalt_withrandom/All_20180418.new.vcf.gz,/Files/sz_history/huangfei/BGE/database/genome/hg38_noalt_withrandom/All_20180418.new.vcf.gz.csi
1900579491C,/zfsms3/ST_STOMICS/STOmics_cloud/odms/prd/sz_history/bigdata_warehouse/odms/P20Z10200N0157/bigdata_dw/omics_history_data/sample/C39E9C066745D9DD3DF725008EFD3BB2/P17Z10200N0159/genomics/R55LFE8Z6Y/variant/snv_shortIndel/avcf/R55LFE8Z6Y.allsite.vcf.gz,/zfsms3/ST_STOMICS/STOmics_cloud/odms/prd/sz_history/bigdata_warehouse/odms/P20Z10200N0157/bigdata_dw/omics_history_data/sample/C39E9C066745D9DD3DF725008EFD3BB2/P17Z10200N0159/genomics/R55LFE8Z6Y/variant/snv_shortIndel/avcf/R55LFE8Z6Y.allsite.vcf.gz.tbi,/Files/ResultData/Workflow/W202508130007117/24S08310630.bqsr.bam,/Files/ResultData/Workflow/W202507160008563/E-S24707256971/hla/E-S24707256971.hla_typing.txt,/Files/ResultData/Workflow/W202508130007117/24S08310630.bqsr.bam.bai,/Files/sz_history/longrui/pgx/positions.bed,/Files/sz_history/longrui/pgx/pharmcat_positions.vcf.gz,/Files/sz_history/longrui/pgx/pharmcat_positions.vcf.gz.csi,1900579491C,/Files/sz_history/huangfei/BGE/hcWGS/HLA,/Files/sz_history/zhenghaihui/lush,/Files/sz_history/huangfei/BGE/database,megabolt,/Files/sz_history/huangfei/BGE/database/genome/hg38_noalt_withrandom,/Files/sz_history/huangfei/BGE/database/genome/hg38_noalt_withrandom/All_20180418.new.vcf.gz,/Files/sz_history/huangfei/BGE/database/genome/hg38_noalt_withrandom/All_20180418.new.vcf.gz.csi
1900578802C,/zfsms3/ST_STOMICS/STOmics_cloud/odms/prd/sz_history/bigdata_warehouse/odms/P20Z10200N0157/bigdata_dw/omics_history_data/sample/895901E15578948E33C7A9E2C3D4B194/P17Z10200N0159/genomics/R78WRZUTCJ/variant/snv_shortIndel/avcf/R78WRZUTCJ.allsite.vcf.gz,/zfsms3/ST_STOMICS/STOmics_cloud/odms/prd/sz_history/bigdata_warehouse/odms/P20Z10200N0157/bigdata_dw/omics_history_data/sample/895901E15578948E33C7A9E2C3D4B194/P17Z10200N0159/genomics/R78WRZUTCJ/variant/snv_shortIndel/avcf/R78WRZUTCJ.allsite.vcf.gz.tbi,/Files/ResultData/Workflow/W202508130007117/24S08310630.bqsr.bam,/Files/ResultData/Workflow/W202507160008563/E-S24707256971/hla/E-S24707256971.hla_typing.txt,/Files/ResultData/Workflow/W202508130007117/24S08310630.bqsr.bam.bai,/Files/sz_history/longrui/pgx/positions.bed,/Files/sz_history/longrui/pgx/pharmcat_positions.vcf.gz,/Files/sz_history/longrui/pgx/pharmcat_positions.vcf.gz.csi,1900578802C,/Files/sz_history/huangfei/BGE/hcWGS/HLA,/Files/sz_history/zhenghaihui/lush,/Files/sz_history/huangfei/BGE/database,megabolt,/Files/sz_history/huangfei/BGE/database/genome/hg38_noalt_withrandom,/Files/sz_history/huangfei/BGE/database/genome/hg38_noalt_withrandom/All_20180418.new.vcf.gz,/Files/sz_history/huangfei/BGE/database/genome/hg38_noalt_withrandom/All_20180418.new.vcf.gz.csi
1900611570C,/zfsms3/ST_STOMICS/STOmics_cloud/odms/prd/sz_history/bigdata_warehouse/odms/P20Z10200N0157/bigdata_dw/omics_history_data/sample/85354FD32A33FB100C6EB8FD0394D712/P17Z10200N0159/genomics/02RONLT2P0/variant/snv_shortIndel/avcf/02RONLT2P0.allsite.vcf.gz,/zfsms3/ST_STOMICS/STOmics_cloud/odms/prd/sz_history/bigdata_warehouse/odms/P20Z10200N0157/bigdata_dw/omics_history_data/sample/85354FD32A33FB100C6EB8FD0394D712/P17Z10200N0159/genomics/02RONLT2P0/variant/snv_shortIndel/avcf/02RONLT2P0.allsite.vcf.gz.tbi,/Files/ResultData/Workflow/W202508130007117/24S08310630.bqsr.bam,/Files/ResultData/Workflow/W202507160008563/E-S24707256971/hla/E-S24707256971.hla_typing.txt,/Files/ResultData/Workflow/W202508130007117/24S08310630.bqsr.bam.bai,/Files/sz_history/longrui/pgx/positions.bed,/Files/sz_history/longrui/pgx/pharmcat_positions.vcf.gz,/Files/sz_history/longrui/pgx/pharmcat_positions.vcf.gz.csi,1900611570C,/Files/sz_history/huangfei/BGE/hcWGS/HLA,/Files/sz_history/zhenghaihui/lush,/Files/sz_history/huangfei/BGE/database,megabolt,/Files/sz_history/huangfei/BGE/database/genome/hg38_noalt_withrandom,/Files/sz_history/huangfei/BGE/database/genome/hg38_noalt_withrandom/All_20180418.new.vcf.gz,/Files/sz_history/huangfei/BGE/database/genome/hg38_noalt_withrandom/All_20180418.new.vcf.gz.csi
1900579401C,/zfsms3/ST_STOMICS/STOmics_cloud/odms/prd/sz_history/bigdata_warehouse/odms/P20Z10200N0157/bigdata_dw/omics_history_data/sample/BB521AC244B56FC0E4F4608E2B3E3E56/P17Z10200N0159/genomics/VUSX1Q8FBD/variant/snv_shortIndel/avcf/VUSX1Q8FBD.allsite.vcf.gz,/zfsms3/ST_STOMICS/STOmics_cloud/odms/prd/sz_history/bigdata_warehouse/odms/P20Z10200N0157/bigdata_dw/omics_history_data/sample/BB521AC244B56FC0E4F4608E2B3E3E56/P17Z10200N0159/genomics/VUSX1Q8FBD/variant/snv_shortIndel/avcf/VUSX1Q8FBD.allsite.vcf.gz.tbi,/Files/ResultData/Workflow/W202508130007117/24S08310630.bqsr.bam,/Files/ResultData/Workflow/W202507160008563/E-S24707256971/hla/E-S24707256971.hla_typing.txt,/Files/ResultData/Workflow/W202508130007117/24S08310630.bqsr.bam.bai,/Files/sz_history/longrui/pgx/positions.bed,/Files/sz_history/longrui/pgx/pharmcat_positions.vcf.gz,/Files/sz_history/longrui/pgx/pharmcat_positions.vcf.gz.csi,1900579401C,/Files/sz_history/huangfei/BGE/hcWGS/HLA,/Files/sz_history/zhenghaihui/lush,/Files/sz_history/huangfei/BGE/database,megabolt,/Files/sz_history/huangfei/BGE/database/genome/hg38_noalt_withrandom,/Files/sz_history/huangfei/BGE/database/genome/hg38_noalt_withrandom/All_20180418.new.vcf.gz,/Files/sz_history/huangfei/BGE/database/genome/hg38_noalt_withrandom/All_20180418.new.vcf.gz.csi
1900580017C,/zfsms3/ST_STOMICS/STOmics_cloud/odms/prd/sz_history/bigdata_warehouse/odms/P20Z10200N0157/bigdata_dw/omics_history_data/sample/010B3D375D45C502F05B5FB284031CF3/P17Z10200N0159/genomics/J7KA173NBO/variant/snv_shortIndel/avcf/J7KA173NBO.allsite.vcf.gz,/zfsms3/ST_STOMICS/STOmics_cloud/odms/prd/sz_history/bigdata_warehouse/odms/P20Z10200N0157/bigdata_dw/omics_history_data/sample/010B3D375D45C502F05B5FB284031CF3/P17Z10200N0159/genomics/J7KA173NBO/variant/snv_shortIndel/avcf/J7KA173NBO.allsite.vcf.gz.tbi,/Files/ResultData/Workflow/W202508130007117/24S08310630.bqsr.bam,/Files/ResultData/Workflow/W202507160008563/E-S24707256971/hla/E-S24707256971.hla_typing.txt,/Files/ResultData/Workflow/W202508130007117/24S08310630.bqsr.bam.bai,/Files/sz_history/longrui/pgx/positions.bed,/Files/sz_history/longrui/pgx/pharmcat_positions.vcf.gz,/Files/sz_history/longrui/pgx/pharmcat_positions.vcf.gz.csi,1900580017C,/Files/sz_history/huangfei/BGE/hcWGS/HLA,/Files/sz_history/zhenghaihui/lush,/Files/sz_history/huangfei/BGE/database,megabolt,/Files/sz_history/huangfei/BGE/database/genome/hg38_noalt_withrandom,/Files/sz_history/huangfei/BGE/database/genome/hg38_noalt_withrandom/All_20180418.new.vcf.gz,/Files/sz_history/huangfei/BGE/database/genome/hg38_noalt_withrandom/All_20180418.new.vcf.gz.csi
1900581206C,/zfsms3/ST_STOMICS/STOmics_cloud/odms/prd/sz_history/bigdata_warehouse/odms/P20Z10200N0157/bigdata_dw/omics_history_data/sample/CBB3B8C3DC0B6A7E4E580439F43CB36F/P17Z10200N0159/genomics/GMXPJHM2TJ/variant/snv_shortIndel/avcf/GMXPJHM2TJ.allsite.vcf.gz,/zfsms3/ST_STOMICS/STOmics_cloud/odms/prd/sz_history/bigdata_warehouse/odms/P20Z10200N0157/bigdata_dw/omics_history_data/sample/CBB3B8C3DC0B6A7E4E580439F43CB36F/P17Z10200N0159/genomics/GMXPJHM2TJ/variant/snv_shortIndel/avcf/GMXPJHM2TJ.allsite.vcf.gz.tbi,/Files/ResultData/Workflow/W202508130007117/24S08310630.bqsr.bam,/Files/ResultData/Workflow/W202507160008563/E-S24707256971/hla/E-S24707256971.hla_typing.txt,/Files/ResultData/Workflow/W202508130007117/24S08310630.bqsr.bam.bai,/Files/sz_history/longrui/pgx/positions.bed,/Files/sz_history/longrui/pgx/pharmcat_positions.vcf.gz,/Files/sz_history/longrui/pgx/pharmcat_positions.vcf.gz.csi,1900581206C,/Files/sz_history/huangfei/BGE/hcWGS/HLA,/Files/sz_history/zhenghaihui/lush,/Files/sz_history/huangfei/BGE/database,megabolt,/Files/sz_history/huangfei/BGE/database/genome/hg38_noalt_withrandom,/Files/sz_history/huangfei/BGE/database/genome/hg38_noalt_withrandom/All_20180418.new.vcf.gz,/Files/sz_history/huangfei/BGE/database/genome/hg38_noalt_withrandom/All_20180418.new.vcf.gz.csi
1900578862C,/zfsms3/ST_STOMICS/STOmics_cloud/odms/prd/sz_history/bigdata_warehouse/odms/P20Z10200N0157/bigdata_dw/omics_history_data/sample/4181FFC0CFB234F6796EEADCDAA98FBC/P17Z10200N0159/genomics/NSHBMR38AA/variant/snv_shortIndel/avcf/NSHBMR38AA.allsite.vcf.gz,/zfsms3/ST_STOMICS/STOmics_cloud/odms/prd/sz_history/bigdata_warehouse/odms/P20Z10200N0157/bigdata_dw/omics_history_data/sample/4181FFC0CFB234F6796EEADCDAA98FBC/P17Z10200N0159/genomics/NSHBMR38AA/variant/snv_shortIndel/avcf/NSHBMR38AA.allsite.vcf.gz.tbi,/Files/ResultData/Workflow/W202508130007117/24S08310630.bqsr.bam,/Files/ResultData/Workflow/W202507160008563/E-S24707256971/hla/E-S24707256971.hla_typing.txt,/Files/ResultData/Workflow/W202508130007117/24S08310630.bqsr.bam.bai,/Files/sz_history/longrui/pgx/positions.bed,/Files/sz_history/longrui/pgx/pharmcat_positions.vcf.gz,/Files/sz_history/longrui/pgx/pharmcat_positions.vcf.gz.csi,1900578862C,/Files/sz_history/huangfei/BGE/hcWGS/HLA,/Files/sz_history/zhenghaihui/lush,/Files/sz_history/huangfei/BGE/database,megabolt,/Files/sz_history/huangfei/BGE/database/genome/hg38_noalt_withrandom,/Files/sz_history/huangfei/BGE/database/genome/hg38_noalt_withrandom/All_20180418.new.vcf.gz,/Files/sz_history/huangfei/BGE/database/genome/hg38_noalt_withrandom/All_20180418.new.vcf.gz.csi
1900496489C,/zfsms3/ST_STOMICS/STOmics_cloud/odms/prd/sz_history/bigdata_warehouse/odms/P20Z10200N0157/bigdata_dw/omics_history_data/sample/CA93A3DE45C2DB6ECCB39D1730FED87A/P17Z10200N0159/genomics/3KSH99ZZ41/variant/snv_shortIndel/avcf/3KSH99ZZ41.allsite.vcf.gz,/zfsms3/ST_STOMICS/STOmics_cloud/odms/prd/sz_history/bigdata_warehouse/odms/P20Z10200N0157/bigdata_dw/omics_history_data/sample/CA93A3DE45C2DB6ECCB39D1730FED87A/P17Z10200N0159/genomics/3KSH99ZZ41/variant/snv_shortIndel/avcf/3KSH99ZZ41.allsite.vcf.gz.tbi,/Files/ResultData/Workflow/W202508130007117/24S08310630.bqsr.bam,/Files/ResultData/Workflow/W202507160008563/E-S24707256971/hla/E-S24707256971.hla_typing.txt,/Files/ResultData/Workflow/W202508130007117/24S08310630.bqsr.bam.bai,/Files/sz_history/longrui/pgx/positions.bed,/Files/sz_history/longrui/pgx/pharmcat_positions.vcf.gz,/Files/sz_history/longrui/pgx/pharmcat_positions.vcf.gz.csi,1900496489C,/Files/sz_history/huangfei/BGE/hcWGS/HLA,/Files/sz_history/zhenghaihui/lush,/Files/sz_history/huangfei/BGE/database,megabolt,/Files/sz_history/huangfei/BGE/database/genome/hg38_noalt_withrandom,/Files/sz_history/huangfei/BGE/database/genome/hg38_noalt_withrandom/All_20180418.new.vcf.gz,/Files/sz_history/huangfei/BGE/database/genome/hg38_noalt_withrandom/All_20180418.new.vcf.gz.csi
1900499075C,/zfsms3/ST_STOMICS/STOmics_cloud/odms/prd/sz_history/bigdata_warehouse/odms/P20Z10200N0157/bigdata_dw/omics_history_data/sample/F711B49E55806403ACF725B8E3E0DAB6/P17Z10200N0159/genomics/MC74WOK805/variant/snv_shortIndel/avcf/MC74WOK805.allsite.vcf.gz,/zfsms3/ST_STOMICS/STOmics_cloud/odms/prd/sz_history/bigdata_warehouse/odms/P20Z10200N0157/bigdata_dw/omics_history_data/sample/F711B49E55806403ACF725B8E3E0DAB6/P17Z10200N0159/genomics/MC74WOK805/variant/snv_shortIndel/avcf/MC74WOK805.allsite.vcf.gz.tbi,/Files/ResultData/Workflow/W202508130007117/24S08310630.bqsr.bam,/Files/ResultData/Workflow/W202507160008563/E-S24707256971/hla/E-S24707256971.hla_typing.txt,/Files/ResultData/Workflow/W202508130007117/24S08310630.bqsr.bam.bai,/Files/sz_history/longrui/pgx/positions.bed,/Files/sz_history/longrui/pgx/pharmcat_positions.vcf.gz,/Files/sz_history/longrui/pgx/pharmcat_positions.vcf.gz.csi,1900499075C,/Files/sz_history/huangfei/BGE/hcWGS/HLA,/Files/sz_history/zhenghaihui/lush,/Files/sz_history/huangfei/BGE/database,megabolt,/Files/sz_history/huangfei/BGE/database/genome/hg38_noalt_withrandom,/Files/sz_history/huangfei/BGE/database/genome/hg38_noalt_withrandom/All_20180418.new.vcf.gz,/Files/sz_history/huangfei/BGE/database/genome/hg38_noalt_withrandom/All_20180418.new.vcf.gz.csi
1900610964C,/zfsms3/ST_STOMICS/STOmics_cloud/odms/prd/sz_history/bigdata_warehouse/odms/P20Z10200N0157/bigdata_dw/omics_history_data/sample/C2914688DB8316DE0ABC338BCFFCE54E/P17Z10200N0159/genomics/B3GIE44NC3/variant/snv_shortIndel/avcf/B3GIE44NC3.allsite.vcf.gz,/zfsms3/ST_STOMICS/STOmics_cloud/odms/prd/sz_history/bigdata_warehouse/odms/P20Z10200N0157/bigdata_dw/omics_history_data/sample/C2914688DB8316DE0ABC338BCFFCE54E/P17Z10200N0159/genomics/B3GIE44NC3/variant/snv_shortIndel/avcf/B3GIE44NC3.allsite.vcf.gz.tbi,/Files/ResultData/Workflow/W202508130007117/24S08310630.bqsr.bam,/Files/ResultData/Workflow/W202507160008563/E-S24707256971/hla/E-S24707256971.hla_typing.txt,/Files/ResultData/Workflow/W202508130007117/24S08310630.bqsr.bam.bai,/Files/sz_history/longrui/pgx/positions.bed,/Files/sz_history/longrui/pgx/pharmcat_positions.vcf.gz,/Files/sz_history/longrui/pgx/pharmcat_positions.vcf.gz.csi,1900610964C,/Files/sz_history/huangfei/BGE/hcWGS/HLA,/Files/sz_history/zhenghaihui/lush,/Files/sz_history/huangfei/BGE/database,megabolt,/Files/sz_history/huangfei/BGE/database/genome/hg38_noalt_withrandom,/Files/sz_history/huangfei/BGE/database/genome/hg38_noalt_withrandom/All_20180418.new.vcf.gz,/Files/sz_history/huangfei/BGE/database/genome/hg38_noalt_withrandom/All_20180418.new.vcf.gz.csi
1900499063C,/zfsms3/ST_STOMICS/STOmics_cloud/odms/prd/sz_history/bigdata_warehouse/odms/P20Z10200N0157/bigdata_dw/omics_history_data/sample/084B59770EB5508C2EB16CA216ACAA42/P17Z10200N0159/genomics/JQAU8U88VS/variant/snv_shortIndel/avcf/JQAU8U88VS.allsite.vcf.gz,/zfsms3/ST_STOMICS/STOmics_cloud/odms/prd/sz_history/bigdata_warehouse/odms/P20Z10200N0157/bigdata_dw/omics_history_data/sample/084B59770EB5508C2EB16CA216ACAA42/P17Z10200N0159/genomics/JQAU8U88VS/variant/snv_shortIndel/avcf/JQAU8U88VS.allsite.vcf.gz.tbi,/Files/ResultData/Workflow/W202508130007117/24S08310630.bqsr.bam,/Files/ResultData/Workflow/W202507160008563/E-S24707256971/hla/E-S24707256971.hla_typing.txt,/Files/ResultData/Workflow/W202508130007117/24S08310630.bqsr.bam.bai,/Files/sz_history/longrui/pgx/positions.bed,/Files/sz_history/longrui/pgx/pharmcat_positions.vcf.gz,/Files/sz_history/longrui/pgx/pharmcat_positions.vcf.gz.csi,1900499063C,/Files/sz_history/huangfei/BGE/hcWGS/HLA,/Files/sz_history/zhenghaihui/lush,/Files/sz_history/huangfei/BGE/database,megabolt,/Files/sz_history/huangfei/BGE/database/genome/hg38_noalt_withrandom,/Files/sz_history/huangfei/BGE/database/genome/hg38_noalt_withrandom/All_20180418.new.vcf.gz,/Files/sz_history/huangfei/BGE/database/genome/hg38_noalt_withrandom/All_20180418.new.vcf.gz.csi
1900611305C,/zfsms3/ST_STOMICS/STOmics_cloud/odms/prd/sz_history/bigdata_warehouse/odms/P20Z10200N0157/bigdata_dw/omics_history_data/sample/F4D00258D4CD3ED7F629780254EDDE32/P17Z10200N0159/genomics/MSFWB2Q4GT/variant/snv_shortIndel/avcf/MSFWB2Q4GT.allsite.vcf.gz,/zfsms3/ST_STOMICS/STOmics_cloud/odms/prd/sz_history/bigdata_warehouse/odms/P20Z10200N0157/bigdata_dw/omics_history_data/sample/F4D00258D4CD3ED7F629780254EDDE32/P17Z10200N0159/genomics/MSFWB2Q4GT/variant/snv_shortIndel/avcf/MSFWB2Q4GT.allsite.vcf.gz.tbi,/Files/ResultData/Workflow/W202508130007117/24S08310630.bqsr.bam,/Files/ResultData/Workflow/W202507160008563/E-S24707256971/hla/E-S24707256971.hla_typing.txt,/Files/ResultData/Workflow/W202508130007117/24S08310630.bqsr.bam.bai,/Files/sz_history/longrui/pgx/positions.bed,/Files/sz_history/longrui/pgx/pharmcat_positions.vcf.gz,/Files/sz_history/longrui/pgx/pharmcat_positions.vcf.gz.csi,1900611305C,/Files/sz_history/huangfei/BGE/hcWGS/HLA,/Files/sz_history/zhenghaihui/lush,/Files/sz_history/huangfei/BGE/database,megabolt,/Files/sz_history/huangfei/BGE/database/genome/hg38_noalt_withrandom,/Files/sz_history/huangfei/BGE/database/genome/hg38_noalt_withrandom/All_20180418.new.vcf.gz,/Files/sz_history/huangfei/BGE/database/genome/hg38_noalt_withrandom/All_20180418.new.vcf.gz.csi
1900611418C,/zfsms3/ST_STOMICS/STOmics_cloud/odms/prd/sz_history/bigdata_warehouse/odms/P20Z10200N0157/bigdata_dw/omics_history_data/sample/68FBE51D74169EEA986331E3327F4725/P17Z10200N0159/genomics/G7J3HXK6GZ/variant/snv_shortIndel/avcf/G7J3HXK6GZ.allsite.vcf.gz,/zfsms3/ST_STOMICS/STOmics_cloud/odms/prd/sz_history/bigdata_warehouse/odms/P20Z10200N0157/bigdata_dw/omics_history_data/sample/68FBE51D74169EEA986331E3327F4725/P17Z10200N0159/genomics/G7J3HXK6GZ/variant/snv_shortIndel/avcf/G7J3HXK6GZ.allsite.vcf.gz.tbi,/Files/ResultData/Workflow/W202508130007117/24S08310630.bqsr.bam,/Files/ResultData/Workflow/W202507160008563/E-S24707256971/hla/E-S24707256971.hla_typing.txt,/Files/ResultData/Workflow/W202508130007117/24S08310630.bqsr.bam.bai,/Files/sz_history/longrui/pgx/positions.bed,/Files/sz_history/longrui/pgx/pharmcat_positions.vcf.gz,/Files/sz_history/longrui/pgx/pharmcat_positions.vcf.gz.csi,1900611418C,/Files/sz_history/huangfei/BGE/hcWGS/HLA,/Files/sz_history/zhenghaihui/lush,/Files/sz_history/huangfei/BGE/database,megabolt,/Files/sz_history/huangfei/BGE/database/genome/hg38_noalt_withrandom,/Files/sz_history/huangfei/BGE/database/genome/hg38_noalt_withrandom/All_20180418.new.vcf.gz,/Files/sz_history/huangfei/BGE/database/genome/hg38_noalt_withrandom/All_20180418.new.vcf.gz.csi
1900499810C,/zfsms3/ST_STOMICS/STOmics_cloud/odms/prd/sz_history/bigdata_warehouse/odms/P20Z10200N0157/bigdata_dw/omics_history_data/sample/8AE7EB0F8BB4A8DBF61FF564690B88E3/P17Z10200N0159/genomics/9QSTBBY9SA/variant/snv_shortIndel/avcf/9QSTBBY9SA.allsite.vcf.gz,/zfsms3/ST_STOMICS/STOmics_cloud/odms/prd/sz_history/bigdata_warehouse/odms/P20Z10200N0157/bigdata_dw/omics_history_data/sample/8AE7EB0F8BB4A8DBF61FF564690B88E3/P17Z10200N0159/genomics/9QSTBBY9SA/variant/snv_shortIndel/avcf/9QSTBBY9SA.allsite.vcf.gz.tbi,/Files/ResultData/Workflow/W202508130007117/24S08310630.bqsr.bam,/Files/ResultData/Workflow/W202507160008563/E-S24707256971/hla/E-S24707256971.hla_typing.txt,/Files/ResultData/Workflow/W202508130007117/24S08310630.bqsr.bam.bai,/Files/sz_history/longrui/pgx/positions.bed,/Files/sz_history/longrui/pgx/pharmcat_positions.vcf.gz,/Files/sz_history/longrui/pgx/pharmcat_positions.vcf.gz.csi,1900499810C,/Files/sz_history/huangfei/BGE/hcWGS/HLA,/Files/sz_history/zhenghaihui/lush,/Files/sz_history/huangfei/BGE/database,megabolt,/Files/sz_history/huangfei/BGE/database/genome/hg38_noalt_withrandom,/Files/sz_history/huangfei/BGE/database/genome/hg38_noalt_withrandom/All_20180418.new.vcf.gz,/Files/sz_history/huangfei/BGE/database/genome/hg38_noalt_withrandom/All_20180418.new.vcf.gz.csi
1900499005C,/zfsms3/ST_STOMICS/STOmics_cloud/odms/prd/sz_history/bigdata_warehouse/odms/P20Z10200N0157/bigdata_dw/omics_history_data/sample/03008FB211381A87055E4FC01A93AEDD/P17Z10200N0159/genomics/KUGXQTQEZR/variant/snv_shortIndel/avcf/KUGXQTQEZR.allsite.vcf.gz,/zfsms3/ST_STOMICS/STOmics_cloud/odms/prd/sz_history/bigdata_warehouse/odms/P20Z10200N0157/bigdata_dw/omics_history_data/sample/03008FB211381A87055E4FC01A93AEDD/P17Z10200N0159/genomics/KUGXQTQEZR/variant/snv_shortIndel/avcf/KUGXQTQEZR.allsite.vcf.gz.tbi,/Files/ResultData/Workflow/W202508130007117/24S08310630.bqsr.bam,/Files/ResultData/Workflow/W202507160008563/E-S24707256971/hla/E-S24707256971.hla_typing.txt,/Files/ResultData/Workflow/W202508130007117/24S08310630.bqsr.bam.bai,/Files/sz_history/longrui/pgx/positions.bed,/Files/sz_history/longrui/pgx/pharmcat_positions.vcf.gz,/Files/sz_history/longrui/pgx/pharmcat_positions.vcf.gz.csi,1900499005C,/Files/sz_history/huangfei/BGE/hcWGS/HLA,/Files/sz_history/zhenghaihui/lush,/Files/sz_history/huangfei/BGE/database,megabolt,/Files/sz_history/huangfei/BGE/database/genome/hg38_noalt_withrandom,/Files/sz_history/huangfei/BGE/database/genome/hg38_noalt_withrandom/All_20180418.new.vcf.gz,/Files/sz_history/huangfei/BGE/database/genome/hg38_noalt_withrandom/All_20180418.new.vcf.gz.csi
1900499376C,/zfsms3/ST_STOMICS/STOmics_cloud/odms/prd/sz_history/bigdata_warehouse/odms/P20Z10200N0157/bigdata_dw/omics_history_data/sample/01F44C2F02AA54FAC8EA01473262A152/P17Z10200N0159/genomics/L9J6ZXPGN1/variant/snv_shortIndel/avcf/L9J6ZXPGN1.allsite.vcf.gz,/zfsms3/ST_STOMICS/STOmics_cloud/odms/prd/sz_history/bigdata_warehouse/odms/P20Z10200N0157/bigdata_dw/omics_history_data/sample/01F44C2F02AA54FAC8EA01473262A152/P17Z10200N0159/genomics/L9J6ZXPGN1/variant/snv_shortIndel/avcf/L9J6ZXPGN1.allsite.vcf.gz.tbi,/Files/ResultData/Workflow/W202508130007117/24S08310630.bqsr.bam,/Files/ResultData/Workflow/W202507160008563/E-S24707256971/hla/E-S24707256971.hla_typing.txt,/Files/ResultData/Workflow/W202508130007117/24S08310630.bqsr.bam.bai,/Files/sz_history/longrui/pgx/positions.bed,/Files/sz_history/longrui/pgx/pharmcat_positions.vcf.gz,/Files/sz_history/longrui/pgx/pharmcat_positions.vcf.gz.csi,1900499376C,/Files/sz_history/huangfei/BGE/hcWGS/HLA,/Files/sz_history/zhenghaihui/lush,/Files/sz_history/huangfei/BGE/database,megabolt,/Files/sz_history/huangfei/BGE/database/genome/hg38_noalt_withrandom,/Files/sz_history/huangfei/BGE/database/genome/hg38_noalt_withrandom/All_20180418.new.vcf.gz,/Files/sz_history/huangfei/BGE/database/genome/hg38_noalt_withrandom/All_20180418.new.vcf.gz.csi
1900611529C,/zfsms3/ST_STOMICS/STOmics_cloud/odms/prd/sz_history/bigdata_warehouse/odms/P20Z10200N0157/bigdata_dw/omics_history_data/sample/2B16A8AB5A5DD94CC4A3CCCDDAE04EBB/P17Z10200N0159/genomics/8CQZXKW3MY/variant/snv_shortIndel/avcf/8CQZXKW3MY.allsite.vcf.gz,/zfsms3/ST_STOMICS/STOmics_cloud/odms/prd/sz_history/bigdata_warehouse/odms/P20Z10200N0157/bigdata_dw/omics_history_data/sample/2B16A8AB5A5DD94CC4A3CCCDDAE04EBB/P17Z10200N0159/genomics/8CQZXKW3MY/variant/snv_shortIndel/avcf/8CQZXKW3MY.allsite.vcf.gz.tbi,/Files/ResultData/Workflow/W202508130007117/24S08310630.bqsr.bam,/Files/ResultData/Workflow/W202507160008563/E-S24707256971/hla/E-S24707256971.hla_typing.txt,/Files/ResultData/Workflow/W202508130007117/24S08310630.bqsr.bam.bai,/Files/sz_history/longrui/pgx/positions.bed,/Files/sz_history/longrui/pgx/pharmcat_positions.vcf.gz,/Files/sz_history/longrui/pgx/pharmcat_positions.vcf.gz.csi,1900611529C,/Files/sz_history/huangfei/BGE/hcWGS/HLA,/Files/sz_history/zhenghaihui/lush,/Files/sz_history/huangfei/BGE/database,megabolt,/Files/sz_history/huangfei/BGE/database/genome/hg38_noalt_withrandom,/Files/sz_history/huangfei/BGE/database/genome/hg38_noalt_withrandom/All_20180418.new.vcf.gz,/Files/sz_history/huangfei/BGE/database/genome/hg38_noalt_withrandom/All_20180418.new.vcf.gz.csi
1900499398C,/zfsms3/ST_STOMICS/STOmics_cloud/odms/prd/sz_history/bigdata_warehouse/odms/P20Z10200N0157/bigdata_dw/omics_history_data/sample/3D531FB73D1488D8DBB2F574DE39A29A/P17Z10200N0159/genomics/I7C2IR2F8S/variant/snv_shortIndel/avcf/I7C2IR2F8S.allsite.vcf.gz,/zfsms3/ST_STOMICS/STOmics_cloud/odms/prd/sz_history/bigdata_warehouse/odms/P20Z10200N0157/bigdata_dw/omics_history_data/sample/3D531FB73D1488D8DBB2F574DE39A29A/P17Z10200N0159/genomics/I7C2IR2F8S/variant/snv_shortIndel/avcf/I7C2IR2F8S.allsite.vcf.gz.tbi,/Files/ResultData/Workflow/W202508130007117/24S08310630.bqsr.bam,/Files/ResultData/Workflow/W202507160008563/E-S24707256971/hla/E-S24707256971.hla_typing.txt,/Files/ResultData/Workflow/W202508130007117/24S08310630.bqsr.bam.bai,/Files/sz_history/longrui/pgx/positions.bed,/Files/sz_history/longrui/pgx/pharmcat_positions.vcf.gz,/Files/sz_history/longrui/pgx/pharmcat_positions.vcf.gz.csi,1900499398C,/Files/sz_history/huangfei/BGE/hcWGS/HLA,/Files/sz_history/zhenghaihui/lush,/Files/sz_history/huangfei/BGE/database,megabolt,/Files/sz_history/huangfei/BGE/database/genome/hg38_noalt_withrandom,/Files/sz_history/huangfei/BGE/database/genome/hg38_noalt_withrandom/All_20180418.new.vcf.gz,/Files/sz_history/huangfei/BGE/database/genome/hg38_noalt_withrandom/All_20180418.new.vcf.gz.csi
1900492595C,/zfsms3/ST_STOMICS/STOmics_cloud/odms/prd/sz_history/bigdata_warehouse/odms/P20Z10200N0157/bigdata_dw/omics_history_data/sample/068388990F8B80C17A7428628BFE3D44/P17Z10200N0159/genomics/H9EGSAC71T/variant/snv_shortIndel/avcf/H9EGSAC71T.allsite.vcf.gz,/zfsms3/ST_STOMICS/STOmics_cloud/odms/prd/sz_history/bigdata_warehouse/odms/P20Z10200N0157/bigdata_dw/omics_history_data/sample/068388990F8B80C17A7428628BFE3D44/P17Z10200N0159/genomics/H9EGSAC71T/variant/snv_shortIndel/avcf/H9EGSAC71T.allsite.vcf.gz.tbi,/Files/ResultData/Workflow/W202508130007117/24S08310630.bqsr.bam,/Files/ResultData/Workflow/W202507160008563/E-S24707256971/hla/E-S24707256971.hla_typing.txt,/Files/ResultData/Workflow/W202508130007117/24S08310630.bqsr.bam.bai,/Files/sz_history/longrui/pgx/positions.bed,/Files/sz_history/longrui/pgx/pharmcat_positions.vcf.gz,/Files/sz_history/longrui/pgx/pharmcat_positions.vcf.gz.csi,1900492595C,/Files/sz_history/huangfei/BGE/hcWGS/HLA,/Files/sz_history/zhenghaihui/lush,/Files/sz_history/huangfei/BGE/database,megabolt,/Files/sz_history/huangfei/BGE/database/genome/hg38_noalt_withrandom,/Files/sz_history/huangfei/BGE/database/genome/hg38_noalt_withrandom/All_20180418.new.vcf.gz,/Files/sz_history/huangfei/BGE/database/genome/hg38_noalt_withrandom/All_20180418.new.vcf.gz.csi
1900581227C,/zfsms3/ST_STOMICS/STOmics_cloud/odms/prd/sz_history/bigdata_warehouse/odms/P20Z10200N0157/bigdata_dw/omics_history_data/sample/F6439C329E9CFAEB18755C04EEEC0970/P17Z10200N0159/genomics/KGSLMJQCW2/variant/snv_shortIndel/avcf/KGSLMJQCW2.allsite.vcf.gz,/zfsms3/ST_STOMICS/STOmics_cloud/odms/prd/sz_history/bigdata_warehouse/odms/P20Z10200N0157/bigdata_dw/omics_history_data/sample/F6439C329E9CFAEB18755C04EEEC0970/P17Z10200N0159/genomics/KGSLMJQCW2/variant/snv_shortIndel/avcf/KGSLMJQCW2.allsite.vcf.gz.tbi,/Files/ResultData/Workflow/W202508130007117/24S08310630.bqsr.bam,/Files/ResultData/Workflow/W202507160008563/E-S24707256971/hla/E-S24707256971.hla_typing.txt,/Files/ResultData/Workflow/W202508130007117/24S08310630.bqsr.bam.bai,/Files/sz_history/longrui/pgx/positions.bed,/Files/sz_history/longrui/pgx/pharmcat_positions.vcf.gz,/Files/sz_history/longrui/pgx/pharmcat_positions.vcf.gz.csi,1900581227C,/Files/sz_history/huangfei/BGE/hcWGS/HLA,/Files/sz_history/zhenghaihui/lush,/Files/sz_history/huangfei/BGE/database,megabolt,/Files/sz_history/huangfei/BGE/database/genome/hg38_noalt_withrandom,/Files/sz_history/huangfei/BGE/database/genome/hg38_noalt_withrandom/All_20180418.new.vcf.gz,/Files/sz_history/huangfei/BGE/database/genome/hg38_noalt_withrandom/All_20180418.new.vcf.gz.csi
1900499344C,/zfsms3/ST_STOMICS/STOmics_cloud/odms/prd/sz_history/bigdata_warehouse/odms/P20Z10200N0157/bigdata_dw/omics_history_data/sample/74975F9CD8B412478196BAF38DBFC16F/P17Z10200N0159/genomics/JJJJTCTOS8/variant/snv_shortIndel/avcf/JJJJTCTOS8.allsite.vcf.gz,/zfsms3/ST_STOMICS/STOmics_cloud/odms/prd/sz_history/bigdata_warehouse/odms/P20Z10200N0157/bigdata_dw/omics_history_data/sample/74975F9CD8B412478196BAF38DBFC16F/P17Z10200N0159/genomics/JJJJTCTOS8/variant/snv_shortIndel/avcf/JJJJTCTOS8.allsite.vcf.gz.tbi,/Files/ResultData/Workflow/W202508130007117/24S08310630.bqsr.bam,/Files/ResultData/Workflow/W202507160008563/E-S24707256971/hla/E-S24707256971.hla_typing.txt,/Files/ResultData/Workflow/W202508130007117/24S08310630.bqsr.bam.bai,/Files/sz_history/longrui/pgx/positions.bed,/Files/sz_history/longrui/pgx/pharmcat_positions.vcf.gz,/Files/sz_history/longrui/pgx/pharmcat_positions.vcf.gz.csi,1900499344C,/Files/sz_history/huangfei/BGE/hcWGS/HLA,/Files/sz_history/zhenghaihui/lush,/Files/sz_history/huangfei/BGE/database,megabolt,/Files/sz_history/huangfei/BGE/database/genome/hg38_noalt_withrandom,/Files/sz_history/huangfei/BGE/database/genome/hg38_noalt_withrandom/All_20180418.new.vcf.gz,/Files/sz_history/huangfei/BGE/database/genome/hg38_noalt_withrandom/All_20180418.new.vcf.gz.csi
1900492527C,/zfsms3/ST_STOMICS/STOmics_cloud/odms/prd/sz_history/bigdata_warehouse/odms/P20Z10200N0157/bigdata_dw/omics_history_data/sample/D8F2518221BF97C9F323E47173F42ABD/P17Z10200N0159/genomics/XILZ30P1HM/variant/snv_shortIndel/avcf/XILZ30P1HM.allsite.vcf.gz,/zfsms3/ST_STOMICS/STOmics_cloud/odms/prd/sz_history/bigdata_warehouse/odms/P20Z10200N0157/bigdata_dw/omics_history_data/sample/D8F2518221BF97C9F323E47173F42ABD/P17Z10200N0159/genomics/XILZ30P1HM/variant/snv_shortIndel/avcf/XILZ30P1HM.allsite.vcf.gz.tbi,/Files/ResultData/Workflow/W202508130007117/24S08310630.bqsr.bam,/Files/ResultData/Workflow/W202507160008563/E-S24707256971/hla/E-S24707256971.hla_typing.txt,/Files/ResultData/Workflow/W202508130007117/24S08310630.bqsr.bam.bai,/Files/sz_history/longrui/pgx/positions.bed,/Files/sz_history/longrui/pgx/pharmcat_positions.vcf.gz,/Files/sz_history/longrui/pgx/pharmcat_positions.vcf.gz.csi,1900492527C,/Files/sz_history/huangfei/BGE/hcWGS/HLA,/Files/sz_history/zhenghaihui/lush,/Files/sz_history/huangfei/BGE/database,megabolt,/Files/sz_history/huangfei/BGE/database/genome/hg38_noalt_withrandom,/Files/sz_history/huangfei/BGE/database/genome/hg38_noalt_withrandom/All_20180418.new.vcf.gz,/Files/sz_history/huangfei/BGE/database/genome/hg38_noalt_withrandom/All_20180418.new.vcf.gz.csi
1900499345C,/zfsms3/ST_STOMICS/STOmics_cloud/odms/prd/sz_history/bigdata_warehouse/odms/P20Z10200N0157/bigdata_dw/omics_history_data/sample/09BFB6FD5BD1375C046047250E3A4057/P17Z10200N0159/genomics/96SIT32640/variant/snv_shortIndel/avcf/96SIT32640.allsite.vcf.gz,/zfsms3/ST_STOMICS/STOmics_cloud/odms/prd/sz_history/bigdata_warehouse/odms/P20Z10200N0157/bigdata_dw/omics_history_data/sample/09BFB6FD5BD1375C046047250E3A4057/P17Z10200N0159/genomics/96SIT32640/variant/snv_shortIndel/avcf/96SIT32640.allsite.vcf.gz.tbi,/Files/ResultData/Workflow/W202508130007117/24S08310630.bqsr.bam,/Files/ResultData/Workflow/W202507160008563/E-S24707256971/hla/E-S24707256971.hla_typing.txt,/Files/ResultData/Workflow/W202508130007117/24S08310630.bqsr.bam.bai,/Files/sz_history/longrui/pgx/positions.bed,/Files/sz_history/longrui/pgx/pharmcat_positions.vcf.gz,/Files/sz_history/longrui/pgx/pharmcat_positions.vcf.gz.csi,1900499345C,/Files/sz_history/huangfei/BGE/hcWGS/HLA,/Files/sz_history/zhenghaihui/lush,/Files/sz_history/huangfei/BGE/database,megabolt,/Files/sz_history/huangfei/BGE/database/genome/hg38_noalt_withrandom,/Files/sz_history/huangfei/BGE/database/genome/hg38_noalt_withrandom/All_20180418.new.vcf.gz,/Files/sz_history/huangfei/BGE/database/genome/hg38_noalt_withrandom/All_20180418.new.vcf.gz.csi
1900499393C,/zfsms3/ST_STOMICS/STOmics_cloud/odms/prd/sz_history/bigdata_warehouse/odms/P20Z10200N0157/bigdata_dw/omics_history_data/sample/7C02CAFBDEF3FD61BC834BA73234A01C/P17Z10200N0159/genomics/24PZKMHIGF/variant/snv_shortIndel/avcf/24PZKMHIGF.allsite.vcf.gz,/zfsms3/ST_STOMICS/STOmics_cloud/odms/prd/sz_history/bigdata_warehouse/odms/P20Z10200N0157/bigdata_dw/omics_history_data/sample/7C02CAFBDEF3FD61BC834BA73234A01C/P17Z10200N0159/genomics/24PZKMHIGF/variant/snv_shortIndel/avcf/24PZKMHIGF.allsite.vcf.gz.tbi,/Files/ResultData/Workflow/W202508130007117/24S08310630.bqsr.bam,/Files/ResultData/Workflow/W202507160008563/E-S24707256971/hla/E-S24707256971.hla_typing.txt,/Files/ResultData/Workflow/W202508130007117/24S08310630.bqsr.bam.bai,/Files/sz_history/longrui/pgx/positions.bed,/Files/sz_history/longrui/pgx/pharmcat_positions.vcf.gz,/Files/sz_history/longrui/pgx/pharmcat_positions.vcf.gz.csi,1900499393C,/Files/sz_history/huangfei/BGE/hcWGS/HLA,/Files/sz_history/zhenghaihui/lush,/Files/sz_history/huangfei/BGE/database,megabolt,/Files/sz_history/huangfei/BGE/database/genome/hg38_noalt_withrandom,/Files/sz_history/huangfei/BGE/database/genome/hg38_noalt_withrandom/All_20180418.new.vcf.gz,/Files/sz_history/huangfei/BGE/database/genome/hg38_noalt_withrandom/All_20180418.new.vcf.gz.csi
1900499395C,/zfsms3/ST_STOMICS/STOmics_cloud/odms/prd/sz_history/bigdata_warehouse/odms/P20Z10200N0157/bigdata_dw/omics_history_data/sample/59DC1F3DFB4CAFC8010100465A390B06/P17Z10200N0159/genomics/1RGN7YJXPY/variant/snv_shortIndel/avcf/1RGN7YJXPY.allsite.vcf.gz,/zfsms3/ST_STOMICS/STOmics_cloud/odms/prd/sz_history/bigdata_warehouse/odms/P20Z10200N0157/bigdata_dw/omics_history_data/sample/59DC1F3DFB4CAFC8010100465A390B06/P17Z10200N0159/genomics/1RGN7YJXPY/variant/snv_shortIndel/avcf/1RGN7YJXPY.allsite.vcf.gz.tbi,/Files/ResultData/Workflow/W202508130007117/24S08310630.bqsr.bam,/Files/ResultData/Workflow/W202507160008563/E-S24707256971/hla/E-S24707256971.hla_typing.txt,/Files/ResultData/Workflow/W202508130007117/24S08310630.bqsr.bam.bai,/Files/sz_history/longrui/pgx/positions.bed,/Files/sz_history/longrui/pgx/pharmcat_positions.vcf.gz,/Files/sz_history/longrui/pgx/pharmcat_positions.vcf.gz.csi,1900499395C,/Files/sz_history/huangfei/BGE/hcWGS/HLA,/Files/sz_history/zhenghaihui/lush,/Files/sz_history/huangfei/BGE/database,megabolt,/Files/sz_history/huangfei/BGE/database/genome/hg38_noalt_withrandom,/Files/sz_history/huangfei/BGE/database/genome/hg38_noalt_withrandom/All_20180418.new.vcf.gz,/Files/sz_history/huangfei/BGE/database/genome/hg38_noalt_withrandom/All_20180418.new.vcf.gz.csi
1900493091C,/zfsms3/ST_STOMICS/STOmics_cloud/odms/prd/sz_history/bigdata_warehouse/odms/P20Z10200N0157/bigdata_dw/omics_history_data/sample/76EE5A3943F3EB3499A0EF86EAA43DDD/P17Z10200N0159/genomics/YU90QG446F/variant/snv_shortIndel/avcf/YU90QG446F.allsite.vcf.gz,/zfsms3/ST_STOMICS/STOmics_cloud/odms/prd/sz_history/bigdata_warehouse/odms/P20Z10200N0157/bigdata_dw/omics_history_data/sample/76EE5A3943F3EB3499A0EF86EAA43DDD/P17Z10200N0159/genomics/YU90QG446F/variant/snv_shortIndel/avcf/YU90QG446F.allsite.vcf.gz.tbi,/Files/ResultData/Workflow/W202508130007117/24S08310630.bqsr.bam,/Files/ResultData/Workflow/W202507160008563/E-S24707256971/hla/E-S24707256971.hla_typing.txt,/Files/ResultData/Workflow/W202508130007117/24S08310630.bqsr.bam.bai,/Files/sz_history/longrui/pgx/positions.bed,/Files/sz_history/longrui/pgx/pharmcat_positions.vcf.gz,/Files/sz_history/longrui/pgx/pharmcat_positions.vcf.gz.csi,1900493091C,/Files/sz_history/huangfei/BGE/hcWGS/HLA,/Files/sz_history/zhenghaihui/lush,/Files/sz_history/huangfei/BGE/database,megabolt,/Files/sz_history/huangfei/BGE/database/genome/hg38_noalt_withrandom,/Files/sz_history/huangfei/BGE/database/genome/hg38_noalt_withrandom/All_20180418.new.vcf.gz,/Files/sz_history/huangfei/BGE/database/genome/hg38_noalt_withrandom/All_20180418.new.vcf.gz.csi
1900581201C,/zfsms3/ST_STOMICS/STOmics_cloud/odms/prd/sz_history/bigdata_warehouse/odms/P20Z10200N0157/bigdata_dw/omics_history_data/sample/F475777E89C57B652A37CF59BE7D0DC3/P17Z10200N0159/genomics/RSQ0BKULSA/variant/snv_shortIndel/avcf/diff_arg_nullOrEmpty/RSQ0BKULSA.allsite.vcf.gz,/zfsms3/ST_STOMICS/STOmics_cloud/odms/prd/sz_history/bigdata_warehouse/odms/P20Z10200N0157/bigdata_dw/omics_history_data/sample/F475777E89C57B652A37CF59BE7D0DC3/P17Z10200N0159/genomics/RSQ0BKULSA/variant/snv_shortIndel/avcf/diff_arg_nullOrEmpty/RSQ0BKULSA.allsite.vcf.gz.tbi,/Files/ResultData/Workflow/W202508130007117/24S08310630.bqsr.bam,/Files/ResultData/Workflow/W202507160008563/E-S24707256971/hla/E-S24707256971.hla_typing.txt,/Files/ResultData/Workflow/W202508130007117/24S08310630.bqsr.bam.bai,/Files/sz_history/longrui/pgx/positions.bed,/Files/sz_history/longrui/pgx/pharmcat_positions.vcf.gz,/Files/sz_history/longrui/pgx/pharmcat_positions.vcf.gz.csi,1900581201C,/Files/sz_history/huangfei/BGE/hcWGS/HLA,/Files/sz_history/zhenghaihui/lush,/Files/sz_history/huangfei/BGE/database,megabolt,/Files/sz_history/huangfei/BGE/database/genome/hg38_noalt_withrandom,/Files/sz_history/huangfei/BGE/database/genome/hg38_noalt_withrandom/All_20180418.new.vcf.gz,/Files/sz_history/huangfei/BGE/database/genome/hg38_noalt_withrandom/All_20180418.new.vcf.gz.csi
1900496855C,/zfsms3/ST_STOMICS/STOmics_cloud/odms/prd/sz_history/bigdata_warehouse/odms/P20Z10200N0157/bigdata_dw/omics_history_data/sample/D3DFE7ED39FBFC895EF5C871D657C3EC/P17Z10200N0159/genomics/Y8PPLNPLPR/variant/snv_shortIndel/avcf/Y8PPLNPLPR.allsite.vcf.gz,/zfsms3/ST_STOMICS/STOmics_cloud/odms/prd/sz_history/bigdata_warehouse/odms/P20Z10200N0157/bigdata_dw/omics_history_data/sample/D3DFE7ED39FBFC895EF5C871D657C3EC/P17Z10200N0159/genomics/Y8PPLNPLPR/variant/snv_shortIndel/avcf/Y8PPLNPLPR.allsite.vcf.gz.tbi,/Files/ResultData/Workflow/W202508130007117/24S08310630.bqsr.bam,/Files/ResultData/Workflow/W202507160008563/E-S24707256971/hla/E-S24707256971.hla_typing.txt,/Files/ResultData/Workflow/W202508130007117/24S08310630.bqsr.bam.bai,/Files/sz_history/longrui/pgx/positions.bed,/Files/sz_history/longrui/pgx/pharmcat_positions.vcf.gz,/Files/sz_history/longrui/pgx/pharmcat_positions.vcf.gz.csi,1900496855C,/Files/sz_history/huangfei/BGE/hcWGS/HLA,/Files/sz_history/zhenghaihui/lush,/Files/sz_history/huangfei/BGE/database,megabolt,/Files/sz_history/huangfei/BGE/database/genome/hg38_noalt_withrandom,/Files/sz_history/huangfei/BGE/database/genome/hg38_noalt_withrandom/All_20180418.new.vcf.gz,/Files/sz_history/huangfei/BGE/database/genome/hg38_noalt_withrandom/All_20180418.new.vcf.gz.csi
1900496804C,/zfsms3/ST_STOMICS/STOmics_cloud/odms/prd/sz_history/bigdata_warehouse/odms/P20Z10200N0157/bigdata_dw/omics_history_data/sample/A055470855008CAF872CAFE327C3E0D2/P17Z10200N0159/genomics/WK3EM2CBZB/variant/snv_shortIndel/avcf/WK3EM2CBZB.allsite.vcf.gz,/zfsms3/ST_STOMICS/STOmics_cloud/odms/prd/sz_history/bigdata_warehouse/odms/P20Z10200N0157/bigdata_dw/omics_history_data/sample/A055470855008CAF872CAFE327C3E0D2/P17Z10200N0159/genomics/WK3EM2CBZB/variant/snv_shortIndel/avcf/WK3EM2CBZB.allsite.vcf.gz.tbi,/Files/ResultData/Workflow/W202508130007117/24S08310630.bqsr.bam,/Files/ResultData/Workflow/W202507160008563/E-S24707256971/hla/E-S24707256971.hla_typing.txt,/Files/ResultData/Workflow/W202508130007117/24S08310630.bqsr.bam.bai,/Files/sz_history/longrui/pgx/positions.bed,/Files/sz_history/longrui/pgx/pharmcat_positions.vcf.gz,/Files/sz_history/longrui/pgx/pharmcat_positions.vcf.gz.csi,1900496804C,/Files/sz_history/huangfei/BGE/hcWGS/HLA,/Files/sz_history/zhenghaihui/lush,/Files/sz_history/huangfei/BGE/database,megabolt,/Files/sz_history/huangfei/BGE/database/genome/hg38_noalt_withrandom,/Files/sz_history/huangfei/BGE/database/genome/hg38_noalt_withrandom/All_20180418.new.vcf.gz,/Files/sz_history/huangfei/BGE/database/genome/hg38_noalt_withrandom/All_20180418.new.vcf.gz.csi
1900497400C,/zfsms3/ST_STOMICS/STOmics_cloud/odms/prd/sz_history/bigdata_warehouse/odms/P20Z10200N0157/bigdata_dw/omics_history_data/sample/116DE6D28C60A12FCEA505C37B8677F4/P17Z10200N0159/genomics/63PI118KTB/variant/snv_shortIndel/avcf/63PI118KTB.allsite.vcf.gz,/zfsms3/ST_STOMICS/STOmics_cloud/odms/prd/sz_history/bigdata_warehouse/odms/P20Z10200N0157/bigdata_dw/omics_history_data/sample/116DE6D28C60A12FCEA505C37B8677F4/P17Z10200N0159/genomics/63PI118KTB/variant/snv_shortIndel/avcf/63PI118KTB.allsite.vcf.gz.tbi,/Files/ResultData/Workflow/W202508130007117/24S08310630.bqsr.bam,/Files/ResultData/Workflow/W202507160008563/E-S24707256971/hla/E-S24707256971.hla_typing.txt,/Files/ResultData/Workflow/W202508130007117/24S08310630.bqsr.bam.bai,/Files/sz_history/longrui/pgx/positions.bed,/Files/sz_history/longrui/pgx/pharmcat_positions.vcf.gz,/Files/sz_history/longrui/pgx/pharmcat_positions.vcf.gz.csi,1900497400C,/Files/sz_history/huangfei/BGE/hcWGS/HLA,/Files/sz_history/zhenghaihui/lush,/Files/sz_history/huangfei/BGE/database,megabolt,/Files/sz_history/huangfei/BGE/database/genome/hg38_noalt_withrandom,/Files/sz_history/huangfei/BGE/database/genome/hg38_noalt_withrandom/All_20180418.new.vcf.gz,/Files/sz_history/huangfei/BGE/database/genome/hg38_noalt_withrandom/All_20180418.new.vcf.gz.csi
1900578834C,/zfsms3/ST_STOMICS/STOmics_cloud/odms/prd/sz_history/bigdata_warehouse/odms/P20Z10200N0157/bigdata_dw/omics_history_data/sample/51D1374867C984EADA3FAC13764D0C27/P17Z10200N0159/genomics/BUYJC3PVSI/variant/snv_shortIndel/avcf/BUYJC3PVSI.allsite.vcf.gz,/zfsms3/ST_STOMICS/STOmics_cloud/odms/prd/sz_history/bigdata_warehouse/odms/P20Z10200N0157/bigdata_dw/omics_history_data/sample/51D1374867C984EADA3FAC13764D0C27/P17Z10200N0159/genomics/BUYJC3PVSI/variant/snv_shortIndel/avcf/BUYJC3PVSI.allsite.vcf.gz.tbi,/Files/ResultData/Workflow/W202508130007117/24S08310630.bqsr.bam,/Files/ResultData/Workflow/W202507160008563/E-S24707256971/hla/E-S24707256971.hla_typing.txt,/Files/ResultData/Workflow/W202508130007117/24S08310630.bqsr.bam.bai,/Files/sz_history/longrui/pgx/positions.bed,/Files/sz_history/longrui/pgx/pharmcat_positions.vcf.gz,/Files/sz_history/longrui/pgx/pharmcat_positions.vcf.gz.csi,1900578834C,/Files/sz_history/huangfei/BGE/hcWGS/HLA,/Files/sz_history/zhenghaihui/lush,/Files/sz_history/huangfei/BGE/database,megabolt,/Files/sz_history/huangfei/BGE/database/genome/hg38_noalt_withrandom,/Files/sz_history/huangfei/BGE/database/genome/hg38_noalt_withrandom/All_20180418.new.vcf.gz,/Files/sz_history/huangfei/BGE/database/genome/hg38_noalt_withrandom/All_20180418.new.vcf.gz.csi
1900496872C,/zfsms3/ST_STOMICS/STOmics_cloud/odms/prd/sz_history/bigdata_warehouse/odms/P20Z10200N0157/bigdata_dw/omics_history_data/sample/B87D8639C26168DF93EB2268A2F7034A/P17Z10200N0159/genomics/PSDCI1YBJX/variant/snv_shortIndel/avcf/PSDCI1YBJX.allsite.vcf.gz,/zfsms3/ST_STOMICS/STOmics_cloud/odms/prd/sz_history/bigdata_warehouse/odms/P20Z10200N0157/bigdata_dw/omics_history_data/sample/B87D8639C26168DF93EB2268A2F7034A/P17Z10200N0159/genomics/PSDCI1YBJX/variant/snv_shortIndel/avcf/PSDCI1YBJX.allsite.vcf.gz.tbi,/Files/ResultData/Workflow/W202508130007117/24S08310630.bqsr.bam,/Files/ResultData/Workflow/W202507160008563/E-S24707256971/hla/E-S24707256971.hla_typing.txt,/Files/ResultData/Workflow/W202508130007117/24S08310630.bqsr.bam.bai,/Files/sz_history/longrui/pgx/positions.bed,/Files/sz_history/longrui/pgx/pharmcat_positions.vcf.gz,/Files/sz_history/longrui/pgx/pharmcat_positions.vcf.gz.csi,1900496872C,/Files/sz_history/huangfei/BGE/hcWGS/HLA,/Files/sz_history/zhenghaihui/lush,/Files/sz_history/huangfei/BGE/database,megabolt,/Files/sz_history/huangfei/BGE/database/genome/hg38_noalt_withrandom,/Files/sz_history/huangfei/BGE/database/genome/hg38_noalt_withrandom/All_20180418.new.vcf.gz,/Files/sz_history/huangfei/BGE/database/genome/hg38_noalt_withrandom/All_20180418.new.vcf.gz.csi
1900581089C,/zfsms3/ST_STOMICS/STOmics_cloud/odms/prd/sz_history/bigdata_warehouse/odms/P20Z10200N0157/bigdata_dw/omics_history_data/sample/694680B77F3D71317C4DA4AE723CE823/P17Z10200N0159/genomics/CT5AHLDOHP/variant/snv_shortIndel/avcf/CT5AHLDOHP.allsite.vcf.gz,/zfsms3/ST_STOMICS/STOmics_cloud/odms/prd/sz_history/bigdata_warehouse/odms/P20Z10200N0157/bigdata_dw/omics_history_data/sample/694680B77F3D71317C4DA4AE723CE823/P17Z10200N0159/genomics/CT5AHLDOHP/variant/snv_shortIndel/avcf/CT5AHLDOHP.allsite.vcf.gz.tbi,/Files/ResultData/Workflow/W202508130007117/24S08310630.bqsr.bam,/Files/ResultData/Workflow/W202507160008563/E-S24707256971/hla/E-S24707256971.hla_typing.txt,/Files/ResultData/Workflow/W202508130007117/24S08310630.bqsr.bam.bai,/Files/sz_history/longrui/pgx/positions.bed,/Files/sz_history/longrui/pgx/pharmcat_positions.vcf.gz,/Files/sz_history/longrui/pgx/pharmcat_positions.vcf.gz.csi,1900581089C,/Files/sz_history/huangfei/BGE/hcWGS/HLA,/Files/sz_history/zhenghaihui/lush,/Files/sz_history/huangfei/BGE/database,megabolt,/Files/sz_history/huangfei/BGE/database/genome/hg38_noalt_withrandom,/Files/sz_history/huangfei/BGE/database/genome/hg38_noalt_withrandom/All_20180418.new.vcf.gz,/Files/sz_history/huangfei/BGE/database/genome/hg38_noalt_withrandom/All_20180418.new.vcf.gz.csi
1900611732C,/zfsms3/ST_STOMICS/STOmics_cloud/odms/prd/sz_history/bigdata_warehouse/odms/P20Z10200N0157/bigdata_dw/omics_history_data/sample/A4B58A487259FE44A547B056D21E0499/P17Z10200N0159/genomics/A8LR6B13IL/variant/snv_shortIndel/avcf/A8LR6B13IL.allsite.vcf.gz,/zfsms3/ST_STOMICS/STOmics_cloud/odms/prd/sz_history/bigdata_warehouse/odms/P20Z10200N0157/bigdata_dw/omics_history_data/sample/A4B58A487259FE44A547B056D21E0499/P17Z10200N0159/genomics/A8LR6B13IL/variant/snv_shortIndel/avcf/A8LR6B13IL.allsite.vcf.gz.tbi,/Files/ResultData/Workflow/W202508130007117/24S08310630.bqsr.bam,/Files/ResultData/Workflow/W202507160008563/E-S24707256971/hla/E-S24707256971.hla_typing.txt,/Files/ResultData/Workflow/W202508130007117/24S08310630.bqsr.bam.bai,/Files/sz_history/longrui/pgx/positions.bed,/Files/sz_history/longrui/pgx/pharmcat_positions.vcf.gz,/Files/sz_history/longrui/pgx/pharmcat_positions.vcf.gz.csi,1900611732C,/Files/sz_history/huangfei/BGE/hcWGS/HLA,/Files/sz_history/zhenghaihui/lush,/Files/sz_history/huangfei/BGE/database,megabolt,/Files/sz_history/huangfei/BGE/database/genome/hg38_noalt_withrandom,/Files/sz_history/huangfei/BGE/database/genome/hg38_noalt_withrandom/All_20180418.new.vcf.gz,/Files/sz_history/huangfei/BGE/database/genome/hg38_noalt_withrandom/All_20180418.new.vcf.gz.csi
1900581084C,/zfsms3/ST_STOMICS/STOmics_cloud/odms/prd/sz_history/bigdata_warehouse/odms/P20Z10200N0157/bigdata_dw/omics_history_data/sample/D51D4E6FDEE6D20DA3C1E9954811B34F/P17Z10200N0159/genomics/I2ARCNJ778/variant/snv_shortIndel/avcf/I2ARCNJ778.allsite.vcf.gz,/zfsms3/ST_STOMICS/STOmics_cloud/odms/prd/sz_history/bigdata_warehouse/odms/P20Z10200N0157/bigdata_dw/omics_history_data/sample/D51D4E6FDEE6D20DA3C1E9954811B34F/P17Z10200N0159/genomics/I2ARCNJ778/variant/snv_shortIndel/avcf/I2ARCNJ778.allsite.vcf.gz.tbi,/Files/ResultData/Workflow/W202508130007117/24S08310630.bqsr.bam,/Files/ResultData/Workflow/W202507160008563/E-S24707256971/hla/E-S24707256971.hla_typing.txt,/Files/ResultData/Workflow/W202508130007117/24S08310630.bqsr.bam.bai,/Files/sz_history/longrui/pgx/positions.bed,/Files/sz_history/longrui/pgx/pharmcat_positions.vcf.gz,/Files/sz_history/longrui/pgx/pharmcat_positions.vcf.gz.csi,1900581084C,/Files/sz_history/huangfei/BGE/hcWGS/HLA,/Files/sz_history/zhenghaihui/lush,/Files/sz_history/huangfei/BGE/database,megabolt,/Files/sz_history/huangfei/BGE/database/genome/hg38_noalt_withrandom,/Files/sz_history/huangfei/BGE/database/genome/hg38_noalt_withrandom/All_20180418.new.vcf.gz,/Files/sz_history/huangfei/BGE/database/genome/hg38_noalt_withrandom/All_20180418.new.vcf.gz.csi
1900496874C,/zfsms3/ST_STOMICS/STOmics_cloud/odms/prd/sz_history/bigdata_warehouse/odms/P20Z10200N0157/bigdata_dw/omics_history_data/sample/D494197C8C1B88B9724E0A23A55073CB/P17Z10200N0159/genomics/E1JOWYBSNX/variant/snv_shortIndel/avcf/E1JOWYBSNX.allsite.vcf.gz,/zfsms3/ST_STOMICS/STOmics_cloud/odms/prd/sz_history/bigdata_warehouse/odms/P20Z10200N0157/bigdata_dw/omics_history_data/sample/D494197C8C1B88B9724E0A23A55073CB/P17Z10200N0159/genomics/E1JOWYBSNX/variant/snv_shortIndel/avcf/E1JOWYBSNX.allsite.vcf.gz.tbi,/Files/ResultData/Workflow/W202508130007117/24S08310630.bqsr.bam,/Files/ResultData/Workflow/W202507160008563/E-S24707256971/hla/E-S24707256971.hla_typing.txt,/Files/ResultData/Workflow/W202508130007117/24S08310630.bqsr.bam.bai,/Files/sz_history/longrui/pgx/positions.bed,/Files/sz_history/longrui/pgx/pharmcat_positions.vcf.gz,/Files/sz_history/longrui/pgx/pharmcat_positions.vcf.gz.csi,1900496874C,/Files/sz_history/huangfei/BGE/hcWGS/HLA,/Files/sz_history/zhenghaihui/lush,/Files/sz_history/huangfei/BGE/database,megabolt,/Files/sz_history/huangfei/BGE/database/genome/hg38_noalt_withrandom,/Files/sz_history/huangfei/BGE/database/genome/hg38_noalt_withrandom/All_20180418.new.vcf.gz,/Files/sz_history/huangfei/BGE/database/genome/hg38_noalt_withrandom/All_20180418.new.vcf.gz.csi
1900496803C,/zfsms3/ST_STOMICS/STOmics_cloud/odms/prd/sz_history/bigdata_warehouse/odms/P20Z10200N0157/bigdata_dw/omics_history_data/sample/18EFC0A1759C2D11989849644F2E20E7/P17Z10200N0159/genomics/R786TCQ4FT/variant/snv_shortIndel/avcf/diff_arg_nullOrEmpty/R786TCQ4FT.allsite.vcf.gz,/zfsms3/ST_STOMICS/STOmics_cloud/odms/prd/sz_history/bigdata_warehouse/odms/P20Z10200N0157/bigdata_dw/omics_history_data/sample/18EFC0A1759C2D11989849644F2E20E7/P17Z10200N0159/genomics/R786TCQ4FT/variant/snv_shortIndel/avcf/diff_arg_nullOrEmpty/R786TCQ4FT.allsite.vcf.gz.tbi,/Files/ResultData/Workflow/W202508130007117/24S08310630.bqsr.bam,/Files/ResultData/Workflow/W202507160008563/E-S24707256971/hla/E-S24707256971.hla_typing.txt,/Files/ResultData/Workflow/W202508130007117/24S08310630.bqsr.bam.bai,/Files/sz_history/longrui/pgx/positions.bed,/Files/sz_history/longrui/pgx/pharmcat_positions.vcf.gz,/Files/sz_history/longrui/pgx/pharmcat_positions.vcf.gz.csi,1900496803C,/Files/sz_history/huangfei/BGE/hcWGS/HLA,/Files/sz_history/zhenghaihui/lush,/Files/sz_history/huangfei/BGE/database,megabolt,/Files/sz_history/huangfei/BGE/database/genome/hg38_noalt_withrandom,/Files/sz_history/huangfei/BGE/database/genome/hg38_noalt_withrandom/All_20180418.new.vcf.gz,/Files/sz_history/huangfei/BGE/database/genome/hg38_noalt_withrandom/All_20180418.new.vcf.gz.csi
1900436725C,/zfsms3/ST_STOMICS/STOmics_cloud/odms/prd/sz_history/bigdata_warehouse/odms/P20Z10200N0157/bigdata_dw/omics_history_data/sample/9059E8A9A851D6519BC9CBB7C560C0E5/P17Z10200N0159/genomics/UVNKPO844O/variant/snv_shortIndel/avcf/diff_arg_nullOrEmpty/UVNKPO844O.allsite.vcf.gz,/zfsms3/ST_STOMICS/STOmics_cloud/odms/prd/sz_history/bigdata_warehouse/odms/P20Z10200N0157/bigdata_dw/omics_history_data/sample/9059E8A9A851D6519BC9CBB7C560C0E5/P17Z10200N0159/genomics/UVNKPO844O/variant/snv_shortIndel/avcf/diff_arg_nullOrEmpty/UVNKPO844O.allsite.vcf.gz.tbi,/Files/ResultData/Workflow/W202508130007117/24S08310630.bqsr.bam,/Files/ResultData/Workflow/W202507160008563/E-S24707256971/hla/E-S24707256971.hla_typing.txt,/Files/ResultData/Workflow/W202508130007117/24S08310630.bqsr.bam.bai,/Files/sz_history/longrui/pgx/positions.bed,/Files/sz_history/longrui/pgx/pharmcat_positions.vcf.gz,/Files/sz_history/longrui/pgx/pharmcat_positions.vcf.gz.csi,1900436725C,/Files/sz_history/huangfei/BGE/hcWGS/HLA,/Files/sz_history/zhenghaihui/lush,/Files/sz_history/huangfei/BGE/database,megabolt,/Files/sz_history/huangfei/BGE/database/genome/hg38_noalt_withrandom,/Files/sz_history/huangfei/BGE/database/genome/hg38_noalt_withrandom/All_20180418.new.vcf.gz,/Files/sz_history/huangfei/BGE/database/genome/hg38_noalt_withrandom/All_20180418.new.vcf.gz.csi
1900434365C,/zfsms3/ST_STOMICS/STOmics_cloud/odms/prd/sz_history/bigdata_warehouse/odms/P20Z10200N0157/bigdata_dw/omics_history_data/sample/C7F32B5F9F192D835478FCA118E1C9CF/P17Z10200N0159/genomics/SJDWU81GB8/variant/snv_shortIndel/avcf/diff_arg_nullOrEmpty/SJDWU81GB8.allsite.vcf.gz,/zfsms3/ST_STOMICS/STOmics_cloud/odms/prd/sz_history/bigdata_warehouse/odms/P20Z10200N0157/bigdata_dw/omics_history_data/sample/C7F32B5F9F192D835478FCA118E1C9CF/P17Z10200N0159/genomics/SJDWU81GB8/variant/snv_shortIndel/avcf/diff_arg_nullOrEmpty/SJDWU81GB8.allsite.vcf.gz.tbi,/Files/ResultData/Workflow/W202508130007117/24S08310630.bqsr.bam,/Files/ResultData/Workflow/W202507160008563/E-S24707256971/hla/E-S24707256971.hla_typing.txt,/Files/ResultData/Workflow/W202508130007117/24S08310630.bqsr.bam.bai,/Files/sz_history/longrui/pgx/positions.bed,/Files/sz_history/longrui/pgx/pharmcat_positions.vcf.gz,/Files/sz_history/longrui/pgx/pharmcat_positions.vcf.gz.csi,1900434365C,/Files/sz_history/huangfei/BGE/hcWGS/HLA,/Files/sz_history/zhenghaihui/lush,/Files/sz_history/huangfei/BGE/database,megabolt,/Files/sz_history/huangfei/BGE/database/genome/hg38_noalt_withrandom,/Files/sz_history/huangfei/BGE/database/genome/hg38_noalt_withrandom/All_20180418.new.vcf.gz,/Files/sz_history/huangfei/BGE/database/genome/hg38_noalt_withrandom/All_20180418.new.vcf.gz.csi
1900437034C,/zfsms3/ST_STOMICS/STOmics_cloud/odms/prd/sz_history/bigdata_warehouse/odms/P20Z10200N0157/bigdata_dw/omics_history_data/sample/0D72E3D0DE5FB7E86450118C4493C262/P17Z10200N0159/genomics/ORF57R3OTQ/variant/snv_shortIndel/avcf/ORF57R3OTQ.allsite.vcf.gz,/zfsms3/ST_STOMICS/STOmics_cloud/odms/prd/sz_history/bigdata_warehouse/odms/P20Z10200N0157/bigdata_dw/omics_history_data/sample/0D72E3D0DE5FB7E86450118C4493C262/P17Z10200N0159/genomics/ORF57R3OTQ/variant/snv_shortIndel/avcf/ORF57R3OTQ.allsite.vcf.gz.tbi,/Files/ResultData/Workflow/W202508130007117/24S08310630.bqsr.bam,/Files/ResultData/Workflow/W202507160008563/E-S24707256971/hla/E-S24707256971.hla_typing.txt,/Files/ResultData/Workflow/W202508130007117/24S08310630.bqsr.bam.bai,/Files/sz_history/longrui/pgx/positions.bed,/Files/sz_history/longrui/pgx/pharmcat_positions.vcf.gz,/Files/sz_history/longrui/pgx/pharmcat_positions.vcf.gz.csi,1900437034C,/Files/sz_history/huangfei/BGE/hcWGS/HLA,/Files/sz_history/zhenghaihui/lush,/Files/sz_history/huangfei/BGE/database,megabolt,/Files/sz_history/huangfei/BGE/database/genome/hg38_noalt_withrandom,/Files/sz_history/huangfei/BGE/database/genome/hg38_noalt_withrandom/All_20180418.new.vcf.gz,/Files/sz_history/huangfei/BGE/database/genome/hg38_noalt_withrandom/All_20180418.new.vcf.gz.csi
1900429907C,/zfsms3/ST_STOMICS/STOmics_cloud/odms/prd/sz_history/bigdata_warehouse/odms/P20Z10200N0157/bigdata_dw/omics_history_data/sample/9AC662896C537E796EB73151388AE388/P17Z10200N0159/genomics/X02JL5ZE6S/variant/snv_shortIndel/avcf/X02JL5ZE6S.allsite.vcf.gz,/zfsms3/ST_STOMICS/STOmics_cloud/odms/prd/sz_history/bigdata_warehouse/odms/P20Z10200N0157/bigdata_dw/omics_history_data/sample/9AC662896C537E796EB73151388AE388/P17Z10200N0159/genomics/X02JL5ZE6S/variant/snv_shortIndel/avcf/X02JL5ZE6S.allsite.vcf.gz.tbi,/Files/ResultData/Workflow/W202508130007117/24S08310630.bqsr.bam,/Files/ResultData/Workflow/W202507160008563/E-S24707256971/hla/E-S24707256971.hla_typing.txt,/Files/ResultData/Workflow/W202508130007117/24S08310630.bqsr.bam.bai,/Files/sz_history/longrui/pgx/positions.bed,/Files/sz_history/longrui/pgx/pharmcat_positions.vcf.gz,/Files/sz_history/longrui/pgx/pharmcat_positions.vcf.gz.csi,1900429907C,/Files/sz_history/huangfei/BGE/hcWGS/HLA,/Files/sz_history/zhenghaihui/lush,/Files/sz_history/huangfei/BGE/database,megabolt,/Files/sz_history/huangfei/BGE/database/genome/hg38_noalt_withrandom,/Files/sz_history/huangfei/BGE/database/genome/hg38_noalt_withrandom/All_20180418.new.vcf.gz,/Files/sz_history/huangfei/BGE/database/genome/hg38_noalt_withrandom/All_20180418.new.vcf.gz.csi
1900433270C,/zfsms3/ST_STOMICS/STOmics_cloud/odms/prd/sz_history/bigdata_warehouse/odms/P20Z10200N0157/bigdata_dw/omics_history_data/sample/6AAA5AE19EC3C2ADEF78A7366A23E25C/P17Z10200N0159/genomics/IZ5237IZ70/variant/snv_shortIndel/avcf/IZ5237IZ70.allsite.vcf.gz,/zfsms3/ST_STOMICS/STOmics_cloud/odms/prd/sz_history/bigdata_warehouse/odms/P20Z10200N0157/bigdata_dw/omics_history_data/sample/6AAA5AE19EC3C2ADEF78A7366A23E25C/P17Z10200N0159/genomics/IZ5237IZ70/variant/snv_shortIndel/avcf/IZ5237IZ70.allsite.vcf.gz.tbi,/Files/ResultData/Workflow/W202508130007117/24S08310630.bqsr.bam,/Files/ResultData/Workflow/W202507160008563/E-S24707256971/hla/E-S24707256971.hla_typing.txt,/Files/ResultData/Workflow/W202508130007117/24S08310630.bqsr.bam.bai,/Files/sz_history/longrui/pgx/positions.bed,/Files/sz_history/longrui/pgx/pharmcat_positions.vcf.gz,/Files/sz_history/longrui/pgx/pharmcat_positions.vcf.gz.csi,1900433270C,/Files/sz_history/huangfei/BGE/hcWGS/HLA,/Files/sz_history/zhenghaihui/lush,/Files/sz_history/huangfei/BGE/database,megabolt,/Files/sz_history/huangfei/BGE/database/genome/hg38_noalt_withrandom,/Files/sz_history/huangfei/BGE/database/genome/hg38_noalt_withrandom/All_20180418.new.vcf.gz,/Files/sz_history/huangfei/BGE/database/genome/hg38_noalt_withrandom/All_20180418.new.vcf.gz.csi
2901225415C,/zfsms3/ST_STOMICS/STOmics_cloud/odms/prd/sz_history/bigdata_warehouse/odms/P20Z10200N0157/bigdata_dw/omics_history_data/sample/A4C4397C30D684D1B2C101FFFAF04CC7/P17Z10200N0159/genomics/5XHP2GTT4X/variant/snv_shortIndel/avcf/5XHP2GTT4X.allsite.vcf.gz,/zfsms3/ST_STOMICS/STOmics_cloud/odms/prd/sz_history/bigdata_warehouse/odms/P20Z10200N0157/bigdata_dw/omics_history_data/sample/A4C4397C30D684D1B2C101FFFAF04CC7/P17Z10200N0159/genomics/5XHP2GTT4X/variant/snv_shortIndel/avcf/5XHP2GTT4X.allsite.vcf.gz.tbi,/Files/ResultData/Workflow/W202508130007117/24S08310630.bqsr.bam,/Files/ResultData/Workflow/W202507160008563/E-S24707256971/hla/E-S24707256971.hla_typing.txt,/Files/ResultData/Workflow/W202508130007117/24S08310630.bqsr.bam.bai,/Files/sz_history/longrui/pgx/positions.bed,/Files/sz_history/longrui/pgx/pharmcat_positions.vcf.gz,/Files/sz_history/longrui/pgx/pharmcat_positions.vcf.gz.csi,2901225415C,/Files/sz_history/huangfei/BGE/hcWGS/HLA,/Files/sz_history/zhenghaihui/lush,/Files/sz_history/huangfei/BGE/database,megabolt,/Files/sz_history/huangfei/BGE/database/genome/hg38_noalt_withrandom,/Files/sz_history/huangfei/BGE/database/genome/hg38_noalt_withrandom/All_20180418.new.vcf.gz,/Files/sz_history/huangfei/BGE/database/genome/hg38_noalt_withrandom/All_20180418.new.vcf.gz.csi
1900428898C,/zfsms3/ST_STOMICS/STOmics_cloud/odms/prd/sz_history/bigdata_warehouse/odms/P20Z10200N0157/bigdata_dw/omics_history_data/sample/D19519BDEBBE7835FF02B4D37673C1D6/P17Z10200N0159/genomics/BWMT8V1E6B/variant/snv_shortIndel/avcf/BWMT8V1E6B.allsite.vcf.gz,/zfsms3/ST_STOMICS/STOmics_cloud/odms/prd/sz_history/bigdata_warehouse/odms/P20Z10200N0157/bigdata_dw/omics_history_data/sample/D19519BDEBBE7835FF02B4D37673C1D6/P17Z10200N0159/genomics/BWMT8V1E6B/variant/snv_shortIndel/avcf/BWMT8V1E6B.allsite.vcf.gz.tbi,/Files/ResultData/Workflow/W202508130007117/24S08310630.bqsr.bam,/Files/ResultData/Workflow/W202507160008563/E-S24707256971/hla/E-S24707256971.hla_typing.txt,/Files/ResultData/Workflow/W202508130007117/24S08310630.bqsr.bam.bai,/Files/sz_history/longrui/pgx/positions.bed,/Files/sz_history/longrui/pgx/pharmcat_positions.vcf.gz,/Files/sz_history/longrui/pgx/pharmcat_positions.vcf.gz.csi,1900428898C,/Files/sz_history/huangfei/BGE/hcWGS/HLA,/Files/sz_history/zhenghaihui/lush,/Files/sz_history/huangfei/BGE/database,megabolt,/Files/sz_history/huangfei/BGE/database/genome/hg38_noalt_withrandom,/Files/sz_history/huangfei/BGE/database/genome/hg38_noalt_withrandom/All_20180418.new.vcf.gz,/Files/sz_history/huangfei/BGE/database/genome/hg38_noalt_withrandom/All_20180418.new.vcf.gz.csi
2901225429C,/zfsms3/ST_STOMICS/STOmics_cloud/odms/prd/sz_history/bigdata_warehouse/odms/P20Z10200N0157/bigdata_dw/omics_history_data/sample/63209381DEFA3A0C8B5D8F0E1DE575D4/P17Z10200N0159/genomics/GPYSKUYO5U/variant/snv_shortIndel/avcf/GPYSKUYO5U.allsite.vcf.gz,/zfsms3/ST_STOMICS/STOmics_cloud/odms/prd/sz_history/bigdata_warehouse/odms/P20Z10200N0157/bigdata_dw/omics_history_data/sample/63209381DEFA3A0C8B5D8F0E1DE575D4/P17Z10200N0159/genomics/GPYSKUYO5U/variant/snv_shortIndel/avcf/GPYSKUYO5U.allsite.vcf.gz.tbi,/Files/ResultData/Workflow/W202508130007117/24S08310630.bqsr.bam,/Files/ResultData/Workflow/W202507160008563/E-S24707256971/hla/E-S24707256971.hla_typing.txt,/Files/ResultData/Workflow/W202508130007117/24S08310630.bqsr.bam.bai,/Files/sz_history/longrui/pgx/positions.bed,/Files/sz_history/longrui/pgx/pharmcat_positions.vcf.gz,/Files/sz_history/longrui/pgx/pharmcat_positions.vcf.gz.csi,2901225429C,/Files/sz_history/huangfei/BGE/hcWGS/HLA,/Files/sz_history/zhenghaihui/lush,/Files/sz_history/huangfei/BGE/database,megabolt,/Files/sz_history/huangfei/BGE/database/genome/hg38_noalt_withrandom,/Files/sz_history/huangfei/BGE/database/genome/hg38_noalt_withrandom/All_20180418.new.vcf.gz,/Files/sz_history/huangfei/BGE/database/genome/hg38_noalt_withrandom/All_20180418.new.vcf.gz.csi
2901227132C,/zfsms3/ST_STOMICS/STOmics_cloud/odms/prd/sz_history/bigdata_warehouse/odms/P20Z10200N0157/bigdata_dw/omics_history_data/sample/F4BEA96CAE135DC6375F451279F4F8D2/P17Z10200N0159/genomics/VBFS0ZJM2S/variant/snv_shortIndel/avcf/VBFS0ZJM2S.allsite.vcf.gz,/zfsms3/ST_STOMICS/STOmics_cloud/odms/prd/sz_history/bigdata_warehouse/odms/P20Z10200N0157/bigdata_dw/omics_history_data/sample/F4BEA96CAE135DC6375F451279F4F8D2/P17Z10200N0159/genomics/VBFS0ZJM2S/variant/snv_shortIndel/avcf/VBFS0ZJM2S.allsite.vcf.gz.tbi,/Files/ResultData/Workflow/W202508130007117/24S08310630.bqsr.bam,/Files/ResultData/Workflow/W202507160008563/E-S24707256971/hla/E-S24707256971.hla_typing.txt,/Files/ResultData/Workflow/W202508130007117/24S08310630.bqsr.bam.bai,/Files/sz_history/longrui/pgx/positions.bed,/Files/sz_history/longrui/pgx/pharmcat_positions.vcf.gz,/Files/sz_history/longrui/pgx/pharmcat_positions.vcf.gz.csi,2901227132C,/Files/sz_history/huangfei/BGE/hcWGS/HLA,/Files/sz_history/zhenghaihui/lush,/Files/sz_history/huangfei/BGE/database,megabolt,/Files/sz_history/huangfei/BGE/database/genome/hg38_noalt_withrandom,/Files/sz_history/huangfei/BGE/database/genome/hg38_noalt_withrandom/All_20180418.new.vcf.gz,/Files/sz_history/huangfei/BGE/database/genome/hg38_noalt_withrandom/All_20180418.new.vcf.gz.csi
